Running for 400.0 seconds (400 samples at 1.0 second intervals).
Power measurements will start in 0 seconds time.

  Time    User  Nice   Sys  Idle    IO  Run Ctxt/s  IRQ/s Fork Exec Exit  Watts   pkg-0   dram   core   psys   SEN3 pch_co   B0D4 INT340   SEN2   SEN4 x86_pk   SEN5 iwlwif acpitz   SEN1  CPU Freq  Freq Min  Freq Max  GPU Freq
11:45:03   6.3   0.0   0.1  93.7   0.0    2    288   4424    0    0    0 108.68   23.55   1.22  19.16  64.74  51.05  45.00  60.05  20.00  56.05  63.05 100.00  61.05  51.00  60.00  61.05  0.89 GHz  0.80 GHz  4.70 GHz   N/A     
11:45:04   6.3   0.0   0.1  93.7   0.0    2    652   5201    0    0    2 110.63   24.15   1.23  19.73  65.52  51.05  45.00  60.05  20.00  56.05  63.05 100.00  61.05  51.00  60.00  61.05  1.00 GHz  0.80 GHz  4.70 GHz   N/A     
11:45:05   6.3   0.0   0.0  93.7   0.0    2    286   3469    0    0    0 110.23   24.44   1.22  20.05  64.51  51.05  45.00  72.05  20.00  57.05  63.05 100.00  61.05  52.00  72.00  61.05  0.89 GHz  0.80 GHz  4.68 GHz   N/A     
11:45:06   6.3   0.0   0.1  93.6   0.1    2    706   4263    2    2    2 111.71   24.72   1.23  20.28  65.49  51.05  47.00  72.05  20.00  57.05  63.05 100.00  61.05  51.00  72.00  61.05  1.11 GHz  0.80 GHz  4.70 GHz   N/A     
11:45:07   6.3   0.0   0.0  93.7   0.1    2    312   4145    0    0    0 106.38   21.98   1.22  17.57  65.60  51.05  46.00  85.05  20.00  58.05  63.05 100.00  60.05  51.00  85.00  61.05  0.89 GHz  0.80 GHz  4.70 GHz   N/A     
11:45:08   6.3   0.0   0.1  93.6   0.1    2    486   4503    0    0    0 108.68   23.43   1.23  19.01  65.01  51.05  46.00  85.05  20.00  58.05  63.05 100.00  60.05  51.00  85.00  61.05  1.36 GHz  0.80 GHz  4.60 GHz   N/A     
11:45:09   6.3   0.0   0.0  93.7   0.0    2    256   4371    0    0    0 105.21   22.08   1.22  17.68  64.22  52.05  45.00  98.05  20.00  59.05  63.05 100.00  61.05  51.00  98.00  61.05  0.89 GHz  0.80 GHz  4.56 GHz   N/A     
11:45:10   6.3   0.0   0.1  93.7   0.0    2    266   4572    0    0    0 106.14   22.28   1.22  17.86  64.78  52.05  45.00  98.05  20.00  59.05  63.05 100.00  61.05  51.00  98.00  61.05  0.99 GHz  0.80 GHz  4.60 GHz   N/A     
11:45:11   6.3   0.0   0.1  93.6   0.0    2    748   4890    2    2    3 108.27   23.35   1.23  18.95  64.74  52.05  46.00  99.05  20.00  60.05  63.05 100.00  61.05  51.00  99.00  61.05  1.00 GHz  0.80 GHz  4.60 GHz   N/A     
11:45:12   6.3   0.0   0.0  93.7   0.0    2    234   4327    0    0    0 109.06   23.96   1.22  19.57  64.30  52.05  45.00  99.05  20.00  60.05  63.05 100.00  61.05  51.00  99.00  61.05  0.89 GHz  0.80 GHz  4.60 GHz   N/A     
11:45:13   6.3   0.0   0.1  93.7   0.0    2    255   4155    0    0    0 103.89   21.42   1.22  17.02  64.23  53.05  46.00  99.05  20.00  61.05  63.05 100.00  61.05  51.00  99.00  61.05  0.89 GHz  0.80 GHz  4.68 GHz   N/A     
11:45:14   6.3   0.0   0.0  93.7   0.1    2    323   4074    0    0    0 108.70   23.61   1.22  19.20  64.67  53.05  45.00  99.05  20.00  61.05  63.05 100.00  61.05  52.00  99.00  61.05  0.99 GHz  0.80 GHz  4.60 GHz   N/A     
11:45:15   6.3   0.0   0.0  93.7   0.0    2    253   3866    0    0    0 105.58   22.35   1.22  17.96  64.04  53.05  46.00 100.05  20.00  62.05  63.05 100.00  60.05  51.00 100.00  61.05  0.89 GHz  0.80 GHz  4.60 GHz   N/A     
11:45:16   6.3   0.0   0.1  93.6   0.0    2    637   4036    2    2    2 106.50   22.63   1.23  18.24  64.41  53.05  46.00 100.05  20.00  62.05  63.05 100.00  60.05  51.00 100.00  61.05  0.99 GHz  0.80 GHz  4.60 GHz   N/A     
11:45:17   6.3   0.0   0.0  93.7   0.0    2    230   4227    0    0    0 104.85   21.85   1.22  17.45  64.32  53.05  46.00 100.05  20.00  62.05  63.05 100.00  61.05  51.00 100.00  61.05  0.89 GHz  0.80 GHz  4.60 GHz   N/A     
11:45:18   6.3   0.0   0.0  93.7   0.0    2    239   3655    0    0    0 104.29   21.68   1.22  17.29  64.10  53.05  45.00 100.05  20.00  62.05  63.05 100.00  61.05  51.00 100.00  61.05  0.99 GHz  0.80 GHz  4.64 GHz   N/A     
11:45:19   6.3   0.0   0.1  93.7   0.0    2    296   4019    0    0    0 102.87   20.60   1.22  16.23  64.82  53.05  46.00 100.05  20.00  63.05  63.05 100.00  61.05  51.00 100.00  61.05  1.00 GHz  0.80 GHz  4.60 GHz   N/A     
11:45:20   6.3   0.0   0.0  93.7   0.0    2    233   3622    0    0    0 107.95   23.44   1.22  18.99  64.29  53.05  45.00 100.05  20.00  63.05  63.05 100.00  61.05  51.00 100.00  61.05  0.99 GHz  0.80 GHz  4.60 GHz   N/A     
11:45:21   6.3   0.0   0.1  93.6   0.0    2    609   4133    2    2    2 105.08   21.68   1.23  17.28  64.90  54.05  45.00 100.05  20.00  64.05  63.05 100.00  61.05  51.00 100.00  60.05  1.10 GHz  0.80 GHz  4.60 GHz   N/A     
11:45:22   6.3   0.0   0.0  93.7   0.0    2    304   3575    0    0    0 105.61   21.85   1.22  17.53  65.00  54.05  46.00 100.05  20.00  64.05  63.05 100.00  61.05  51.00 100.00  60.05  1.23 GHz  0.80 GHz  4.60 GHz   N/A     
11:45:23   6.3   0.0   0.1  93.7   0.0    2    295   3880    0    0    0 104.65   21.56   1.22  17.07  64.80  54.05  46.00 100.05  20.00  64.05  64.05 100.00  60.05  51.00 100.00  60.05  1.00 GHz  0.80 GHz  4.71 GHz   N/A     
11:45:24   6.3   0.0   0.0  93.7   0.0    2    240   4207    0    0    0 104.80   21.47   1.22  17.08  65.03  54.05  46.00 100.05  20.00  64.05  64.05 100.00  60.05  51.00 100.00  60.05  0.99 GHz  0.80 GHz  4.60 GHz   N/A     
11:45:25   6.3   0.0   0.1  93.6   0.1    2    235   4020    0    0    0 105.59   21.64   1.22  17.22  65.52  54.05  45.00 100.05  20.00  65.05  63.05 100.00  60.05  51.00 100.00  60.05  0.89 GHz  0.80 GHz  4.70 GHz   N/A     
11:45:26   6.3   0.0   0.1  93.6   0.0    2    631   4334    2    2    2 109.48   23.54   1.23  19.15  65.56  54.05  47.00 100.05  20.00  65.05  63.05 100.00  60.05  51.00 100.00  60.05  1.00 GHz  0.80 GHz  4.65 GHz   N/A     
11:45:27   6.3   0.0   0.0  93.7   0.1    2    290   4254    0    0    0 107.72   22.40   1.22  17.96  66.13  55.05  46.00 100.05  20.00  65.05  63.05 100.00  60.05  51.00 100.00  59.05  0.99 GHz  0.80 GHz  4.60 GHz   N/A     
11:45:28   6.3   0.0   0.1  93.6   0.0    2    272   4116    0    0    0 108.12   23.00   1.22  18.65  65.25  55.05  45.00 100.05  20.00  65.05  63.05 100.00  60.05  51.00 100.00  59.05  0.99 GHz  0.80 GHz  4.55 GHz   N/A     
11:45:29   6.3   0.0   0.0  93.7   0.0    2    230   4259    0    0    0 104.50   21.20   1.22  16.77  65.30  55.05  46.00 100.05  20.00  65.05  63.05 100.00  60.05  51.00 100.00  59.05  0.99 GHz  0.80 GHz  4.70 GHz   N/A     
11:45:30   6.3   0.0   0.1  93.6   0.0    2    306   4564    1    0    0 109.29   23.21   1.22  18.79  66.06  55.05  46.00 100.05  20.00  65.05  63.05 100.00  60.05  51.00 100.00  59.05  1.00 GHz  0.80 GHz  4.60 GHz   N/A     
11:45:31   6.3   0.0   0.1  93.6   0.0    2    658   4466    2    2    2 111.81   24.68   1.23  20.29  65.62  55.05  45.00 100.05  20.00  66.05  63.05 100.00  60.05  51.00 100.00  59.05  0.89 GHz  0.80 GHz  4.70 GHz   N/A     
11:45:32   6.3   0.0   0.1  93.6   0.0    2    433   4406    0    0    0 107.96   22.86   1.23  18.46  65.41  55.05  46.00 100.05  20.00  66.05  63.05 100.00  60.05  51.00 100.00  59.05  0.89 GHz  0.80 GHz  4.60 GHz   N/A     
11:45:33   6.3   0.0   0.0  93.7   0.0    2    221   4281    0    0    0 105.23   21.57   1.22  17.18  65.25  55.05  47.00 100.05  20.00  66.05  63.05 100.00  60.05  51.00 100.00  59.05  4.29 GHz  4.20 GHz  4.70 GHz   N/A     
11:45:34   6.3   0.0   0.0  93.7   0.0    2    243   4425    0    0    0 106.96   22.39   1.22  18.00  65.35  55.05  45.00 100.05  20.00  66.05  63.05 100.00  60.05  51.00 100.00  59.05  0.89 GHz  0.80 GHz  4.60 GHz   N/A     
11:45:35   6.3   0.0   0.1  93.6   0.1    2    328   4190    0    0    0 103.35   20.35   1.22  15.93  65.84  55.05  47.00 100.05  20.00  67.05  63.05 100.00  60.05  51.00 100.00  59.05  1.22 GHz  0.80 GHz  4.60 GHz   N/A     
11:45:36   6.3   0.0   0.1  93.6   0.0    2    615   4816    2    2    2 110.21   23.74   1.23  19.34  65.90  55.05  47.00 100.05  20.00  67.05  63.05 100.00  60.05  52.00 100.00  59.05  0.99 GHz  0.80 GHz  4.60 GHz   N/A     
11:45:37   6.3   0.0   0.0  93.7   0.0    2    232   4469    0    0    0 107.37   22.62   1.22  18.24  65.29  55.05  46.00 100.05  20.00  67.05  63.05 100.00  60.05  51.00 100.00  58.05  0.89 GHz  0.80 GHz  4.60 GHz   N/A     
11:45:38   6.3   0.0   0.1  93.7   0.0    2    266   4229    0    0    0 108.59   23.26   1.22  18.87  65.24  55.05  47.00 100.05  20.00  67.05  63.05 100.00  60.05  51.00 100.00  58.05  1.00 GHz  0.80 GHz  4.60 GHz   N/A     
11:45:39   6.3   0.0   0.1  93.7   0.0    2    296   4591    0    0    0 109.78   23.86   1.22  19.47  65.22  56.05  46.00 100.05  20.00  67.05  63.05 100.00  60.05  51.00 100.00  58.05  1.00 GHz  0.80 GHz  4.70 GHz   N/A     
11:45:40   6.3   0.0   0.0  93.7   0.0    2    401   4553    0    0    1 108.67   23.12   1.23  18.73  65.59  56.05  47.00 100.05  20.00  67.05  63.05 100.00  60.05  53.00 100.00  58.05  0.89 GHz  0.80 GHz  4.66 GHz   N/A     
11:45:41   6.3   0.0   0.1  93.7   0.0    2    667   4775    2    2    2 106.67   22.11   1.23  17.72  65.61  55.05  45.00 100.05  20.00  67.05  63.05 100.00  59.05  52.00 100.00  58.05  0.99 GHz  0.80 GHz  4.61 GHz   N/A     
11:45:42   6.3   0.0   0.1  93.6   0.1    2    254   4358    0    0    0 106.94   22.22   1.22  17.81  65.69  55.05  46.00 100.05  20.00  67.05  63.05 100.00  59.05  52.00 100.00  58.05  0.89 GHz  0.80 GHz  4.60 GHz   N/A     
11:45:43   6.3   0.0   0.1  93.7   0.0    2    315   4433    0    0    0 110.84   24.14   1.22  19.73  65.75  56.05  46.00 100.05  20.00  67.05  63.05 100.00  60.05  52.00 100.00  58.05  1.00 GHz  0.80 GHz  4.66 GHz   N/A     
11:45:44   6.3   0.0   0.0  93.7   0.0    2    265   4655    0    0    0 109.71   23.72   1.22  19.33  65.44  56.05  46.00 100.05  20.00  67.05  63.05 100.00  60.05  52.00 100.00  58.05  0.89 GHz  0.80 GHz  4.61 GHz   N/A     
11:45:45   6.3   0.0   0.1  93.7   0.0    2    240   4674    0    0    0 109.21   23.53   1.22  19.14  65.31  56.05  45.00 100.05  20.00  68.05  63.05 100.00  59.05  52.00 100.00  58.05  1.00 GHz  0.80 GHz  4.60 GHz   N/A     
  Time    User  Nice   Sys  Idle    IO  Run Ctxt/s  IRQ/s Fork Exec Exit  Watts   pkg-0   dram   core   psys   SEN3 pch_co   B0D4 INT340   SEN2   SEN4 x86_pk   SEN5 iwlwif acpitz   SEN1  CPU Freq  Freq Min  Freq Max  GPU Freq
11:45:46   6.3   0.0   0.1  93.6   0.0    2    659   4569    2    2    2 107.11   22.40   1.23  18.01  65.46  56.05  46.00 100.05  20.00  68.05  63.05 100.00  59.05  52.00 100.00  58.05  0.89 GHz  0.80 GHz  4.62 GHz   N/A     
11:45:47   6.3   0.0   0.1  93.6   0.1    2    268   4733    0    0    0 106.20   21.85   1.22  17.44  65.69  56.05  45.00 100.05  20.00  68.05  63.05 100.00  59.05  51.00 100.00  58.05  1.00 GHz  0.80 GHz  4.67 GHz   N/A     
11:45:48   6.3   0.0   0.0  93.7   0.0    2    307   4339    1    0    0 106.21   22.06   1.22  17.67  65.25  56.05  46.00 100.05  20.00  68.05  63.05 100.00  59.05  52.00 100.00  58.05  1.22 GHz  0.80 GHz  4.60 GHz   N/A     
11:45:49   6.3   0.0   0.1  93.7   0.0    2    236   4592    0    0    0 105.51   21.61   1.22  17.20  65.49  56.05  46.00 100.05  20.00  68.05  63.05 100.00  59.05  52.00 100.00  57.05  1.00 GHz  0.80 GHz  4.67 GHz   N/A     
11:45:50   6.3   0.0   0.0  93.7   0.0    2    251   4383    0    0    0 109.90   23.96   1.22  19.57  65.14  56.05  46.00 100.05  20.00  68.05  63.05 100.00  59.05  52.00 100.00  57.05  1.23 GHz  0.80 GHz  4.67 GHz   N/A     
11:45:51   6.3   0.0   0.1  93.6   0.0    2    646   4628    2    2    2 107.11   22.40   1.23  18.01  65.47  56.05  45.00 100.05  20.00  68.05  63.05 100.00  59.05  52.00 100.00  57.05  0.99 GHz  0.80 GHz  4.60 GHz   N/A     
11:45:52   6.3   0.0   0.0  93.7   0.0    2    255   4465    0    0    0 108.09   23.07   1.22  18.69  65.11  56.05  45.00 100.05  20.00  68.05  63.05 100.00  59.05  52.00 100.00  57.05  0.99 GHz  0.80 GHz  4.68 GHz   N/A     
11:45:53   6.3   0.0   0.0  93.7   0.0    2    227   4362    0    0    0 108.76   23.38   1.22  19.08  65.08  56.05  45.00 100.05  20.00  68.05  63.05 100.00  59.05  52.00 100.00  57.05  0.89 GHz  0.80 GHz  4.68 GHz   N/A     
11:45:54   6.3   0.0   0.1  93.7   0.0    2    252   4580    0    0    0 109.35   23.77   1.22  19.30  65.05  57.05  45.00 100.05  20.00  68.05  63.05 100.00  59.05  52.00 100.00  57.05  0.99 GHz  0.80 GHz  4.60 GHz   N/A     
11:45:55   6.3   0.0   0.0  93.7   0.0    2    271   4645    0    0    0 108.15   23.05   1.22  18.66  65.22  57.05  45.00 100.05  20.00  68.05  63.05 100.00  59.05  51.00 100.00  57.05  0.99 GHz  0.80 GHz  4.68 GHz   N/A     
11:45:56   6.3   0.0   0.1  93.6   0.0    2    623   4536    2    2    2 106.17   22.00   1.23  17.62  65.32  57.05  45.00 100.05  20.00  69.05  63.05 100.00  59.05  51.00 100.00  57.05  0.89 GHz  0.80 GHz  4.68 GHz   N/A     
11:45:57   6.3   0.0   0.0  93.7   0.0    2    215   4418    0    0    0 106.11   22.13   1.22  17.74  65.02  57.05  45.00 100.05  20.00  69.05  63.05 100.00  59.05  52.00 100.00  57.05  0.89 GHz  0.80 GHz  4.60 GHz   N/A     
11:45:58   6.3   0.0   0.1  93.6   0.1    2    298   4313    0    0    0 111.75   24.58   1.22  20.15  65.80  57.05  47.00 100.05  20.00  68.05  62.05 100.00  59.05  52.00 100.00  57.05  0.99 GHz  0.80 GHz  4.60 GHz   N/A     
11:45:59   6.3   0.0   0.0  93.7   0.0    2    290   4330    0    0    0 109.70   23.66   1.22  19.25  65.56  57.05  45.00 100.05  20.00  68.05  62.05 100.00  59.05  51.00 100.00  57.05  0.99 GHz  0.80 GHz  4.62 GHz   N/A     
11:46:00   6.3   0.0   0.1  93.7   0.0    2    242   4297    0    0    0 106.09   22.06   1.22  17.67  65.14  57.05  46.00 100.05  20.00  69.05  62.05 100.00  59.05  52.00 100.00  57.05  1.11 GHz  0.80 GHz  4.63 GHz   N/A     
11:46:01   6.3   0.0   0.1  93.6   0.0    2    747   4729    2    2    2 110.35   23.99   1.23  19.61  65.51  57.05  45.00 100.05  20.00  69.05  62.05 100.00  59.05  52.00 100.00  57.05  0.89 GHz  0.80 GHz  4.70 GHz   N/A     
11:46:02   6.3   0.0   0.1  93.7   0.0    2    438   4371    0    0    0 109.72   23.84   1.23  19.45  65.22  57.05  46.00 100.05  20.00  69.05  62.05 100.00  59.05  52.00 100.00  57.05  1.23 GHz  0.80 GHz  4.67 GHz   N/A     
11:46:03   6.3   0.0   0.0  93.7   0.0    2    284   4528    0    0    0 110.79   24.17   1.22  19.76  65.64  57.05  46.00 100.05  20.00  69.05  62.05 100.00  59.05  52.00 100.00  57.05  1.00 GHz  0.80 GHz  4.70 GHz   N/A     
11:46:04   6.3   0.0   0.1  93.6   0.1    2    298   4203    0    0    0 108.75   23.24   1.22  18.84  65.45  57.05  45.00 100.05  20.00  69.05  62.05 100.00  59.05  52.00 100.00  57.05  0.89 GHz  0.80 GHz  4.68 GHz   N/A     
11:46:05   6.3   0.0   0.0  93.7   0.0    2    217   4363    0    0    0 109.85   23.92   1.22  19.54  65.17  57.05  45.00 100.05  20.00  69.05  62.05 100.00  59.05  51.00 100.00  57.05  1.11 GHz  0.80 GHz  4.70 GHz   N/A     
11:46:06   6.3   0.0   0.1  93.6   0.0    2    652   4681    2    2    2 110.93   24.15   1.23  19.74  65.80  57.05  47.00 100.05  20.00  69.05  62.05 100.00  58.05  52.00 100.00  57.05  0.89 GHz  0.80 GHz  4.70 GHz   N/A     
11:46:07   6.3   0.0   0.0  93.7   0.0    2    299   4278    0    0    0 105.61   21.82   1.22  17.44  65.13  57.05  45.00 100.05  20.00  69.05  62.05 100.00  58.05  51.00 100.00  57.05  0.89 GHz  0.80 GHz  4.70 GHz   N/A     
11:46:08   6.3   0.0   0.1  93.7   0.0    2    228   4095    0    0    0 107.03   22.58   1.22  18.19  65.04  57.05  47.00 100.05  20.00  69.05  62.05 100.00  59.05  52.00 100.00  57.05  0.89 GHz  0.80 GHz  4.70 GHz   N/A     
11:46:09   6.3   0.0   0.1  93.7   0.0    2    278   4270    0    0    0 110.69   24.37   1.22  19.98  65.11  57.05  45.00 100.05  20.00  69.05  62.05 100.00  59.05  52.00 100.00  57.05  0.99 GHz  0.80 GHz  4.69 GHz   N/A     
11:46:10   6.3   0.0   0.0  93.7   0.0    2    271   4156    0    0    0 108.75   23.45   1.22  19.06  65.01  57.05  45.00 100.05  20.00  69.05  62.05 100.00  58.05  52.00 100.00  56.05  1.70 GHz  0.80 GHz  4.60 GHz   N/A     
11:46:11   6.3   0.0   0.1  93.6   0.0    2    791   4412    2    2    2 110.10   23.57   1.23  19.14  66.16  57.05  45.00 100.05  20.00  69.05  62.05 100.00  58.05  52.00 100.00  56.05  0.89 GHz  0.80 GHz  4.68 GHz   N/A     
11:46:12   6.3   0.0   0.1  93.7   0.0    2    226   4422    0    0    0 109.80   23.87   1.22  19.49  65.21  57.05  46.00 100.05  20.00  69.05  62.05 100.00  58.05  52.00 100.00  56.05  1.00 GHz  0.80 GHz  4.63 GHz   N/A     
11:46:13   6.4   0.0   0.1  93.4   0.2    2   1235   4413    2    0    1 111.15   23.83   1.23  19.39  66.70  57.05  45.00 100.05  20.00  69.05  62.05 100.00  58.05  52.00 100.00  56.05  2.38 GHz  0.80 GHz  4.64 GHz   N/A     
11:46:14   6.4   0.0   0.1  93.3   0.2    2   2339   4479    2    0    2 111.99   24.02   1.23  19.56  67.17  58.05  45.00 100.05  20.00  69.05  62.05 100.00  58.05  53.00 100.00  56.05  2.13 GHz  0.80 GHz  4.70 GHz   N/A     
11:46:15   6.3   0.0   0.1  93.7   0.0    2    763   4470    2    0    2 111.44   24.59   1.23  20.20  65.43  58.05  46.00 100.05  20.00  69.05  62.05 100.00  58.05  52.00 100.00  56.05  2.61 GHz  0.80 GHz  4.69 GHz   N/A     
11:46:16   6.4   0.0   0.1  93.3   0.2    2   1703   4624    2    2    3 114.91   25.68   1.23  21.24  66.76  57.05  46.00 100.05  20.00  69.05  62.05 100.00  58.05  52.00 100.00  56.05  4.32 GHz  4.21 GHz  4.70 GHz   N/A     
11:46:17   6.3   0.0   0.0  93.7   0.0    2    190   4068    0    0    0 109.50   23.61   1.22  19.20  65.47  57.05  46.00 100.05  20.00  69.05  62.05 100.00  58.05  52.00 100.00  56.05  1.10 GHz  0.80 GHz  4.59 GHz   N/A     
11:46:18   6.3   0.0   0.0  93.7   0.0    2    269   4263    0    0    0 108.64   23.14   1.22  18.73  65.54  57.05  46.00 100.05  20.00  69.05  61.05 100.00  58.05  52.00 100.00  56.05  1.35 GHz  0.80 GHz  4.60 GHz   N/A     
11:46:19   6.3   0.0   0.1  93.7   0.0    2    278   3743    0    0    0 111.14   24.70   1.22  20.32  64.90  57.05  46.00 100.05  20.00  69.05  61.05 100.00  58.05  52.00 100.00  56.05  0.89 GHz  0.80 GHz  4.66 GHz   N/A     
11:46:20   6.4   0.0   0.1  93.3   0.3    2   1777   4250    2    0    1 109.21   22.61   1.23  18.14  67.24  57.05  46.00  99.05  20.00  69.05  62.05  99.00  57.05  54.00  99.00  56.05  2.64 GHz  0.80 GHz  4.66 GHz   N/A     
11:46:21   6.4   0.0   0.1  93.4   0.1    2   1865   4593    4    2    4 113.29   24.98   1.23  20.57  66.51  57.05  46.00  99.05  20.00  69.05  62.05 100.00  57.05  52.00  99.00  56.05  1.90 GHz  0.80 GHz  4.71 GHz   N/A     
11:46:22   6.3   0.0   0.1  93.5   0.1    2    945   4445    2    0    2 113.10   25.21   1.23  20.80  65.86  57.05  45.00  99.05  20.00  69.05  62.05 100.00  58.05  52.00  99.00  56.05  1.54 GHz  0.80 GHz  4.70 GHz   N/A     
11:46:23   6.3   0.0   0.1  93.6   0.1    2   1187   4125    0    0    1 110.32   23.81   1.23  19.40  65.87  57.05  47.00  99.05  20.00  69.05  62.05 100.00  58.05  52.00  99.00  56.05  1.11 GHz  0.80 GHz  4.70 GHz   N/A     
11:46:24   6.3   0.0   0.0  93.7   0.0    2    267   3792    0    0    0 113.24   25.60   1.22  21.46  64.96  57.05  46.00 100.05  20.00  69.05  61.05 100.00  58.05  52.00 100.00  56.05  0.99 GHz  0.80 GHz  4.70 GHz   N/A     
11:46:25   6.3   0.0   0.1  93.7   0.0    2    250   3942    0    0    0 111.66   24.76   1.22  20.12  65.56  57.05  45.00 100.05  20.00  69.05  61.05 100.00  58.05  52.00 100.00  56.05  0.89 GHz  0.80 GHz  4.60 GHz   N/A     
11:46:26   6.3   0.0   0.1  93.6   0.0    2    637   4020    2    2    2 106.07   21.97   1.23  17.59  65.29  57.05  45.00 100.05  20.00  69.05  62.05 100.00  58.05  52.00 100.00  56.05  0.99 GHz  0.80 GHz  4.68 GHz   N/A     
11:46:27   6.3   0.0   0.1  93.7   0.0    2    262   3948    0    0    0 106.32   22.25   1.22  17.87  64.97  57.05  45.00 100.05  20.00  69.05  62.05 100.00  58.05  51.00 100.00  56.05  1.00 GHz  0.80 GHz  4.70 GHz   N/A     
11:46:28   6.3   0.0   0.1  93.6   0.1    2    406   3896    0    0    0 108.35   22.90   1.22  18.49  65.73  57.05  47.00 100.05  20.00  69.05  61.05 100.00  57.05  53.00 100.00  56.05  1.22 GHz  0.80 GHz  4.61 GHz   N/A     
11:46:29   6.4   0.0   0.0  93.3   0.3    3   1625   4183    2    0    1 111.49   23.74   1.23  19.28  67.25  57.05  46.00 100.05  20.00  69.05  61.05  99.00  57.05  54.00 100.00  56.05  1.71 GHz  0.80 GHz  4.69 GHz   N/A     
  Time    User  Nice   Sys  Idle    IO  Run Ctxt/s  IRQ/s Fork Exec Exit  Watts   pkg-0   dram   core   psys   SEN3 pch_co   B0D4 INT340   SEN2   SEN4 x86_pk   SEN5 iwlwif acpitz   SEN1  CPU Freq  Freq Min  Freq Max  GPU Freq
11:46:30   6.4   0.0   0.1  93.4   0.1    2   1465   4379    3    0    2 114.96   25.82   1.23  21.39  66.53  57.05  46.00 100.05  20.00  69.05  61.05 100.00  58.05  52.00 100.00  56.05  2.38 GHz  0.80 GHz  4.70 GHz   N/A     
11:46:31   6.3   0.0   0.1  93.5   0.1    2   1326   4640    4    2    4 113.37   25.13   1.23  20.72  66.30  57.05  45.00 100.05  20.00  69.05  61.05  98.00  58.05  52.00 100.00  56.05  1.39 GHz  0.80 GHz  4.70 GHz   N/A     
11:46:32   6.4   0.0   0.1  93.4   0.1    2   1400   4102    0    0    1 108.99   23.03   1.23  18.62  66.11  57.05  45.00 100.05  20.00  69.05  61.05 100.00  57.05  52.00 100.00  56.05  1.00 GHz  0.80 GHz  4.70 GHz   N/A     
11:46:33   6.3   0.0   0.0  93.7   0.0    2    233   4342    0    0    0 108.41   23.21   1.22  18.83  65.15  57.05  46.00 100.05  20.00  69.05  61.05 100.00  57.05  52.00 100.00  56.05  0.89 GHz  0.80 GHz  4.68 GHz   N/A     
11:46:34   6.3   0.0   0.1  93.7   0.0    2    316   3596    0    0    0 105.73   21.92   1.22  17.54  65.04  58.05  47.00 100.05  20.00  70.05  61.05 100.00  58.05  52.00 100.00  56.05  0.99 GHz  0.80 GHz  4.70 GHz   N/A     
11:46:35   6.3   0.0   0.0  93.7   0.0    2    305   4058    1    0    0 110.75   24.20   1.22  19.80  65.53  58.05  45.00 100.05  20.00  70.05  61.05 100.00  58.05  52.00 100.00  56.05  1.00 GHz  0.80 GHz  4.69 GHz   N/A     
11:46:36   6.4   0.0   0.1  93.6   0.0    2    662   3964    2    2    2 108.43   23.11   1.23  18.72  65.37  58.05  47.00  99.05  20.00  69.05  61.05 100.00  58.05  52.00  99.00  56.05  1.00 GHz  0.80 GHz  4.68 GHz   N/A     
11:46:37   6.3   0.0   0.1  93.6   0.1    2    239   3977    0    0    0 106.95   22.33   1.22  17.93  65.47  58.05  45.00  99.05  20.00  69.05  61.05 100.00  58.05  51.00  99.00  56.05  1.11 GHz  0.80 GHz  4.68 GHz   N/A     
11:46:38   6.3   0.0   0.1  93.7   0.0    2    268   3756    0    0    0 110.30   24.17   1.22  19.79  65.11  58.05  45.00 100.05  20.00  70.05  61.05 100.00  57.05  51.00 100.00  56.05  1.11 GHz  0.80 GHz  4.70 GHz   N/A     
11:46:39   6.3   0.0   0.0  93.7   0.0    2    303   4056    0    0    0 108.68   23.16   1.22  19.05  65.24  58.05  45.00 100.05  20.00  70.05  61.05 100.00  57.05  52.00 100.00  56.05  1.00 GHz  0.80 GHz  4.70 GHz   N/A     
11:46:40   6.3   0.0   0.0  93.7   0.0    2    283   4401    0    0    1 109.10   23.59   1.22  18.95  65.33  58.05  45.00 100.05  20.00  70.05  61.05 100.00  57.05  52.00 100.00  55.05  1.10 GHz  0.80 GHz  4.68 GHz   N/A     
11:46:41   6.3   0.0   0.1  93.6   0.0    2    724   3743    2    2    2 110.40   24.05   1.23  19.66  65.46  58.05  45.00 100.05  20.00  70.05  61.05 100.00  57.05  52.00 100.00  55.05  0.89 GHz  0.80 GHz  4.70 GHz   N/A     
11:46:42   6.3   0.0   0.0  93.7   0.0    2    287   3752    0    0    0 110.67   24.17   1.22  19.77  65.50  58.05  46.00  99.05  20.00  69.05  61.05 100.00  57.05  52.00  99.00  55.05  1.23 GHz  0.80 GHz  4.70 GHz   N/A     
11:46:43   6.3   0.0   0.1  93.7   0.0    2    270   4095    0    0    0 108.72   23.35   1.22  18.97  65.17  58.05  46.00  99.05  20.00  69.05  61.05 100.00  57.05  51.00  99.00  55.05  1.00 GHz  0.80 GHz  4.71 GHz   N/A     
11:46:44   6.3   0.0   0.0  93.6   0.1    2    498   4994    0    0    0 108.45   22.82   1.23  18.42  65.98  58.05  46.00  99.05  20.00  69.05  61.05 100.00  57.05  51.00  99.00  55.05  0.89 GHz  0.80 GHz  4.70 GHz   N/A     
11:46:45   6.3   0.0   0.1  93.7   0.0    2    240   3733    0    0    0 107.60   22.84   1.22  18.46  65.08  58.05  45.00  99.05  20.00  69.05  61.05 100.00  57.05  52.00  99.00  55.05  1.11 GHz  0.80 GHz  4.71 GHz   N/A     
11:46:46   6.3   0.0   0.1  93.6   0.0    2    687   3529    2    2    2 108.46   23.13   1.23  18.75  65.35  58.05  45.00  99.05  20.00  69.05  61.05 100.00  57.05  52.00  99.00  55.05  0.89 GHz  0.80 GHz  4.70 GHz   N/A     
11:46:47   6.3   0.0   0.0  93.7   0.0    2    270   3355    0    0    0 105.40   21.86   1.22  17.48  64.83  58.05  45.00  99.05  20.00  69.05  61.05 100.00  57.05  51.00  99.00  55.05  0.89 GHz  0.80 GHz  4.70 GHz   N/A     
11:46:48   6.3   0.0   0.1  93.7   0.0    2    221   3949    0    0    0 110.11   23.97   1.22  19.80  65.11  58.05  45.00  99.05  20.00  70.05  61.05 100.00  57.05  51.00  99.00  55.05  0.99 GHz  0.80 GHz  4.68 GHz   N/A     
11:46:49   6.3   0.0   0.0  93.7   0.0    2    233   3498    0    0    0 110.14   24.23   1.22  19.64  65.04  58.05  47.00  99.05  20.00  70.05  61.05 100.00  57.05  51.00  99.00  55.05  0.89 GHz  0.80 GHz  4.70 GHz   N/A     
11:46:50   6.3   0.0   0.1  93.2   0.3    4   1534   3989    2    0    1 113.24   24.58   1.23  20.11  67.31  58.05  47.00  99.05  20.00  69.05  61.05  99.00  57.05  53.00  99.00  55.05  1.73 GHz  0.80 GHz  4.71 GHz   N/A     
11:46:51   6.5   0.0   0.1  93.4   0.1    2   1653   4971    4    2    4 111.86   24.23   1.23  19.82  66.57  58.05  46.00  99.05  20.00  69.05  61.05  99.00  57.05  53.00  99.00  55.05  1.91 GHz  0.80 GHz  4.70 GHz   N/A     
11:46:52   6.3   0.0   0.1  93.6   0.1    2    965   4662    2    0    2 113.54   25.15   1.23  20.72  66.44  58.05  46.00  99.05  20.00  70.05  60.05  99.00  57.05  52.00  99.00  55.05  1.89 GHz  0.80 GHz  4.68 GHz   N/A     
11:46:53   6.3   0.0   0.1  93.5   0.1    2   1123   3958    0    0    1 109.95   23.60   1.23  19.20  65.92  58.05  45.00  99.05  20.00  70.05  60.05 100.00  57.05  51.00  99.00  55.05  1.37 GHz  0.80 GHz  4.66 GHz   N/A     
11:46:54   6.3   0.0   0.0  93.7   0.0    2    254   3456    0    0    0 107.21   22.69   1.22  18.32  64.98  58.05  47.00  99.05  20.00  70.05  61.05 100.00  57.05  51.00  99.00  55.05  1.00 GHz  0.80 GHz  4.70 GHz   N/A     
11:46:55   6.3   0.0   0.1  93.7   0.0    2    335   3648    0    0    0 109.43   23.71   1.22  19.33  65.16  58.05  47.00  99.05  20.00  70.05  61.05 100.00  57.05  52.00  99.00  55.05  1.37 GHz  0.80 GHz  4.65 GHz   N/A     
11:46:56   6.4   0.0   0.1  93.4   0.1    2   1555   3944    4    2    3 111.31   23.85   1.23  19.42  66.81  58.05  46.00  99.05  20.00  69.05  61.05  99.00  57.05  54.00  99.00  55.05  1.92 GHz  0.80 GHz  4.69 GHz   N/A     
11:46:57   6.4   0.0   0.1  93.4   0.2    2   1852   4653    2    0    2 114.60   25.46   1.23  21.03  66.88  58.05  46.00  99.05  20.00  69.05  61.05 100.00  57.05  52.00  99.00  55.05  1.54 GHz  0.80 GHz  4.70 GHz   N/A     
11:46:58   6.4   0.0   0.1  93.5   0.1    2    766   3497    2    0    4 111.31   24.44   1.23  20.03  65.62  58.05  46.00  99.05  20.00  70.05  60.05 100.00  57.05  52.00  99.00  55.05  4.44 GHz  4.20 GHz  4.70 GHz   N/A     
11:46:59   6.3   0.0   0.1  93.5   0.1    2   1397   4364    0    0    1 109.89   23.10   1.23  18.65  66.91  58.05  46.00  99.05  20.00  70.05  60.05 100.00  57.05  51.00  99.00  55.05  0.89 GHz  0.80 GHz  4.70 GHz   N/A     
11:47:00   6.3   0.0   0.1  93.6   0.0    2    853   4116    0    0    0 108.74   23.13   1.23  18.75  65.64  58.05  46.00  99.05  20.00  69.05  60.05 100.00  57.05  52.00  99.00  55.05  1.10 GHz  0.80 GHz  4.70 GHz   N/A     
11:47:01   6.3   0.0   0.1  93.6   0.0    2    787   4587    2    2    2 109.71   23.42   1.23  19.21  65.85  58.05  46.00  99.05  20.00  69.05  60.05 100.00  57.05  52.00  99.00  55.05  1.86 GHz  0.80 GHz  4.68 GHz   N/A     
11:47:02   6.4   0.0   0.1  93.2   0.2    2   1954   4106    2    0    1 110.71   23.49   1.23  18.86  67.13  57.05  45.00  99.05  20.00  69.05  60.05 100.00  56.05  54.00  99.00  55.05  1.55 GHz  0.80 GHz  4.71 GHz   N/A     
11:47:03   6.3   0.0   0.1  93.6   0.1    3   1458   4435    2    0    2 110.47   23.78   1.23  19.37  66.10  57.05  47.00  99.05  20.00  69.05  60.05 100.00  56.05  52.00  99.00  55.05  1.69 GHz  0.80 GHz  4.69 GHz   N/A     
11:47:04   6.4   0.0   0.1  93.1   0.3    2   2374   5137    2    0    2 114.71   24.79   1.23  20.28  68.41  58.05  46.00  99.05  20.00  69.05  60.05  99.00  57.05  54.00  99.00  55.05  1.88 GHz  0.80 GHz  4.68 GHz   N/A     
11:47:05   6.4   0.0   0.1  93.5   0.1    2   1480   4165    2    0    2 108.53   22.84   1.23  18.44  66.02  58.05  46.00  99.05  20.00  69.05  60.05 100.00  57.05  52.00  99.00  55.05  1.53 GHz  0.80 GHz  4.70 GHz   N/A     
11:47:06   6.4   0.0   0.1  93.4   0.1    2   1553   4635    4    2    4 107.50   21.92   1.23  17.49  66.85  58.05  45.00  99.05  20.00  69.05  60.05 100.00  57.05  52.00  99.00  55.05  1.11 GHz  0.80 GHz  4.71 GHz   N/A     
11:47:07   6.3   0.0   0.1  93.5   0.1    2   1207   4400    0    0    1 112.72   24.95   1.23  20.55  65.99  58.05  46.00  99.05  20.00  69.05  60.05 100.00  57.05  51.00  99.00  55.05  0.89 GHz  0.80 GHz  4.70 GHz   N/A     
11:47:08   6.3   0.0   0.0  93.7   0.0    2    263   3675    0    0    0 107.71   22.88   1.22  18.50  65.11  58.05  46.00  99.05  20.00  70.05  60.05 100.00  56.05  51.00  99.00  55.05  1.11 GHz  0.80 GHz  4.70 GHz   N/A     
11:47:09   6.3   0.0   0.1  93.7   0.0    2    253   3623    0    0    0 110.99   24.35   1.22  19.95  65.46  58.05  46.00  99.05  20.00  70.05  60.05 100.00  56.05  51.00  99.00  55.05  1.37 GHz  0.80 GHz  4.71 GHz   N/A     
11:47:10   6.3   0.0   0.0  93.7   0.0    2    270   4368    0    0    0 109.74   23.56   1.22  19.19  65.76  58.05  45.00  99.05  20.00  69.05  60.05 100.00  56.05  51.00  99.00  55.05  1.12 GHz  0.80 GHz  4.71 GHz   N/A     
11:47:11   6.3   0.0   0.1  93.6   0.0    2    683   3665    2    2    2 108.20   23.00   1.23  18.60  65.37  58.05  45.00  99.05  20.00  69.05  60.05 100.00  56.05  51.00  99.00  55.05  0.99 GHz  0.80 GHz  4.70 GHz   N/A     
11:47:12   6.3   0.0   0.1  93.5   0.1    2   1160   4490    2    0    1 106.46   21.52   1.23  17.09  66.62  57.05  46.00  99.05  20.00  70.05  60.05 100.00  56.05  52.00  99.00  55.05  2.11 GHz  0.80 GHz  4.70 GHz   N/A     
11:47:13   6.4   0.0   0.1  93.3   0.2    3   1862   5545    2    0    2 112.95   24.38   1.23  20.22  67.12  57.05  46.00  99.05  20.00  70.05  60.05  99.00  56.05  52.00  99.00  55.05  2.32 GHz  0.80 GHz  4.68 GHz   N/A     
  Time    User  Nice   Sys  Idle    IO  Run Ctxt/s  IRQ/s Fork Exec Exit  Watts   pkg-0   dram   core   psys   SEN3 pch_co   B0D4 INT340   SEN2   SEN4 x86_pk   SEN5 iwlwif acpitz   SEN1  CPU Freq  Freq Min  Freq Max  GPU Freq
11:47:14   6.4   0.0   0.1  93.4   0.1    2   1457   4995    2    0    3 111.93   24.41   1.23  19.70  66.60  57.05  46.00  99.05  20.00  69.05  60.05  99.00  56.05  51.00  99.00  55.05  2.60 GHz  0.80 GHz  4.69 GHz   N/A     
11:47:15   6.4   0.0   0.1  93.2   0.3    2   2100   6361    2    0    2 111.35   22.91   1.23  18.39  68.82  57.05  46.00  99.05  20.00  69.05  60.05  99.00  56.05  52.00  99.00  55.05  1.91 GHz  0.80 GHz  4.71 GHz   N/A     
11:47:16   6.4   0.0   0.1  93.4   0.1    2   2056   5968    4    2    4 116.01   26.04   1.24  21.62  67.12  58.05  46.00  99.05  20.00  69.05  60.05  99.00  57.05  51.00  99.00  55.05  3.27 GHz  0.80 GHz  4.70 GHz   N/A     
11:47:17   6.4   0.0   0.1  93.4   0.1    2   1130   5824    2    0    2 109.36   22.67   1.23  18.22  67.23  58.05  45.00  99.05  20.00  69.05  60.05  99.00  57.05  52.00  99.00  55.05  2.89 GHz  0.80 GHz  4.70 GHz   N/A     
11:47:18   6.3   0.0   0.0  93.6   0.1    2   1080   5509    0    0    1 111.84   24.33   1.23  19.92  66.36  58.05  45.00  99.05  20.00  70.05  60.05 100.00  56.05  51.00  99.00  55.05  0.89 GHz  0.80 GHz  4.70 GHz   N/A     
11:47:19   6.3   0.0   0.1  93.7   0.0    2    292   4559    0    0    0 108.66   23.24   1.22  18.87  65.34  58.05  45.00  99.05  20.00  70.05  60.05 100.00  56.05  51.00  99.00  55.05  1.00 GHz  0.80 GHz  4.70 GHz   N/A     
11:47:20   6.3   0.0   0.0  93.7   0.1    2    296   5458    0    0    0 108.01   22.55   1.22  18.15  66.08  58.05  46.00  99.05  20.00  70.05  60.05 100.00  56.05  51.00  99.00  55.05  1.53 GHz  0.80 GHz  4.71 GHz   N/A     
11:47:21   6.3   0.0   0.1  93.6   0.0    2    807   4714    2    2    2 112.26   24.85   1.23  20.47  65.72  58.05  45.00  99.05  20.00  70.05  60.05 100.00  56.05  51.00  99.00  55.05  0.89 GHz  0.80 GHz  4.70 GHz   N/A     
11:47:22   6.3   0.0   0.1  93.7   0.0    2    263   6215    0    0    0 110.78   24.04   1.22  19.66  65.85  58.05  46.00  99.05  20.00  70.05  60.05 100.00  56.05  51.00  99.00  55.05  4.33 GHz  4.20 GHz  4.70 GHz   N/A     
11:47:23   6.3   0.0   0.0  93.7   0.0    2    281   5091    0    0    0 109.58   23.43   1.22  19.03  65.89  58.05  45.00  99.05  20.00  70.05  60.05 100.00  56.05  51.00  99.00  55.05  0.89 GHz  0.80 GHz  4.70 GHz   N/A     
11:47:24   6.3   0.0   0.1  93.6   0.1    2    255   4458    0    0    0 108.45   22.91   1.22  18.51  65.80  58.05  45.00  99.05  20.00  69.05  60.05 100.00  56.05  51.00  99.00  55.05  0.89 GHz  0.80 GHz  4.70 GHz   N/A     
11:47:25   6.3   0.0   0.0  93.7   0.0    2    224   4284    0    0    0 110.62   24.21   1.22  19.83  65.36  58.05  45.00  99.05  20.00  69.05  60.05 100.00  56.05  51.00  99.00  55.05  0.99 GHz  0.80 GHz  4.70 GHz   N/A     
11:47:26   6.3   0.0   0.1  93.6   0.0    2    667   5289    2    2    2 111.37   24.34   1.23  19.96  65.85  58.05  45.00  99.05  20.00  70.05  60.05 100.00  56.05  51.00  99.00  55.05  1.00 GHz  0.80 GHz  4.70 GHz   N/A     
11:47:27   6.3   0.0   0.0  93.7   0.0    2    265   5434    0    0    0 108.57   22.90   1.22  18.50  65.94  58.05  46.00  99.05  20.00  70.05  60.05 100.00  56.05  51.00  99.00  55.05  0.99 GHz  0.80 GHz  4.68 GHz   N/A     
11:47:28   6.3   0.0   0.1  93.7   0.0    2    235   5136    0    0    0 111.89   24.75   1.22  20.37  65.54  58.05  45.00  99.05  20.00  70.05  60.05  99.00  56.05  51.00  99.00  55.05  0.89 GHz  0.80 GHz  4.68 GHz   N/A     
11:47:29   6.3   0.0   0.0  93.7   0.0    2    222   5069    0    0    0 109.56   23.59   1.22  19.22  65.53  58.05  45.00  99.05  20.00  70.05  60.05 100.00  56.05  51.00  99.00  55.05  0.99 GHz  0.80 GHz  4.68 GHz   N/A     
11:47:30   6.3   0.0   0.0  93.7   0.0    2    250   5934    0    0    0 110.93   24.08   1.22  19.71  65.92  58.05  45.00  99.05  20.00  69.05  60.05 100.00  56.05  51.00  99.00  55.05  1.10 GHz  0.80 GHz  4.70 GHz   N/A     
11:47:31   6.3   0.0   0.1  93.6   0.0    2    657   4530    2    2    2 109.20   23.19   1.23  18.79  66.00  58.05  45.00  99.05  20.00  69.05  60.05 100.00  56.05  51.00  99.00  55.05  0.99 GHz  0.80 GHz  4.70 GHz   N/A     
11:47:32   6.3   0.0   0.1  93.6   0.1    2    680   4388    0    0    0 107.47   22.35   1.23  17.95  65.95  58.05  46.00  99.05  20.00  69.05  60.05 100.00  56.05  51.00  99.00  54.05  0.89 GHz  0.80 GHz  4.70 GHz   N/A     
11:47:33   6.3   0.0   0.1  93.7   0.0    2    254   4303    0    0    0 107.12   22.51   1.22  18.13  65.26  58.05  45.00  99.05  20.00  69.05  60.05 100.00  56.05  51.00  99.00  54.05  1.11 GHz  0.80 GHz  4.70 GHz   N/A     
11:47:34   6.4   0.0   0.0  93.6   0.0    2    358   5889    1    0    0 112.15   24.43   1.22  20.03  66.47  58.05  45.00  99.05  20.00  69.05  60.05 100.00  56.05  51.00  99.00  54.05  1.00 GHz  0.80 GHz  4.70 GHz   N/A     
11:47:35   6.3   0.0   0.1  93.7   0.0    2    287   5320    0    0    0 108.48   23.05   1.22  18.67  65.54  58.05  45.00  99.05  20.00  69.05  60.05 100.00  56.05  51.00  99.00  54.05  1.37 GHz  0.80 GHz  4.72 GHz   N/A     
11:47:36   6.3   0.0   0.1  93.7   0.0    2    632   4900    2    2    2 112.23   24.83   1.23  20.45  65.73  57.05  45.00  99.05  20.00  69.05  59.05 100.00  56.05  51.00  99.00  54.05  0.99 GHz  0.80 GHz  4.70 GHz   N/A     
11:47:37   6.3   0.0   0.1  93.7   0.0    2    225   5581    0    0    0 107.78   22.60   1.22  18.23  65.73  57.05  45.00  99.05  20.00  69.05  59.05  99.00  56.05  51.00  99.00  54.05  1.00 GHz  0.80 GHz  4.70 GHz   N/A     
11:47:38   6.3   0.0   0.0  93.7   0.0    2    262   5179    0    0    0 109.21   23.40   1.22  19.02  65.56  57.05  45.00  99.05  20.00  69.05  59.05 100.00  56.05  51.00  99.00  54.05  1.10 GHz  0.80 GHz  4.70 GHz   N/A     
11:47:39   6.3   0.0   0.1  93.6   0.1    2    321   5468    0    0    0 111.97   24.38   1.22  19.95  66.41  57.05  45.00  99.05  20.00  69.05  59.05 100.00  56.05  51.00  99.00  54.05  1.11 GHz  0.80 GHz  4.70 GHz   N/A     
11:47:40   6.3   0.0   0.1  93.7   0.0    2    281   5137    0    0    0 110.92   24.23   1.22  19.86  65.60  57.05  45.00  99.05  20.00  69.05  59.05 100.00  56.05  51.00  99.00  54.05  1.11 GHz  0.80 GHz  4.69 GHz   N/A     
11:47:41   6.3   0.0   0.1  93.7   0.0    2    712   5218    2    2    2 109.22   23.26   1.23  18.88  65.86  57.05  45.00  99.05  20.00  69.05  59.05  99.00  56.05  51.00  99.00  54.05  4.28 GHz  4.20 GHz  4.70 GHz   N/A     
11:47:42   6.3   0.0   0.1  93.7   0.0    2    239   4802    0    0    0 108.93   23.23   1.22  18.86  65.62  57.05  44.00  99.05  20.00  69.05  59.05  99.00  55.05  52.00  99.00  54.05  0.89 GHz  0.80 GHz  4.70 GHz   N/A     
11:47:43   6.3   0.0   0.1  93.7   0.0    2    295   4638    0    0    0 108.49   23.13   1.22  18.75  65.38  57.05  45.00  99.05  20.00  69.05  59.05 100.00  55.05  51.00  99.00  54.05  0.89 GHz  0.80 GHz  4.70 GHz   N/A     
11:47:44   6.3   0.0   0.0  93.7   0.0    2    272   4198    0    0    1 109.71   23.81   1.22  19.44  65.25  57.05  45.00  99.05  20.00  69.05  59.05  99.00  56.05  51.00  99.00  54.05  0.89 GHz  0.80 GHz  4.68 GHz   N/A     
11:47:45   6.3   0.0   0.1  93.6   0.1    2    259   4624    0    0    0 110.82   24.09   1.22  19.69  65.82  57.05  45.00  99.05  20.00  69.05  59.05  99.00  56.05  51.00  99.00  54.05  0.99 GHz  0.80 GHz  4.68 GHz   N/A     
11:47:46   6.3   0.0   0.1  93.7   0.0    2    657   4692    2    2    2 111.48   24.15   1.23  19.73  66.37  57.05  45.00  99.05  20.00  69.05  59.05 100.00  55.05  51.00  99.00  54.05  0.89 GHz  0.80 GHz  4.70 GHz   N/A     
11:47:47   6.3   0.0   0.1  93.7   0.0    2    260   4652    0    0    0 108.26   23.08   1.22  18.71  65.25  57.05  45.00  99.05  20.00  69.05  59.05  99.00  55.05  51.00  99.00  54.05  1.00 GHz  0.80 GHz  4.70 GHz   N/A     
11:47:48   6.3   0.0   0.0  93.7   0.0    2    228   4534    0    0    0 104.96   21.41   1.22  17.04  65.28  57.05  45.00  99.05  20.00  69.05  59.05  99.00  55.05  51.00  99.00  54.05  0.89 GHz  0.80 GHz  4.70 GHz   N/A     
11:47:49   6.3   0.0   0.1  93.7   0.0    2    266   5262    0    0    0 109.15   23.37   1.22  18.99  65.57  57.05  46.00  99.05  20.00  69.05  59.05  99.00  55.05  51.00  99.00  54.05  1.51 GHz  0.80 GHz  4.70 GHz   N/A     
11:47:50   6.3   0.0   0.0  93.7   0.0    2    235   5132    0    0    0 108.67   23.24   1.22  18.87  65.34  58.05  45.00  99.05  20.00  69.05  59.05  99.00  55.05  51.00  99.00  54.05  1.37 GHz  0.80 GHz  4.70 GHz   N/A     
11:47:51   6.3   0.0   0.1  93.6   0.1    2    708   4898    2    2    2 109.46   23.31   1.23  18.91  66.01  58.05  44.00  99.05  20.00  69.05  59.05 100.00  55.05  51.00  99.00  54.05  0.89 GHz  0.80 GHz  4.68 GHz   N/A     
11:47:52   6.3   0.0   0.1  93.7   0.0    2    244   4270    0    0    0 107.88   22.91   1.22  18.54  65.20  57.05  45.00  99.05  20.00  69.05  59.05  99.00  55.05  51.00  99.00  54.05  1.00 GHz  0.80 GHz  4.70 GHz   N/A     
11:47:53   6.3   0.0   0.1  93.7   0.0    2    214   3421    0    0    0 110.91   24.54   1.22  20.17  64.98  57.05  45.00  99.05  20.00  69.05  59.05  99.00  55.05  51.00  99.00  54.05  0.89 GHz  0.80 GHz  4.70 GHz   N/A     
11:47:54   6.3   0.0   0.0  93.7   0.1    2    279   4011    0    0    0 108.86   23.06   1.22  18.64  65.93  58.05  45.00  99.05  20.00  70.05  59.05  99.00  55.05  51.00  99.00  54.05  1.00 GHz  0.80 GHz  4.72 GHz   N/A     
11:47:55   6.3   0.0   0.1  93.7   0.0    2    266   3937    0    0    0 110.62   24.34   1.22  19.96  65.10  58.05  45.00  99.05  20.00  70.05  59.05 100.00  55.05  51.00  99.00  54.05  0.99 GHz  0.80 GHz  4.70 GHz   N/A     
11:47:56   6.3   0.0   0.1  93.6   0.0    2    731   4240    2    2    2 111.31   24.55   1.23  20.17  65.36  57.05  45.00  99.05  20.00  69.05  59.05 100.00  55.05  51.00  99.00  54.05  1.11 GHz  0.80 GHz  4.70 GHz   N/A     
11:47:57   6.3   0.0   0.1  93.7   0.0    2    234   3928    0    0    0 108.31   23.18   1.22  18.88  65.03  57.05  45.00  99.05  20.00  69.05  59.05 100.00  55.05  51.00  99.00  54.05  1.22 GHz  0.80 GHz  4.70 GHz   N/A     
  Time    User  Nice   Sys  Idle    IO  Run Ctxt/s  IRQ/s Fork Exec Exit  Watts   pkg-0   dram   core   psys   SEN3 pch_co   B0D4 INT340   SEN2   SEN4 x86_pk   SEN5 iwlwif acpitz   SEN1  CPU Freq  Freq Min  Freq Max  GPU Freq
11:47:58   6.3   0.0   0.0  93.7   0.0    2    243   3689    0    0    0 107.67   22.93   1.22  18.48  65.03  58.05  44.00  99.05  20.00  69.05  59.05  99.00  55.05  51.00  99.00  54.05  1.11 GHz  0.80 GHz  4.70 GHz   N/A     
11:47:59   6.3   0.0   0.1  93.6   0.1    2    291   4072    0    0    0 109.61   23.63   1.22  19.23  65.53  58.05  45.00  99.05  20.00  69.05  59.05 100.00  55.05  51.00  99.00  54.05  0.99 GHz  0.80 GHz  4.70 GHz   N/A     
11:48:00   6.3   0.0   0.0  93.7   0.0    2    313   3740    0    0    0 107.98   22.95   1.23  18.70  65.11  57.05  44.00  99.05  20.00  69.05  59.05  99.00  55.05  51.00  99.00  54.05  1.24 GHz  0.80 GHz  4.70 GHz   N/A     
11:48:01   6.3   0.0   0.1  93.6   0.0    2    698   4402    2    2    2 108.78   23.26   1.23  18.77  65.53  57.05  45.00  99.05  20.00  69.05  59.05 100.00  55.05  51.00  99.00  54.05  0.99 GHz  0.80 GHz  4.68 GHz   N/A     
11:48:02   6.3   0.0   0.1  93.6   0.0    2    460   3364    0    0    0 107.88   22.80   1.23  18.40  65.46  57.05  44.00  99.05  20.00  69.05  59.05  99.00  55.05  51.00  99.00  54.05  1.10 GHz  0.80 GHz  4.70 GHz   N/A     
11:48:03   6.3   0.0   0.0  93.7   0.0    2    280   3337    0    0    0 109.67   23.76   1.22  19.37  65.32  57.05  45.00  99.05  20.00  69.05  59.05  99.00  55.05  51.00  99.00  54.05  0.89 GHz  0.80 GHz  4.70 GHz   N/A     
11:48:04   6.3   0.0   0.1  93.7   0.0    2    274   3960    0    0    0 107.98   23.05   1.22  18.68  65.03  57.05  44.00  99.05  20.00  69.05  59.05  99.00  55.05  51.00  99.00  54.05  1.00 GHz  0.80 GHz  4.70 GHz   N/A     
11:48:05   6.3   0.0   0.0  93.7   0.1    2    265   3542    0    0    0 105.63   21.88   1.22  17.51  65.01  57.05  45.00  99.05  20.00  69.05  59.05  99.00  55.05  51.00  99.00  54.05  1.37 GHz  0.80 GHz  4.70 GHz   N/A     
11:48:06   6.3   0.0   0.1  93.6   0.0    2    647   3698    2    2    2 111.65   24.62   1.23  20.23  65.57  57.05  44.00  99.05  20.00  69.05  58.05 100.00  55.05  51.00  99.00  54.05  0.89 GHz  0.80 GHz  4.70 GHz   N/A     
11:48:07   6.3   0.0   0.0  93.7   0.0    2    314   3539    0    0    0 108.42   23.25   1.22  18.88  65.07  57.05  45.00  99.05  20.00  69.05  58.05  99.00  55.05  51.00  99.00  54.05  0.89 GHz  0.80 GHz  4.70 GHz   N/A     
11:48:08   6.3   0.0   0.1  93.7   0.0    2    280   3279    0    0    0 107.48   22.68   1.22  18.29  65.28  57.05  44.00  99.05  20.00  69.05  58.05 100.00  55.05  51.00  99.00  54.05  0.89 GHz  0.80 GHz  4.70 GHz   N/A     
11:48:09   6.3   0.0   0.1  93.7   0.0    2    247   3285    0    0    0 108.44   23.32   1.22  18.95  64.95  57.05  45.00  99.05  20.00  69.05  58.05  99.00  55.05  52.00  99.00  54.05  0.89 GHz  0.80 GHz  4.70 GHz   N/A     
11:48:10   6.3   0.0   0.0  93.7   0.0    2    319   3026    0    0    0 111.69   24.97   1.23  20.60  64.89  57.05  44.00  99.05  20.00  69.05  58.05  99.00  55.05  51.00  99.00  54.05  1.38 GHz  0.80 GHz  4.70 GHz   N/A     
11:48:11   6.3   0.0   0.1  93.6   0.0    2    734   2930    2    2    2 105.51   21.76   1.23  17.39  65.12  57.05  45.00  99.05  20.00  69.05  58.05  99.00  55.05  51.00  99.00  54.05  0.89 GHz  0.80 GHz  4.70 GHz   N/A     
11:48:12   6.3   0.0   0.0  93.7   0.0    2    220   2576    0    0    0 108.90   23.71   1.22  19.34  64.63  57.05  44.00  99.05  20.00  69.05  59.05 100.00  55.05  51.00  99.00  54.05  1.00 GHz  0.80 GHz  4.70 GHz   N/A     
11:48:13   6.3   0.0   0.1  93.7   0.0    2    224   2138    0    0    0 106.97   22.79   1.22  18.43  64.52  57.05  45.00  99.05  20.00  69.05  59.05  99.00  55.05  51.00  99.00  54.05  1.23 GHz  0.80 GHz  4.70 GHz   N/A     
11:48:14   6.3   0.0   0.0  93.7   0.0    2    232   2250    0    0    0 107.96   23.08   1.22  18.69  64.96  58.05  44.00  99.05  20.00  69.05  59.05  99.00  55.05  50.00  99.00  54.05  1.00 GHz  0.80 GHz  4.70 GHz   N/A     
11:48:15   6.3   0.0   0.1  93.5   0.1    2    560   2971    1    0    0 111.94   24.62   1.23  20.20  65.90  58.05  45.00  99.05  20.00  69.05  59.05  99.00  55.05  51.00  99.00  54.05  0.99 GHz  0.80 GHz  4.70 GHz   N/A     
11:48:16   6.3   0.0   0.1  93.6   0.0    2    649   2804    2    2    2 104.01   21.10   1.23  16.73  64.95  57.05  45.00  99.05  20.00  69.05  59.05 100.00  55.05  51.00  99.00  54.05  1.00 GHz  0.80 GHz  4.70 GHz   N/A     
11:48:17   6.3   0.0   0.0  93.7   0.0    2    215   2298    0    0    0 105.41   22.00   1.22  17.63  64.56  57.05  46.00  99.05  20.00  69.05  59.05  99.00  55.05  51.00  99.00  54.05  1.00 GHz  0.80 GHz  4.70 GHz   N/A     
11:48:18   6.3   0.0   0.1  93.7   0.0    2    228   2818    0    0    0 108.68   23.55   1.22  19.18  64.72  57.05  45.00  99.05  20.00  69.05  59.05  99.00  55.05  51.00  99.00  54.05  1.38 GHz  0.80 GHz  4.70 GHz   N/A     
11:48:19   6.3   0.0   0.0  93.7   0.0    2    278   2452    0    0    0 107.70   23.14   1.22  18.78  64.55  57.05  45.00  99.05  20.00  69.05  59.05  99.00  55.05  50.00  99.00  54.05  0.89 GHz  0.80 GHz  4.70 GHz   N/A     
11:48:20   6.2   0.0   0.1  93.6   0.1    2    264   1743    0    0    0 107.70   22.89   1.22  18.48  65.10  57.05  45.00  99.05  20.00  69.05  58.05 100.00  55.05  51.00  99.00  54.05  1.00 GHz  0.80 GHz  4.70 GHz   N/A     
11:48:21   6.3   0.0   0.1  93.6   0.0    2    621   2253    2    2    2 111.04   24.35   1.23  19.93  65.53  57.05  44.00  99.05  20.00  69.05  58.05 100.00  55.05  50.00  99.00  54.05  1.22 GHz  0.80 GHz  4.70 GHz   N/A     
11:48:22   6.2   0.0   0.1  93.7   0.0    2    246   1573    0    0    0 107.67   23.24   1.22  18.88  64.32  57.05  44.00  99.05  20.00  69.05  59.05  99.00  55.05  50.00  99.00  54.05  0.89 GHz  0.80 GHz  4.70 GHz   N/A     
11:48:23   6.3   0.0   0.0  93.7   0.0    2    258   1664    0    0    0 108.20   23.52   1.22  19.16  64.30  57.05  45.00  99.05  20.00  69.05  59.05  99.00  55.05  50.00  99.00  54.05  1.00 GHz  0.80 GHz  4.70 GHz   N/A     
11:48:24   6.2   0.0   0.1  93.7   0.0    2    243   1477    0    0    0 104.74   21.82   1.22  17.45  64.25  57.05  44.00  99.05  20.00  69.05  58.05  99.00  55.05  50.00  99.00  54.05  1.00 GHz  0.80 GHz  4.71 GHz   N/A     
11:48:25   6.3   0.0   0.0  93.7   0.0    2    244   1272    0    0    0 107.06   22.97   1.22  18.60  64.26  57.05  44.00  99.05  20.00  69.05  58.05  99.00  55.05  51.00  99.00  54.05  0.89 GHz  0.80 GHz  4.70 GHz   N/A     
11:48:26   6.3   0.0   0.1  93.6   0.1    2    730   1626    2    2    2 108.29   23.41   1.23  19.04  64.61  57.05  45.00  98.05  20.00  68.05  58.05  99.00  55.05  50.00  98.00  54.05  1.54 GHz  0.80 GHz  4.71 GHz   N/A     
11:48:27   6.2   0.0   0.1  93.7   0.0    2    251   1372    0    0    0 108.03   23.29   1.22  18.91  64.61  57.05  43.00  98.05  20.00  68.05  58.05  99.00  55.05  50.00  98.00  54.05  0.89 GHz  0.80 GHz  4.70 GHz   N/A     
11:48:28   6.3   0.0   0.0  93.7   0.0    2    248   1368    0    0    0 106.36   22.58   1.22  18.30  64.26  57.05  43.00  98.05  20.00  69.05  58.05  99.00  55.05  50.00  98.00  54.05  1.00 GHz  0.80 GHz  4.72 GHz   N/A     
11:48:29   6.3   0.0   0.0  93.7   0.0    2    260   1287    0    0    0 108.93   23.95   1.22  19.49  64.27  57.05  45.00  98.05  20.00  69.05  58.05  99.00  55.05  51.00  98.00  54.05  1.11 GHz  0.80 GHz  4.70 GHz   N/A     
11:48:30   6.2   0.0   0.1  93.7   0.0    2    248   1264    0    0    0 107.34   23.10   1.22  18.74  64.28  57.05  45.00  98.05  20.00  68.05  58.05  99.00  55.05  51.00  98.00  54.05  1.00 GHz  0.80 GHz  4.72 GHz   N/A     
11:48:31   6.3   0.0   0.1  93.6   0.0    2    636   1542    2    2    2 104.89   21.71   1.23  17.47  64.48  57.05  45.00  98.05  20.00  68.05  58.05  99.00  55.05  50.00  98.00  54.05  1.00 GHz  0.80 GHz  4.70 GHz   N/A     
11:48:32   6.3   0.0   0.1  93.7   0.0    2    431   1354    0    0    0 105.51   22.21   1.23  17.71  64.37  57.05  45.00  98.05  20.00  69.05  58.05  99.00  55.05  50.00  98.00  54.05  0.89 GHz  0.80 GHz  4.70 GHz   N/A     
11:48:33   6.2   0.0   0.1  93.7   0.0    2    234   1270    0    0    0 107.47   23.05   1.22  18.66  64.53  57.05  45.00  98.05  20.00  69.05  58.05  99.00  55.05  50.00  98.00  54.05  0.89 GHz  0.80 GHz  4.70 GHz   N/A     
11:48:34   6.3   0.0   0.0  93.7   0.1    2    261   1311    0    0    0 106.28   22.42   1.22  18.03  64.60  57.05  44.00  98.05  20.00  68.05  58.05  99.00  55.05  49.00  98.00  53.05  1.00 GHz  0.80 GHz  4.70 GHz   N/A     
11:48:35   6.2   0.0   0.1  93.7   0.0    2    264   1317    0    0    0 107.02   22.98   1.22  18.61  64.20  57.05  43.00  98.05  20.00  68.05  58.05  99.00  55.05  49.00  98.00  53.05  0.89 GHz  0.80 GHz  4.70 GHz   N/A     
11:48:36   6.5   0.0   0.1  93.4   0.0    2    820   1726    3    2    2 108.97   23.41   1.23  19.01  65.32  57.05  44.00  98.05  20.00  69.05  58.05  99.00  55.05  51.00  98.00  53.05  0.89 GHz  0.80 GHz  4.70 GHz   N/A     
11:48:37   6.3   0.0   0.0  93.7   0.0    2    255   1280    0    0    0 104.91   21.92   1.22  17.55  64.22  57.05  45.00  98.05  20.00  69.05  58.05  99.00  55.05  51.00  98.00  53.05  1.11 GHz  0.80 GHz  4.71 GHz   N/A     
11:48:38   6.2   0.0   0.1  93.7   0.0    2    234   1253    0    0    0 107.27   23.09   1.22  18.73  64.23  57.05  45.00  98.05  20.00  69.05  58.05  99.00  55.05  50.00  98.00  53.05  1.11 GHz  0.80 GHz  4.70 GHz   N/A     
11:48:39   6.2   0.0   0.1  93.7   0.0    2    300   1318    0    0    0 107.36   22.97   1.22  18.58  64.58  57.05  45.00  98.05  20.00  69.05  58.05  99.00  55.05  49.00  98.00  53.05  0.89 GHz  0.80 GHz  4.70 GHz   N/A     
11:48:40   6.3   0.0   0.0  93.7   0.0    2    226   1270    0    0    0 106.53   22.75   1.22  18.38  64.18  57.05  45.00  98.05  20.00  69.05  58.05  99.00  55.05  49.00  98.00  53.05  1.00 GHz  0.80 GHz  4.70 GHz   N/A     
11:48:41   6.3   0.0   0.1  93.6   0.0    2    687   1512    2    2    2 106.82   22.50   1.23  18.10  65.00  57.05  44.00  98.05  20.00  69.05  58.05  99.00  55.05  49.00  98.00  53.05  1.00 GHz  0.80 GHz  4.70 GHz   N/A     
  Time    User  Nice   Sys  Idle    IO  Run Ctxt/s  IRQ/s Fork Exec Exit  Watts   pkg-0   dram   core   psys   SEN3 pch_co   B0D4 INT340   SEN2   SEN4 x86_pk   SEN5 iwlwif acpitz   SEN1  CPU Freq  Freq Min  Freq Max  GPU Freq
11:48:42   6.3   0.0   0.0  93.7   0.0    2    235   1257    0    0    0 105.57   22.26   1.22  17.90  64.19  57.05  44.00  98.05  20.00  69.05  58.05  99.00  55.05  51.00  98.00  53.05  1.00 GHz  0.80 GHz  4.70 GHz   N/A     
11:48:43   6.2   0.0   0.1  93.7   0.0    2    301   1306    0    0    0 105.62   22.27   1.22  17.90  64.22  57.05  43.00  98.05  20.00  69.05  58.05  99.00  55.05  51.00  98.00  53.05  0.89 GHz  0.80 GHz  4.70 GHz   N/A     
11:48:44   6.3   0.0   0.0  93.7   0.0    2    242   1292    0    0    0 110.19   24.56   1.22  20.19  64.22  57.05  44.00  98.05  20.00  69.05  58.05  99.00  55.05  50.00  98.00  53.05  1.00 GHz  0.80 GHz  4.71 GHz   N/A     
11:48:45   6.2   0.0   0.1  93.7   0.0    2    227   1237    0    0    0 103.97   21.47   1.22  17.10  64.18  57.05  45.00  98.05  20.00  68.05  58.05  99.00  55.05  50.00  98.00  53.05  1.11 GHz  0.80 GHz  4.70 GHz   N/A     
11:48:46   6.3   0.0   0.1  93.6   0.0    2    652   1556    2    2    3 108.23   23.25   1.23  18.86  64.89  57.05  44.00  98.05  20.00  68.05  58.05  99.00  55.05  49.00  98.00  53.05  0.89 GHz  0.80 GHz  4.70 GHz   N/A     
11:48:47   6.2   0.0   0.1  93.7   0.0    2    258   1271    0    0    0 108.12   23.55   1.22  19.19  64.15  57.05  45.00  98.05  20.00  68.05  58.05  99.00  55.05  49.00  98.00  53.05  0.89 GHz  0.80 GHz  4.70 GHz   N/A     
11:48:48   6.3   0.0   0.0  93.7   0.0    2    218   1258    0    0    0 104.97   21.98   1.22  17.61  64.16  57.05  43.00  98.05  20.00  68.05  58.05  99.00  55.05  49.00  98.00  53.05  1.00 GHz  0.80 GHz  4.71 GHz   N/A     
11:48:49   6.2   0.0   0.1  93.6   0.1    2    283   1289    0    0    0 107.83   23.18   1.22  18.79  64.63  57.05  45.00  98.05  20.00  69.05  58.05  99.00  55.05  51.00  98.00  53.05  1.12 GHz  0.80 GHz  4.71 GHz   N/A     
11:48:50   6.2   0.0   0.1  93.7   0.0    2    218   1228    0    0    0 109.35   24.19   1.22  19.82  64.11  57.05  44.00  98.05  20.00  69.05  58.05  99.00  55.05  50.00  98.00  53.05  1.00 GHz  0.80 GHz  4.70 GHz   N/A     
11:48:51   6.3   0.0   0.1  93.6   0.0    2    647   1558    2    2    2 105.71   22.21   1.23  17.84  64.44  57.05  43.00  98.05  20.00  68.05  58.05  99.00  55.05  49.00  98.00  53.05  0.89 GHz  0.80 GHz  4.70 GHz   N/A     
11:48:52   6.3   0.0   0.0  93.7   0.0    2    210   1235    0    0    0 106.17   22.59   1.22  18.22  64.14  57.05  45.00  98.05  20.00  68.05  58.05  99.00  55.05  49.00  98.00  53.05  0.89 GHz  0.80 GHz  4.70 GHz   N/A     
11:48:53   6.2   0.0   0.1  93.7   0.0    2    182   1214    0    0    0 106.66   22.84   1.22  18.56  64.03  57.05  45.00  98.05  20.00  68.05  58.05  99.00  54.05  49.00  98.00  53.05  1.00 GHz  0.80 GHz  4.70 GHz   N/A     
11:48:54   6.3   0.0   0.0  93.7   0.0    2    224   1239    0    0    0 104.12   21.42   1.22  16.95  64.53  57.05  44.00  98.05  20.00  68.05  58.05  99.00  54.05  49.00  98.00  53.05  0.89 GHz  0.80 GHz  4.70 GHz   N/A     
11:48:55   6.2   0.0   0.1  93.6   0.1    2    260   1294    0    0    0 107.54   23.09   1.22  18.70  64.52  57.05  43.00  98.05  20.00  68.05  58.05  99.00  54.05  49.00  98.00  53.05  1.12 GHz  0.80 GHz  4.71 GHz   N/A     
11:48:56   6.3   0.0   0.1  93.7   0.0    2    618   1513    2    2    2 110.81   24.48   1.23  20.33  64.78  57.05  44.00  98.05  20.00  68.05  58.05  99.00  54.05  49.00  98.00  53.05  0.89 GHz  0.80 GHz  4.70 GHz   N/A     
11:48:57   6.2   0.0   0.1  93.6   0.1    2    211   1237    0    0    0 106.82   22.73   1.22  18.08  64.79  57.05  44.00  98.05  20.00  68.05  58.05  99.00  55.05  49.00  98.00  53.05  0.89 GHz  0.80 GHz  4.70 GHz   N/A     
11:48:58   6.2   0.0   0.1  93.7   0.0    2    228   1239    0    0    0 108.07   23.57   1.22  19.21  64.07  57.05  45.00  98.05  20.00  68.05  58.05  98.00  55.05  49.00  98.00  53.05  1.00 GHz  0.80 GHz  4.72 GHz   N/A     
11:48:59   6.3   0.0   0.0  93.7   0.0    2    319   1286    0    0    0 104.70   21.87   1.22  17.54  64.06  57.05  43.00  98.05  20.00  68.05  58.05  99.00  55.05  49.00  98.00  53.05  1.11 GHz  0.80 GHz  4.70 GHz   N/A     
11:49:00   6.2   0.0   0.1  93.7   0.0    2    222   1229    0    0    0 104.55   21.86   1.22  17.46  64.00  57.05  45.00  98.05  20.00  68.05  58.05  98.00  55.05  50.00  98.00  53.05  1.11 GHz  0.80 GHz  4.70 GHz   N/A     
11:49:01   6.3   0.0   0.1  93.6   0.1    2    806   1634    2    2    3 105.96   22.16   1.23  17.77  64.80  57.05  43.00  97.05  20.00  68.05  58.05  99.00  55.05  49.00  97.00  53.05  1.25 GHz  0.80 GHz  4.70 GHz   N/A     
11:49:02   6.3   0.0   0.1  93.7   0.0    2    408   1278    0    0    0 107.14   22.86   1.23  18.52  64.54  57.05  44.00  97.05  20.00  68.05  58.05  99.00  55.05  49.00  97.00  53.05  0.89 GHz  0.80 GHz  4.70 GHz   N/A     
11:49:03   6.3   0.0   0.0  93.7   0.0    2    237   1271    0    0    0 105.58   22.40   1.22  17.98  63.97  57.05  44.00  97.05  20.00  68.05  58.05  98.00  54.05  49.00  97.00  53.05  0.89 GHz  0.80 GHz  4.70 GHz   N/A     
11:49:04   6.3   0.0   0.1  93.6   0.0    2    252   1252    0    0    0 107.43   23.31   1.22  18.95  63.95  57.05  43.00  97.05  20.00  68.05  58.05  98.00  54.05  49.00  97.00  53.05  0.89 GHz  0.80 GHz  4.70 GHz   N/A     
11:49:05   6.3   0.0   0.0  93.7   0.0    2    197   1219    0    0    0 105.44   22.24   1.22  18.04  63.95  57.05  45.00  97.05  20.00  68.05  58.05  98.00  54.05  49.00  97.00  53.05  1.00 GHz  0.80 GHz  4.70 GHz   N/A     
11:49:06   6.2   0.0   0.1  93.6   0.0    2    632   1552    2    2    2 106.42   22.71   1.23  18.18  64.31  57.05  43.00  97.05  20.00  68.05  58.05  98.00  54.05  49.00  97.00  53.05  1.00 GHz  0.80 GHz  4.70 GHz   N/A     
11:49:07   6.3   0.0   0.0  93.7   0.0    2    269   1281    0    0    0 105.77   22.44   1.22  18.08  64.02  57.05  45.00  97.05  20.00  68.05  58.05  98.00  54.05  49.00  97.00  53.05  1.00 GHz  0.80 GHz  4.70 GHz   N/A     
11:49:08   6.2   0.0   0.1  93.7   0.0    2    209   1220    0    0    0 105.86   22.53   1.22  18.17  63.93  57.05  44.00  97.05  20.00  68.05  58.05  98.00  54.05  49.00  97.00  53.05  0.89 GHz  0.80 GHz  4.70 GHz   N/A     
11:49:09   6.3   0.0   0.0  93.7   0.0    2    222   1299    0    0    0 105.25   22.21   1.22  17.84  63.98  57.05  43.00  97.05  20.00  68.05  57.05  98.00  54.05  49.00  97.00  53.05  1.11 GHz  0.80 GHz  4.70 GHz   N/A     
11:49:10   6.2   0.0   0.1  93.7   0.0    2    242   1238    0    0    0 106.65   22.88   1.22  18.52  64.02  57.05  43.00  97.05  20.00  68.05  57.05  98.00  54.05  49.00  97.00  53.05  1.24 GHz  0.80 GHz  4.70 GHz   N/A     
11:49:11   6.3   0.0   0.1  93.6   0.0    2    754   1607    2    2    2 105.35   22.12   1.23  17.76  64.24  57.05  44.00  97.05  20.00  68.05  58.05  98.00  54.05  49.00  97.00  53.05  0.89 GHz  0.80 GHz  4.70 GHz   N/A     
11:49:12   6.2   0.0   0.1  93.7   0.0    2    232   1270    0    0    0 105.91   22.35   1.22  17.96  64.38  57.05  43.00  97.05  20.00  68.05  58.05  98.00  54.05  49.00  97.00  53.05  0.89 GHz  0.80 GHz  4.70 GHz   N/A     
11:49:13   6.2   0.0   0.1  93.6   0.1    2    203   1238    0    0    0 106.59   22.72   1.22  18.33  64.32  57.05  43.00  97.05  20.00  68.05  57.05  98.00  54.05  49.00  97.00  53.05  0.89 GHz  0.80 GHz  4.70 GHz   N/A     
11:49:14   6.3   0.0   0.0  93.7   0.0    2    232   1255    0    0    0 107.34   23.09   1.22  18.70  64.32  57.05  44.00  97.05  20.00  68.05  57.05  98.00  54.05  49.00  97.00  53.05  0.89 GHz  0.80 GHz  4.70 GHz   N/A     
11:49:15   6.2   0.0   0.1  93.7   0.0    2    228   1266    0    0    0 106.44   22.86   1.22  18.49  63.86  56.05  43.00  97.05  20.00  68.05  57.05  98.00  54.05  49.00  97.00  53.05  1.00 GHz  0.80 GHz  4.70 GHz   N/A     
11:49:16   6.2   0.0   0.1  93.6   0.0    2    639   1516    2    2    2 107.55   23.23   1.23  18.87  64.23  56.05  44.00  97.05  20.00  68.05  57.05  98.00  54.05  49.00  97.00  53.05  0.89 GHz  0.80 GHz  4.70 GHz   N/A     
11:49:17   6.3   0.0   0.0  93.7   0.0    2    198   1233    0    0    0 107.53   23.37   1.22  19.00  63.93  57.05  44.00  97.05  20.00  68.05  58.05  98.00  54.05  49.00  97.00  53.05  1.00 GHz  0.80 GHz  4.70 GHz   N/A     
11:49:18   6.2   0.0   0.1  93.7   0.0    2    207   1222    0    0    0 105.38   22.34   1.22  17.97  63.85  57.05  43.00  97.05  20.00  68.05  58.05  98.00  54.05  49.00  97.00  53.05  0.89 GHz  0.80 GHz  4.70 GHz   N/A     
11:49:19   6.2   0.0   0.0  93.8   0.0    2    252   1275    0    0    0 107.39   23.33   1.22  18.97  63.87  57.05  44.00  97.05  20.00  68.05  57.05  98.00  54.05  49.00  97.00  53.05  1.00 GHz  0.80 GHz  4.72 GHz   N/A     
11:49:20   6.2   0.0   0.1  93.6   0.1    2    215   1225    0    0    0 102.18   20.54   1.22  16.15  64.27  57.05  44.00  97.05  20.00  68.05  57.05  98.00  54.05  49.00  97.00  53.05  1.00 GHz  0.80 GHz  4.70 GHz   N/A     
11:49:21   6.3   0.0   0.1  93.6   0.0    2    568   1511    2    2    2 108.57   23.76   1.23  19.39  64.19  57.05  43.00  97.05  20.00  68.05  58.05  97.00  54.05  49.00  97.00  53.05  0.89 GHz  0.80 GHz  4.70 GHz   N/A     
11:49:22   6.2   0.0   0.1  93.7   0.0    2    250   1245    0    0    0 104.11   21.50   1.22  17.11  64.29  57.05  44.00  97.05  20.00  68.05  58.05  98.00  54.05  49.00  97.00  53.05  1.25 GHz  0.80 GHz  4.71 GHz   N/A     
11:49:23   6.3   0.0   0.0  93.7   0.0    2    229   1251    0    0    0 105.98   22.62   1.22  18.25  63.89  57.05  43.00  97.05  20.00  68.05  57.05  98.00  54.05  49.00  97.00  53.05  1.00 GHz  0.80 GHz  4.70 GHz   N/A     
11:49:24   6.2   0.0   0.1  93.7   0.0    2    216   1272    0    0    0 105.99   22.64   1.22  18.28  63.85  57.05  43.00  97.05  20.00  68.05  57.05  98.00  54.05  49.00  97.00  53.05  1.00 GHz  0.80 GHz  4.70 GHz   N/A     
11:49:25   6.2   0.0   0.0  93.8   0.0    2    198   1229    0    0    0 104.67   22.00   1.22  17.64  63.80  57.05  43.00  97.05  20.00  68.05  57.05  97.00  54.05  49.00  97.00  53.05  1.00 GHz  0.80 GHz  4.70 GHz   N/A     
  Time    User  Nice   Sys  Idle    IO  Run Ctxt/s  IRQ/s Fork Exec Exit  Watts   pkg-0   dram   core   psys   SEN3 pch_co   B0D4 INT340   SEN2   SEN4 x86_pk   SEN5 iwlwif acpitz   SEN1  CPU Freq  Freq Min  Freq Max  GPU Freq
11:49:26   6.3   0.0   0.1  93.6   0.0    2    605   1497    2    2    2 106.30   22.65   1.23  18.28  64.14  57.05  43.00  97.05  20.00  68.05  57.05  97.00  54.05  49.00  97.00  53.05  0.89 GHz  0.80 GHz  4.70 GHz   N/A     
11:49:27   6.2   0.0   0.1  93.7   0.0    2    254   1292    0    0    0 105.65   22.44   1.22  18.08  63.90  57.05  44.00  97.05  20.00  68.05  57.05  97.00  54.05  49.00  97.00  53.05  0.89 GHz  0.80 GHz  4.70 GHz   N/A     
11:49:28   6.3   0.0   0.0  93.7   0.0    2    224   1223    0    0    0 103.63   21.45   1.22  17.09  63.87  57.05  43.00  97.05  20.00  68.05  57.05  98.00  54.05  49.00  97.00  53.05  0.89 GHz  0.80 GHz  4.70 GHz   N/A     
11:49:29   6.2   0.0   0.1  93.7   0.0    2    196   1219    0    0    0 106.39   22.84   1.22  18.47  63.86  57.05  43.00  97.05  20.00  68.05  57.05  98.00  54.05  49.00  97.00  53.05  0.89 GHz  0.80 GHz  4.70 GHz   N/A     
11:49:30   6.3   0.0   0.0  93.7   0.0    2    235   1239    0    0    0 108.72   23.98   1.22  19.61  63.91  57.05  44.00  97.05  20.00  68.05  57.05  97.00  54.05  49.00  97.00  53.05  1.39 GHz  0.80 GHz  4.70 GHz   N/A     
11:49:31   6.3   0.0   0.1  93.6   0.0    2    776   1629    2    2    2 106.38   22.55   1.23  18.40  64.20  57.05  43.00  97.05  20.00  68.05  57.05  98.00  54.05  49.00  97.00  53.05  0.89 GHz  0.80 GHz  4.70 GHz   N/A     
11:49:32   6.3   0.0   0.1  93.6   0.1    2    414   1301    0    0    0 107.07   22.83   1.23  18.20  64.81  57.05  45.00  97.05  20.00  68.05  57.05  97.00  54.05  49.00  97.00  53.05  0.89 GHz  0.80 GHz  4.70 GHz   N/A     
11:49:33   6.2   0.0   0.1  93.7   0.0    2    198   1222    0    0    0 108.58   23.95   1.22  19.59  63.81  57.05  44.00  96.05  20.00  68.05  57.05  98.00  54.05  49.00  96.00  53.05  1.00 GHz  0.80 GHz  4.70 GHz   N/A     
11:49:34   6.3   0.0   0.0  93.7   0.0    2    238   1248    0    0    0 101.61   20.45   1.22  16.09  63.84  57.05  44.00  96.05  20.00  68.05  57.05  98.00  54.05  49.00  96.00  53.05  0.89 GHz  0.80 GHz  4.70 GHz   N/A     
11:49:35   6.2   0.0   0.1  93.7   0.0    2    246   1266    0    0    0 105.62   22.28   1.22  17.89  64.22  57.05  43.00  97.05  20.00  68.05  57.05  97.00  54.05  49.00  97.00  53.05  1.00 GHz  0.80 GHz  4.70 GHz   N/A     
11:49:36   6.3   0.0   0.1  93.6   0.0    2    619   1565    2    2    2 106.96   22.98   1.23  18.61  64.14  57.05  43.00  97.05  20.00  68.05  57.05  98.00  54.05  49.00  97.00  53.05  1.00 GHz  0.80 GHz  4.70 GHz   N/A     
11:49:37   6.2   0.0   0.1  93.7   0.0    2    186   1224    0    0    0 107.23   23.28   1.22  18.92  63.81  56.05  43.00  97.05  20.00  68.05  57.05  98.00  54.05  49.00  97.00  53.05  0.89 GHz  0.80 GHz  4.70 GHz   N/A     
11:49:38   6.2   0.0   0.1  93.6   0.1    2    327   1309    1    0    0 107.20   22.80   1.23  18.39  64.78  56.05  44.00  97.05  20.00  68.05  57.05  98.00  54.05  49.00  97.00  53.05  1.11 GHz  0.80 GHz  4.70 GHz   N/A     
11:49:39   6.3   0.0   0.0  93.7   0.0    2    272   1291    0    0    0 104.22   21.72   1.22  17.35  63.92  57.05  44.00  97.05  20.00  68.05  57.05  98.00  54.05  49.00  97.00  53.05  0.89 GHz  0.80 GHz  4.70 GHz   N/A     
11:49:40   6.2   0.0   0.1  93.7   0.0    2    218   1228    0    0    0 109.64   24.47   1.22  20.11  63.83  57.05  44.00  97.05  20.00  68.05  57.05  97.00  54.05  49.00  97.00  53.05  1.00 GHz  0.80 GHz  4.70 GHz   N/A     
11:49:41   6.3   0.0   0.1  93.6   0.0    2    635   1500    2    2    2 107.10   23.04   1.23  18.67  64.16  56.05  43.00  97.05  20.00  68.05  57.05  98.00  54.05  49.00  97.00  53.05  1.11 GHz  0.80 GHz  4.70 GHz   N/A     
11:49:42   6.2   0.0   0.1  93.7   0.0    2    222   1239    0    0    0 106.02   22.65   1.22  18.28  63.87  56.05  44.00  97.05  20.00  68.05  57.05  98.00  54.05  49.00  97.00  53.05  1.11 GHz  0.80 GHz  4.70 GHz   N/A     
11:49:43   6.3   0.0   0.0  93.7   0.1    2    293   1290    0    0    0 106.26   22.37   1.22  17.96  64.70  56.05  43.00  97.05  20.00  68.05  57.05  97.00  54.05  51.00  97.00  53.05  1.12 GHz  0.80 GHz  4.72 GHz   N/A     
11:49:44   6.2   0.0   0.1  93.7   0.0    2    212   1240    0    0    0 107.95   23.65   1.22  19.28  63.79  56.05  43.00  97.05  20.00  68.05  57.05  97.00  54.05  49.00  97.00  53.05  1.00 GHz  0.80 GHz  4.70 GHz   N/A     
11:49:45   6.2   0.0   0.1  93.7   0.0    2    180   1213    0    0    0 106.15   22.78   1.22  18.41  63.73  56.05  43.00  97.05  20.00  68.05  57.05  97.00  54.05  49.00  97.00  53.05  1.00 GHz  0.80 GHz  4.70 GHz   N/A     
11:49:46   6.3   0.0   0.1  93.6   0.0    2    624   1503    2    2    2 106.85   22.93   1.23  18.56  64.13  56.05  44.00  97.05  20.00  68.05  57.05  98.00  54.05  49.00  97.00  53.05  1.11 GHz  0.80 GHz  4.70 GHz   N/A     
11:49:47   6.2   0.0   0.1  93.7   0.0    2    220   1274    0    0    0 106.88   23.07   1.22  18.76  63.82  57.05  43.00  97.05  20.00  68.05  57.05  97.00  54.05  49.00  97.00  53.05  0.89 GHz  0.80 GHz  4.70 GHz   N/A     
11:49:48   6.3   0.0   0.0  93.7   0.0    2    242   1240    0    0    1 107.49   23.28   1.22  18.84  64.15  57.05  43.00  97.05  20.00  68.05  57.05  97.00  54.05  49.00  97.00  53.05  0.89 GHz  0.80 GHz  4.70 GHz   N/A     
11:49:49   6.2   0.0   0.1  93.6   0.1    2    225   1251    0    0    0 104.71   21.85   1.22  17.46  64.18  56.05  43.00  96.05  20.00  68.05  57.05  98.00  54.05  49.00  96.00  53.05  1.00 GHz  0.80 GHz  4.70 GHz   N/A     
11:49:50   6.3   0.0   0.0  93.7   0.0    2    214   1234    0    0    0 107.08   23.26   1.22  18.89  63.71  56.05  43.00  96.05  20.00  68.05  57.05  98.00  54.05  49.00  96.00  53.05  1.11 GHz  0.80 GHz  4.70 GHz   N/A     
11:49:51   6.2   0.0   0.1  93.6   0.0    2    720   1556    2    2    2 106.80   22.96   1.23  18.60  64.02  56.05  45.00  96.05  20.00  68.05  57.05  97.00  54.05  49.00  96.00  53.05  0.89 GHz  0.80 GHz  4.70 GHz   N/A     
11:49:52   6.3   0.0   0.0  93.7   0.0    2    211   1222    0    0    0 103.92   21.64   1.22  17.28  63.78  56.05  42.00  96.05  20.00  68.05  57.05  98.00  54.05  49.00  96.00  53.05  1.00 GHz  0.80 GHz  4.70 GHz   N/A     
11:49:53   6.2   0.0   0.1  93.6   0.1    2    227   1265    0    0    0 105.87   22.41   1.22  18.02  64.21  56.05  43.00  96.05  20.00  67.05  57.05  97.00  54.05  49.00  96.00  53.05  0.89 GHz  0.80 GHz  4.70 GHz   N/A     
11:49:54   6.3   0.0   0.0  93.6   0.1    2    273   1315    0    0    0 109.68   24.23   1.23  19.84  64.37  56.05  43.00  96.05  20.00  67.05  57.05  98.00  54.05  49.00  96.00  53.05  1.11 GHz  0.80 GHz  4.70 GHz   N/A     
11:49:55   6.2   0.0   0.1  93.7   0.0    2    249   1277    0    0    0 103.71   21.55   1.22  17.18  63.76  56.05  43.00  96.05  20.00  68.05  57.05  97.00  53.05  49.00  96.00  53.05  0.89 GHz  0.80 GHz  4.70 GHz   N/A     
11:49:56   6.3   0.0   0.1  93.7   0.0    2    584   1476    2    2    2 111.04   25.08   1.23  20.71  64.03  56.05  43.00  96.05  20.00  68.05  57.05  98.00  53.05  49.00  96.00  53.05  0.89 GHz  0.80 GHz  4.70 GHz   N/A     
11:49:57   6.2   0.0   0.1  93.7   0.0    2    175   1212    0    0    0 107.31   23.35   1.22  18.98  63.76  56.05  44.00  96.05  20.00  68.05  57.05  97.00  54.05  49.00  96.00  52.05  0.89 GHz  0.80 GHz  4.70 GHz   N/A     
11:49:58   6.3   0.0   0.0  93.7   0.0    2    242   1243    0    0    0 109.89   24.45   1.22  20.07  64.15  56.05  45.00  96.05  20.00  68.05  57.05  97.00  54.05  49.00  96.00  52.05  0.89 GHz  0.80 GHz  4.70 GHz   N/A     
11:49:59   6.3   0.0   0.1  93.3   0.3    2    338   1354    1    0    0 106.10   22.61   1.22  18.23  64.05  56.05  43.00  96.05  20.00  68.05  57.05  97.00  54.05  49.00  96.00  52.05  0.89 GHz  0.80 GHz  4.70 GHz   N/A     
11:50:00   6.2   0.0   0.1  93.7   0.0    2    222   1227    0    0    0 104.82   22.21   1.22  17.84  63.56  56.05  44.00  96.05  20.00  68.05  57.05  97.00  54.05  49.00  96.00  52.05  1.25 GHz  0.80 GHz  4.70 GHz   N/A     
11:50:01   6.3   0.0   0.1  93.5   0.1    2   1025   1870    6    5    6 106.04   22.23   1.23  17.83  64.75  56.05  43.00  96.05  20.00  67.05  57.05  96.00  54.05  49.00  96.00  52.05  1.11 GHz  0.80 GHz  4.70 GHz   N/A     
11:50:02   6.3   0.0   0.1  93.6   0.0    2    463   1296    0    0    0 102.44   20.91   1.23  16.54  63.77  56.05  43.00  96.05  20.00  67.05  57.05  97.00  54.05  49.00  96.00  52.05  1.39 GHz  0.80 GHz  4.70 GHz   N/A     
11:50:03   6.2   0.0   0.1  93.7   0.0    2    249   1254    0    0    0 108.78   24.12   1.22  19.76  63.67  56.05  43.00  96.05  20.00  67.05  57.05  97.00  54.05  49.00  96.00  52.05  1.24 GHz  0.80 GHz  4.70 GHz   N/A     
11:50:04   6.3   0.0   0.0  93.7   0.0    2    294   1407    0    0    6 104.23   21.83   1.22  17.47  63.70  56.05  43.00  96.05  20.00  67.05  57.05  97.00  54.05  49.00  96.00  52.05  1.00 GHz  0.80 GHz  4.70 GHz   N/A     
11:50:05   6.2   0.0   0.1  93.7   0.0    2    196   1221    0    0    0 102.58   20.92   1.22  16.53  63.91  56.05  44.00  96.05  20.00  67.05  57.05  97.00  54.05  49.00  96.00  52.05  1.00 GHz  0.80 GHz  4.70 GHz   N/A     
11:50:06   6.3   0.0   0.1  93.5   0.1    2   1072   1775    2    2    2 106.29   22.15   1.23  17.73  65.18  56.05  44.00  96.05  20.00  67.05  57.05  98.00  54.05  51.00  96.00  52.05  1.00 GHz  0.80 GHz  4.70 GHz   N/A     
11:50:07   6.2   0.0   0.1  93.7   0.0    2    296   1294    0    0    0 102.16   20.61   1.22  16.22  64.11  56.05  43.00  96.05  20.00  67.05  57.05  97.00  54.05  49.00  96.00  52.05  1.12 GHz  0.80 GHz  4.71 GHz   N/A     
11:50:08   6.2   0.0   0.0  93.8   0.0    2    201   1230    0    0    0 111.07   25.11   1.22  20.72  64.01  56.05  43.00  96.05  20.00  67.05  57.05  97.00  54.05  49.00  96.00  52.05  1.25 GHz  0.80 GHz  4.71 GHz   N/A     
11:50:09   6.2   0.0   0.1  93.7   0.0    2    253   1274    0    0    0 105.46   22.42   1.22  18.06  63.76  56.05  42.00  96.05  20.00  68.05  57.05  98.00  54.05  49.00  96.00  52.05  0.89 GHz  0.80 GHz  4.70 GHz   N/A     
  Time    User  Nice   Sys  Idle    IO  Run Ctxt/s  IRQ/s Fork Exec Exit  Watts   pkg-0   dram   core   psys   SEN3 pch_co   B0D4 INT340   SEN2   SEN4 x86_pk   SEN5 iwlwif acpitz   SEN1  CPU Freq  Freq Min  Freq Max  GPU Freq
11:50:10   6.3   0.0   0.0  93.7   0.0    2    260   1239    0    0    0 106.35   22.95   1.23  18.58  63.61  56.05  43.00  96.05  20.00  68.05  57.05  97.00  54.05  49.00  96.00  52.05  2.16 GHz  0.80 GHz  4.71 GHz   N/A     
11:50:11   6.4   0.0   0.1  93.4   0.1    2    748   1652    2    2    2 106.25   22.45   1.23  18.03  64.55  56.05  44.00  96.05  20.00  68.05  57.05  97.00  54.05  49.00  96.00  52.05  0.89 GHz  0.80 GHz  4.70 GHz   N/A     
11:50:12   6.3   0.0   0.0  93.7   0.1    2    213   1237    0    0    0 104.56   21.99   1.22  17.60  63.75  56.05  43.00  96.05  20.00  68.05  57.05  97.00  54.05  49.00  96.00  52.05  1.00 GHz  0.80 GHz  4.71 GHz   N/A     
11:50:13   6.3   0.0   0.0  93.7   0.0    2    190   1225    0    0    0 105.44   22.40   1.22  18.12  63.70  56.05  44.00  96.05  20.00  67.05  57.05  96.00  54.05  49.00  96.00  52.05  0.89 GHz  0.80 GHz  4.70 GHz   N/A     
11:50:14   6.2   0.0   0.1  93.7   0.0    2    245   1251    0    0    0 105.29   22.36   1.22  17.87  63.84  56.05  44.00  96.05  20.00  67.05  57.05  96.00  54.05  49.00  96.00  52.05  0.89 GHz  0.80 GHz  4.70 GHz   N/A     
11:50:15   6.2   0.0   0.1  93.7   0.0    2    248   1257    0    0    1 107.14   23.42   1.22  19.05  63.45  56.05  44.00  96.05  20.00  67.05  57.05  97.00  53.05  49.00  96.00  52.05  0.89 GHz  0.80 GHz  4.70 GHz   N/A     
11:50:16   6.3   0.0   0.1  93.7   0.0    2    615   1545    2    2    2 102.76   20.98   1.23  16.83  63.72  56.05  43.00  96.05  20.00  67.05  57.05  97.00  53.05  49.00  96.00  52.05  1.24 GHz  0.80 GHz  4.70 GHz   N/A     
11:50:17   6.2   0.0   0.1  93.7   0.0    2    207   1216    0    0    0 105.16   22.55   1.22  17.95  63.44  56.05  43.00  96.05  20.00  67.05  56.05  96.00  54.05  49.00  96.00  52.05  0.89 GHz  0.80 GHz  4.70 GHz   N/A     
11:50:18   6.3   0.0   0.0  93.7   0.0    2    201   1223    0    0    0 103.84   21.78   1.22  17.42  63.42  56.05  43.00  96.05  20.00  67.05  56.05  97.00  54.05  49.00  96.00  52.05  1.11 GHz  0.80 GHz  4.70 GHz   N/A     
11:50:19   6.2   0.0   0.1  93.7   0.0    2    274   1316    0    0    0 106.53   23.11   1.22  18.74  63.46  56.05  42.00  96.05  20.00  67.05  57.05  96.00  54.05  49.00  96.00  52.05  1.00 GHz  0.80 GHz  4.70 GHz   N/A     
11:50:20   6.2   0.0   0.1  93.7   0.0    2    198   1228    0    0    0 102.65   21.19   1.22  16.82  63.42  56.05  43.00  96.05  20.00  67.05  57.05  96.00  54.05  49.00  96.00  52.05  1.12 GHz  0.80 GHz  4.72 GHz   N/A     
11:50:21   6.3   0.0   0.1  93.6   0.0    2    584   1454    2    2    2 104.02   21.74   1.23  17.37  63.67  56.05  43.00  96.05  20.00  68.05  57.05  97.00  53.05  49.00  96.00  52.05  0.89 GHz  0.80 GHz  4.70 GHz   N/A     
11:50:22   6.2   0.0   0.1  93.7   0.0    2    211   1221    0    0    0 106.60   23.17   1.22  18.80  63.40  56.05  43.00  96.05  20.00  68.05  57.05  96.00  53.05  49.00  96.00  52.05  0.89 GHz  0.80 GHz  4.70 GHz   N/A     
11:50:23   6.3   0.0   0.0  93.7   0.0    2    228   1254    0    0    0 107.08   23.36   1.22  19.07  63.42  56.05  42.00  96.05  20.00  67.05  57.05  97.00  54.05  49.00  96.00  52.05  0.89 GHz  0.80 GHz  4.70 GHz   N/A     
11:50:24   6.2   0.0   0.1  93.6   0.1    2    255   1254    0    0    0 105.98   22.53   1.22  18.03  64.19  56.05  43.00  96.05  20.00  67.05  57.05  96.00  54.05  49.00  96.00  52.05  1.11 GHz  0.80 GHz  4.70 GHz   N/A     
11:50:25   6.3   0.0   0.0  93.7   0.0    2    192   1225    0    0    0 104.46   22.14   1.22  17.77  63.32  56.05  43.00  96.05  20.00  67.05  57.05  97.00  53.05  49.00  96.00  52.05  0.89 GHz  0.80 GHz  4.70 GHz   N/A     
11:50:26   6.3   0.0   0.1  93.7   0.0    2    604   1525    2    2    2 106.60   23.00   1.23  18.63  63.74  56.05  43.00  96.05  20.00  67.05  57.05  97.00  53.05  49.00  96.00  52.05  1.39 GHz  0.80 GHz  4.71 GHz   N/A     
11:50:27   6.2   0.0   0.1  93.7   0.0    2    222   1249    0    0    0 105.22   22.48   1.22  18.11  63.40  56.05  43.00  96.05  20.00  67.05  57.05  97.00  53.05  49.00  96.00  52.05  1.00 GHz  0.80 GHz  4.70 GHz   N/A     
11:50:28   6.2   0.0   0.1  93.7   0.0    2    210   1223    0    0    0 104.24   22.01   1.22  17.64  63.37  56.05  43.00  96.05  20.00  67.05  57.05  96.00  53.05  49.00  96.00  52.05  0.89 GHz  0.80 GHz  4.70 GHz   N/A     
11:50:29   6.3   0.0   0.0  93.7   0.1    2    253   1251    0    0    0 108.48   23.90   1.22  19.51  63.85  56.05  43.00  96.05  20.00  67.05  56.05  97.00  53.05  49.00  96.00  52.05  1.00 GHz  0.80 GHz  4.71 GHz   N/A     
11:50:30   6.3   0.0   0.1  93.6   0.0    2    202   1221    0    0    0 104.04   21.89   1.22  17.52  63.41  56.05  43.00  96.05  20.00  67.05  56.05  97.00  53.05  49.00  96.00  52.05  1.12 GHz  0.80 GHz  4.70 GHz   N/A     
11:50:31   6.3   0.0   0.1  93.7   0.0    2    633   1540    2    2    2 104.25   21.86   1.23  17.49  63.67  56.05  43.00  96.05  20.00  67.05  56.05  97.00  53.05  49.00  96.00  52.05  0.89 GHz  0.80 GHz  4.70 GHz   N/A     
11:50:32   6.3   0.0   0.1  93.6   0.0    2    410   1276    0    0    0 105.52   22.59   1.23  18.22  63.48  56.05  43.00  96.05  20.00  67.05  56.05  96.00  53.05  49.00  96.00  52.05  1.24 GHz  0.80 GHz  4.70 GHz   N/A     
11:50:33   6.2   0.0   0.1  93.7   0.0    2    184   1207    0    0    0 100.49   20.16   1.22  15.79  63.31  56.05  43.00  95.05  20.00  67.05  57.05  96.00  53.05  49.00  95.00  52.05  1.00 GHz  0.80 GHz  4.70 GHz   N/A     
11:50:34   6.3   0.0   0.0  93.7   0.0    2    237   1244    0    0    0 104.34   22.08   1.22  17.71  63.33  56.05  43.00  95.05  20.00  67.05  57.05  96.00  53.05  49.00  95.00  52.05  1.25 GHz  0.80 GHz  4.70 GHz   N/A     
11:50:35   6.2   0.0   0.1  93.7   0.0    2    245   1256    0    0    0 106.50   23.15   1.22  18.78  63.35  56.05  43.00  95.05  20.00  67.05  56.05  96.00  53.05  49.00  95.00  52.05  1.00 GHz  0.80 GHz  4.70 GHz   N/A     
11:50:36   6.4   0.0   0.1  93.5   0.0    2    740   1605    2    2    2 103.77   21.50   1.23  17.12  63.92  56.05  41.00  95.05  20.00  67.05  56.05  96.00  53.05  49.00  95.00  52.05  1.00 GHz  0.80 GHz  4.70 GHz   N/A     
11:50:37   6.2   0.0   0.0  93.8   0.0    2    210   1245    0    0    0 105.79   22.64   1.22  18.25  63.68  56.05  42.00  95.05  20.00  67.05  56.05  96.00  53.05  49.00  95.00  52.05  1.00 GHz  0.80 GHz  4.70 GHz   N/A     
11:50:38   6.3   0.0   0.1  93.6   0.1    2    267   1256    1    0    0 104.64   21.76   1.22  17.35  64.30  56.05  43.00  95.05  20.00  67.05  56.05  96.00  53.05  49.00  95.00  52.05  1.25 GHz  0.80 GHz  4.70 GHz   N/A     
11:50:39   6.3   0.0   0.0  93.7   0.0    2    260   1270    0    0    0 103.31   21.48   1.22  17.27  63.33  56.05  43.00  95.05  20.00  67.05  56.05  97.00  54.05  49.00  95.00  52.05  0.89 GHz  0.80 GHz  4.70 GHz   N/A     
11:50:40   6.2   0.0   0.1  93.7   0.0    2    267   1248    0    0    0 106.92   23.41   1.22  18.88  63.39  56.05  42.00  95.05  20.00  67.05  56.05  96.00  54.05  49.00  95.00  52.05  1.24 GHz  0.80 GHz  4.70 GHz   N/A     
11:50:41   6.3   0.0   0.1  93.6   0.0    2    693   1527    2    2    2 107.29   23.37   1.23  19.00  63.68  56.05  43.00  95.05  20.00  67.05  56.05  96.00  53.05  49.00  95.00  52.05  0.89 GHz  0.80 GHz  4.70 GHz   N/A     
11:50:42   6.2   0.0   0.1  93.7   0.0    2    233   1240    0    0    0 106.89   23.12   1.22  18.74  63.80  56.05  43.00  95.05  20.00  67.05  56.05  96.00  53.05  49.00  95.00  52.05  1.11 GHz  0.80 GHz  4.70 GHz   N/A     
11:50:43   6.3   0.0   0.0  93.7   0.0    2    283   1323    0    0    0 100.74   20.05   1.22  15.65  63.82  56.05  42.00  95.05  20.00  67.05  57.05  96.00  53.05  49.00  95.00  52.05  1.11 GHz  0.80 GHz  4.70 GHz   N/A     
11:50:44   6.2   0.0   0.1  93.6   0.1    2    249   1262    0    0    0 104.04   21.70   1.22  17.31  63.80  56.05  44.00  95.05  20.00  67.05  57.05  96.00  53.05  49.00  95.00  52.05  0.89 GHz  0.80 GHz  4.70 GHz   N/A     
11:50:45   6.2   0.0   0.1  93.7   0.0    2    212   1243    0    0    0 103.13   21.45   1.22  17.08  63.38  56.05  43.00  95.05  20.00  67.05  56.05  96.00  53.05  49.00  95.00  52.05  0.89 GHz  0.80 GHz  4.70 GHz   N/A     
11:50:46   6.3   0.0   0.1  93.6   0.0    2    622   1491    2    2    2 106.20   22.86   1.23  18.49  63.63  56.05  43.00  95.05  20.00  67.05  56.05  96.00  53.05  49.00  95.00  52.05  1.00 GHz  0.80 GHz  4.70 GHz   N/A     
11:50:47   6.2   0.0   0.1  93.7   0.0    2    244   1266    0    0    0 107.97   23.91   1.22  19.53  63.31  56.05  43.00  95.05  20.00  67.05  56.05  96.00  53.05  49.00  95.00  52.05  0.89 GHz  0.80 GHz  4.70 GHz   N/A     
11:50:48   6.2   0.0   0.0  93.8   0.0    2    228   1255    0    0    2 108.75   24.29   1.22  19.92  63.32  56.05  43.00  95.05  20.00  67.05  56.05  96.00  53.05  49.00  95.00  52.05  1.11 GHz  0.80 GHz  4.70 GHz   N/A     
11:50:49   6.2   0.0   0.1  93.7   0.0    2    209   1232    0    0    0 105.81   22.82   1.22  18.45  63.32  56.05  43.00  95.05  20.00  67.05  56.05  96.00  53.05  49.00  95.00  52.05  0.89 GHz  0.80 GHz  4.70 GHz   N/A     
11:50:50   6.3   0.0   0.0  93.7   0.1    2    237   1251    0    0    0 107.00   23.07   1.22  18.66  64.05  56.05  43.00  95.05  20.00  67.05  56.05  96.00  53.05  49.00  95.00  52.05  1.39 GHz  0.80 GHz  4.70 GHz   N/A     
11:50:51   6.2   0.0   0.1  93.6   0.0    2    606   1549    2    2    2 111.05   25.27   1.23  20.90  63.66  56.05  43.00  95.05  20.00  67.05  56.05  96.00  53.05  49.00  95.00  52.05  0.89 GHz  0.80 GHz  4.70 GHz   N/A     
11:50:52   6.3   0.0   0.0  93.7   0.0    2    219   1224    0    0    0 102.44   21.10   1.22  16.81  63.31  56.05  43.00  95.05  20.00  67.05  56.05  96.00  53.05  49.00  95.00  52.05  0.89 GHz  0.80 GHz  4.70 GHz   N/A     
11:50:53   6.2   0.0   0.1  93.6   0.1    2    202   1219    0    0    0 103.49   21.54   1.22  17.06  63.68  56.05  43.00  95.05  20.00  67.05  56.05  96.00  53.05  49.00  95.00  52.05  0.89 GHz  0.80 GHz  4.70 GHz   N/A     
  Time    User  Nice   Sys  Idle    IO  Run Ctxt/s  IRQ/s Fork Exec Exit  Watts   pkg-0   dram   core   psys   SEN3 pch_co   B0D4 INT340   SEN2   SEN4 x86_pk   SEN5 iwlwif acpitz   SEN1  CPU Freq  Freq Min  Freq Max  GPU Freq
11:50:54   6.3   0.0   0.0  93.7   0.0    2    208   1243    0    0    0 105.71   22.78   1.22  18.41  63.29  56.05  42.00  95.05  20.00  67.05  56.05  96.00  53.05  49.00  95.00  52.05  0.89 GHz  0.80 GHz  4.70 GHz   N/A     
11:50:55   6.2   0.0   0.1  93.7   0.0    2    254   1260    0    0    0 107.35   23.60   1.22  19.23  63.30  56.05  43.00  95.05  20.00  67.05  56.05  96.00  53.05  49.00  95.00  52.05  0.89 GHz  0.80 GHz  4.70 GHz   N/A     
11:50:56   6.3   0.0   0.1  93.6   0.0    2    690   1574    2    2    2 104.61   22.05   1.23  17.67  63.66  56.05  43.00  95.05  20.00  67.05  56.05  96.00  53.05  48.00  95.00  52.05  1.55 GHz  0.80 GHz  4.70 GHz   N/A     
11:50:57   6.2   0.0   0.1  93.7   0.0    2    180   1209    0    0    0 108.38   24.13   1.22  19.76  63.26  56.05  44.00  95.05  20.00  67.05  56.05  95.00  53.05  48.00  95.00  52.05  0.89 GHz  0.80 GHz  4.70 GHz   N/A     
11:50:58   6.3   0.0   0.0  93.7   0.0    2    220   1218    0    0    0 106.30   23.09   1.22  18.72  63.27  56.05  42.00  95.05  20.00  67.05  57.05  96.00  53.05  48.00  95.00  52.05  1.11 GHz  0.80 GHz  4.70 GHz   N/A     
11:50:59   6.3   0.0   0.0  93.7   0.1    2    264   1265    0    0    0 107.39   23.44   1.22  19.05  63.67  56.05  41.00  95.05  20.00  67.05  57.05  96.00  53.05  48.00  95.00  52.05  0.89 GHz  0.80 GHz  4.70 GHz   N/A     
11:51:00   6.2   0.0   0.1  93.7   0.0    2    238   1279    0    0    0 103.64   21.54   1.22  17.15  63.72  56.05  42.00  95.05  20.00  67.05  56.05  96.00  53.05  48.00  95.00  52.05  1.00 GHz  0.80 GHz  4.70 GHz   N/A     
11:51:01   6.3   0.0   0.1  93.6   0.0    2    678   1582    2    2    2 104.29   21.92   1.23  17.55  63.59  56.05  43.00  95.05  20.00  67.05  56.05  96.00  53.05  48.00  95.00  52.05  0.89 GHz  0.80 GHz  4.70 GHz   N/A     
11:51:02   6.2   0.0   0.1  93.7   0.0    2    407   1280    0    0    0 105.45   22.58   1.23  18.21  63.44  56.05  43.00  95.05  20.00  67.05  56.05  96.00  53.05  48.00  95.00  52.05  0.89 GHz  0.80 GHz  4.70 GHz   N/A     
11:51:03   6.3   0.0   0.0  93.7   0.0    2    241   1257    0    0    0 105.73   22.79   1.22  18.42  63.29  56.05  41.00  95.05  20.00  67.05  56.05  96.00  53.05  48.00  95.00  52.05  0.89 GHz  0.80 GHz  4.70 GHz   N/A     
11:51:04   6.2   0.0   0.1  93.7   0.0    2    231   1246    0    0    0 103.52   21.70   1.22  17.33  63.27  55.05  43.00  95.05  20.00  67.05  56.05  95.00  53.05  48.00  95.00  52.05  1.11 GHz  0.80 GHz  4.70 GHz   N/A     
11:51:05   6.3   0.0   0.0  93.7   0.0    2    198   1219    0    0    0 106.81   23.07   1.22  18.87  63.65  55.05  43.00  95.05  20.00  67.05  56.05  96.00  53.05  48.00  95.00  52.05  1.00 GHz  0.80 GHz  4.70 GHz   N/A     
11:51:06   6.3   0.0   0.1  93.5   0.1    2    623   1527    2    2    2 104.96   22.18   1.23  17.60  63.96  56.05  43.00  95.05  20.00  67.05  56.05  96.00  53.05  48.00  95.00  52.05  1.25 GHz  0.80 GHz  4.70 GHz   N/A     
11:51:07   6.3   0.0   0.0  93.7   0.0    2    244   1304    0    0    0 108.09   23.99   1.22  19.62  63.24  56.05  43.00  95.05  20.00  67.05  56.05  95.00  53.05  48.00  95.00  52.05  1.00 GHz  0.80 GHz  4.70 GHz   N/A     
11:51:08   6.2   0.0   0.1  93.7   0.0    2    201   1226    0    0    0 105.09   22.49   1.22  18.12  63.25  56.05  42.00  95.05  20.00  67.05  56.05  96.00  53.05  48.00  95.00  52.05  0.89 GHz  0.80 GHz  4.70 GHz   N/A     
11:51:09   6.3   0.0   0.0  93.7   0.0    2    198   1217    0    0    0 103.95   21.94   1.22  17.57  63.22  56.05  43.00  95.05  20.00  67.05  56.05  95.00  53.05  48.00  95.00  52.05  1.00 GHz  0.80 GHz  4.70 GHz   N/A     
11:51:10   6.2   0.0   0.1  93.7   0.0    2    237   1243    0    0    0 105.30   22.59   1.22  18.22  63.27  56.05  42.00  95.05  20.00  67.05  56.05  96.00  53.05  49.00  95.00  52.05  1.25 GHz  0.80 GHz  4.71 GHz   N/A     
11:51:11   6.3   0.0   0.1  93.7   0.0    2    658   1563    2    2    2 106.43   22.96   1.23  18.59  63.64  56.05  41.00  95.05  20.00  67.05  56.05  95.00  53.05  49.00  95.00  52.05  0.89 GHz  0.80 GHz  4.70 GHz   N/A     
11:51:12   6.2   0.0   0.1  93.7   0.0    2    208   1226    0    0    0 104.04   21.96   1.22  17.59  63.27  56.05  42.00  95.05  20.00  67.05  56.05  96.00  53.05  49.00  95.00  52.05  1.11 GHz  0.80 GHz  4.70 GHz   N/A     
11:51:13   6.3   0.0   0.0  93.7   0.0    2    190   1210    0    0    0 102.89   21.39   1.22  17.02  63.25  56.05  43.00  95.05  20.00  67.05  56.05  96.00  53.05  48.00  95.00  52.05  0.89 GHz  0.80 GHz  4.70 GHz   N/A     
11:51:14   6.2   0.0   0.1  93.7   0.0    2    228   1241    0    0    0 102.43   21.03   1.22  16.64  63.53  55.05  44.00  95.05  20.00  67.05  56.05  96.00  53.05  48.00  95.00  52.05  1.12 GHz  0.80 GHz  4.70 GHz   N/A     
11:51:15   6.3   0.0   0.0  93.7   0.0    2    308   1289    0    0    0 105.79   22.77   1.22  18.41  63.39  55.05  43.00  95.05  20.00  67.05  56.05  95.00  53.05  48.00  95.00  52.05  1.00 GHz  0.80 GHz  4.70 GHz   N/A     
11:51:16   6.4   0.0   0.1  93.4   0.1    2    584   1500    2    2    2 107.21   23.14   1.23  18.74  64.10  56.05  43.00  95.05  20.00  67.05  56.05  95.00  53.05  48.00  95.00  52.05  0.89 GHz  0.80 GHz  4.70 GHz   N/A     
11:51:17   6.3   0.0   0.0  93.7   0.0    2    206   1237    0    0    0 103.53   21.47   1.22  17.07  63.76  56.05  43.00  95.05  20.00  67.05  56.05  95.00  53.05  48.00  95.00  52.05  0.89 GHz  0.80 GHz  4.70 GHz   N/A     
11:51:18   6.2   0.0   0.1  93.7   0.0    2    194   1236    0    0    0 101.25   20.62   1.22  16.25  63.16  56.05  43.00  94.05  20.00  67.05  56.05  96.00  53.05  48.00  94.00  52.05  0.89 GHz  0.80 GHz  4.70 GHz   N/A     
11:51:19   6.3   0.0   0.0  93.7   0.0    2    251   1290    0    0    0 105.70   22.82   1.22  18.45  63.20  56.05  43.00  94.05  20.00  67.05  56.05  95.00  53.05  48.00  94.00  52.05  0.89 GHz  0.80 GHz  4.70 GHz   N/A     
11:51:20   6.2   0.0   0.1  93.7   0.0    2    194   1228    0    0    0 104.16   22.05   1.22  17.69  63.19  55.05  43.00  94.05  20.00  67.05  56.05  95.00  53.05  48.00  94.00  52.05  1.25 GHz  0.80 GHz  4.70 GHz   N/A     
11:51:21   6.3   0.0   0.1  93.7   0.0    2    573   1483    2    2    2 104.35   21.99   1.23  17.63  63.50  55.05  43.00  94.05  20.00  67.05  56.05  95.00  53.05  48.00  94.00  52.05  0.89 GHz  0.80 GHz  4.70 GHz   N/A     
11:51:22   6.2   0.0   0.1  93.7   0.0    2    215   1226    0    0    0 106.23   23.09   1.22  18.72  63.20  56.05  42.00  94.05  20.00  67.05  56.05  95.00  53.05  48.00  94.00  52.05  1.11 GHz  0.80 GHz  4.70 GHz   N/A     
11:51:23   6.3   0.0   0.0  93.7   0.1    2    257   1273    0    0    0 105.27   22.40   1.22  18.00  63.64  56.05  42.00  94.05  20.00  67.05  56.05  95.00  53.05  48.00  94.00  52.05  1.00 GHz  0.80 GHz  4.70 GHz   N/A     
11:51:24   6.2   0.0   0.1  93.7   0.0    2    209   1250    0    0    0 106.93   23.44   1.22  19.07  63.20  55.05  42.00  94.05  20.00  67.05  56.05  95.00  53.05  48.00  94.00  52.05  0.89 GHz  0.80 GHz  4.70 GHz   N/A     
11:51:25   6.3   0.0   0.0  93.7   0.0    2    201   1223    0    0    0 105.61   22.78   1.22  18.41  63.20  55.05  42.00  94.05  20.00  67.05  56.05  95.00  53.05  48.00  94.00  52.05  1.00 GHz  0.80 GHz  4.70 GHz   N/A     
11:51:26   6.3   0.0   0.1  93.6   0.0    2    615   1548    2    2    2 108.03   23.62   1.23  19.23  63.94  55.05  43.00  94.05  20.00  66.05  56.05  96.00  53.05  48.00  94.00  52.05  0.89 GHz  0.80 GHz  4.70 GHz   N/A     
11:51:27   6.3   0.0   0.0  93.7   0.0    2    237   1249    0    0    0 106.17   23.06   1.22  18.69  63.20  55.05  43.00  94.05  20.00  66.05  56.05  96.00  53.05  48.00  94.00  52.05  0.89 GHz  0.80 GHz  4.70 GHz   N/A     
11:51:28   6.2   0.0   0.1  93.7   0.0    2    205   1217    0    0    0 103.97   21.96   1.22  17.59  63.19  55.05  42.00  94.05  20.00  67.05  56.05  95.00  53.05  48.00  94.00  52.05  1.11 GHz  0.80 GHz  4.70 GHz   N/A     
11:51:29   6.2   0.0   0.0  93.8   0.0    2    219   1246    0    0    0 105.03   22.48   1.22  18.12  63.21  55.05  42.00  94.05  20.00  67.05  56.05  96.00  53.05  48.00  94.00  52.05  0.89 GHz  0.80 GHz  4.70 GHz   N/A     
11:51:30   6.2   0.0   0.1  93.7   0.0    2    192   1216    0    0    0 104.84   22.39   1.22  18.06  63.17  56.05  42.00  94.05  20.00  67.05  56.05  95.00  53.05  48.00  94.00  52.05  0.89 GHz  0.80 GHz  4.70 GHz   N/A     
11:51:31   6.3   0.0   0.1  93.7   0.0    2    748   1624    2    2    2 106.46   23.06   1.23  18.65  63.52  56.05  43.00  94.05  20.00  67.05  56.05  95.00  53.05  48.00  94.00  52.05  1.00 GHz  0.80 GHz  4.70 GHz   N/A     
11:51:32   6.3   0.0   0.1  93.7   0.0    2    393   1285    0    0    0 108.18   23.99   1.23  19.62  63.33  55.05  43.00  94.05  20.00  67.05  56.05  95.00  53.05  48.00  94.00  52.05  0.89 GHz  0.80 GHz  4.70 GHz   N/A     
11:51:33   6.2   0.0   0.1  93.7   0.0    2    198   1207    0    0    0  99.92   19.96   1.22  15.60  63.13  55.05  42.00  94.05  20.00  67.05  56.05  95.00  53.05  48.00  94.00  52.05  0.89 GHz  0.80 GHz  4.70 GHz   N/A     
11:51:34   6.3   0.0   0.0  93.6   0.1    2    260   1257    0    0    0 102.91   21.24   1.22  16.85  63.59  56.05  43.00  94.05  20.00  67.05  56.05  95.00  53.05  48.00  94.00  52.05  0.89 GHz  0.80 GHz  4.70 GHz   N/A     
11:51:35   6.2   0.0   0.1  93.7   0.0    2    256   1261    0    0    0 102.29   20.94   1.22  16.55  63.57  56.05  43.00  94.05  20.00  67.05  56.05  95.00  53.05  48.00  94.00  52.05  1.00 GHz  0.80 GHz  4.70 GHz   N/A     
11:51:36   6.3   0.0   0.1  93.6   0.0    2    639   1519    2    2    2 105.05   22.33   1.23  17.96  63.52  55.05  43.00  94.05  20.00  67.05  56.05  95.00  53.05  48.00  94.00  52.05  1.24 GHz  0.80 GHz  4.70 GHz   N/A     
11:51:37   6.2   0.0   0.1  93.7   0.0    2    227   1254    0    0    1 106.13   23.03   1.22  18.67  63.20  55.05  43.00  94.05  20.00  67.05  56.05  95.00  53.05  48.00  94.00  52.05  1.00 GHz  0.80 GHz  4.70 GHz   N/A     
  Time    User  Nice   Sys  Idle    IO  Run Ctxt/s  IRQ/s Fork Exec Exit  Watts   pkg-0   dram   core   psys   SEN3 pch_co   B0D4 INT340   SEN2   SEN4 x86_pk   SEN5 iwlwif acpitz   SEN1  CPU Freq  Freq Min  Freq Max  GPU Freq
11:51:38   6.2   0.0   0.1  93.7   0.0    2    238   1233    1    0    0 105.15   22.32   1.23  17.94  63.67  56.05  41.00  94.05  20.00  67.05  56.05  95.00  53.05  48.00  94.00  52.05  1.11 GHz  0.80 GHz  4.70 GHz   N/A     
11:51:39   6.3   0.0   0.0  93.7   0.0    2    283   1283    0    0    0 108.71   24.13   1.22  19.74  63.62  56.05  43.00  94.05  20.00  67.05  56.05  95.00  53.05  49.00  94.00  52.05  0.89 GHz  0.80 GHz  4.70 GHz   N/A     
11:51:40   6.2   0.0   0.1  93.6   0.1    2    236   1229    0    0    0 106.82   23.21   1.22  18.82  63.58  56.05  41.00  94.05  20.00  66.05  56.05  95.00  53.05  48.00  94.00  52.05  0.89 GHz  0.80 GHz  4.70 GHz   N/A     
11:51:41   6.3   0.0   0.1  93.6   0.0    2    700   1544    2    2    2 102.65   21.13   1.23  16.76  63.54  56.05  42.00  94.05  20.00  66.05  56.05  95.00  53.05  48.00  94.00  52.05  0.89 GHz  0.80 GHz  4.70 GHz   N/A     
-------- ----- ----- ----- ----- ----- ---- ------ ------ ---- ---- ---- ------  ------ ------ ------ ------ ------ ------ ------ ------ ------ ------ ------ ------ ------ ------ ------ --------- --------- --------- ---------
 Average   6.3   0.0   0.1  93.7   0.0  2.0  465.7 2796.8  0.6  0.4  0.6 107.38   22.94   1.23  18.55  64.66  56.48  44.37  97.34  20.00  67.75  59.01  98.42  55.69  50.21  97.29  54.42  1.12 GHz  0.84 GHz  4.69 GHz   N/A     
 GeoMean   6.3   0.0   0.0  93.7   0.0  2.0  354.3 2352.0  0.0  0.0  0.0 107.33   22.91   1.23  18.51  64.65  56.47  44.35  97.22  20.00  67.71  58.97  98.41  55.65  50.19  97.17  54.37  1.07 GHz  0.82 GHz  4.69 GHz   N/A     
  StdDev   0.2   0.0   0.0   0.2   0.0  0.1  633.8 1562.4  1.1  0.8  1.1   3.27    1.18   0.00   1.17   1.32   1.33   1.37   4.26   0.00   2.21   2.40   1.68   2.37   1.43   4.26   2.45  0.48 GHz  0.38 GHz  0.03 GHz   N/A     
-------- ----- ----- ----- ----- ----- ---- ------ ------ ---- ---- ---- ------  ------ ------ ------ ------ ------ ------ ------ ------ ------ ------ ------ ------ ------ ------ ------ --------- --------- --------- ---------
 Minimum   2.3   0.0   0.0  93.1   0.0  2.0  175.0 1207.0  0.0  0.0  0.0  70.46   12.72   1.22   8.48  48.01  51.05  41.00  60.05  20.00  55.05  56.05  95.00  53.05  48.00  60.00  52.05  0.89 GHz  0.80 GHz  4.55 GHz   N/A     
 Maximum   6.5   0.0   0.2  97.4   0.3  4.0 10592.0 6361.0  9.0  5.0  6.0 116.01   26.04   1.26  21.62  68.82  58.05  47.00 100.05  20.00  70.05  64.05 100.00  61.05  54.00 100.00  61.05  4.44 GHz  4.21 GHz  4.72 GHz   N/A     
-------- ----- ----- ----- ----- ----- ---- ------ ------ ---- ---- ---- ------  ------ ------ ------ ------ ------ ------ ------ ------ ------ ------ ------ ------ ------ ------ ------ --------- --------- --------- ---------
Summary:
CPU: 107.38 Watts on average with standard deviation 3.27  
Note: power read from RAPL domains: pkg-0, dram, core, psys.
These readings do not cover all the hardware in this device.

C-State    Resident      Count Latency 
C3_ACPI     92.724%     628784    1034
C2_ACPI      0.678%      50737     151
C1_ACPI      0.140%      46578       1
POLL         0.000%       1549       0
C0           6.458%

Histogram (of 400 power measurements)

  Range (Watts)   Count
 70.463 -  75.017     1 
 75.018 -  79.572     0 
 79.573 -  84.127     0 
 84.128 -  88.683     0 
 88.684 -  93.238     0 
 93.239 -  97.793     0 
 97.794 - 102.348     8 #
102.349 - 106.904   165 #################################
106.905 - 111.459   195 ########################################
111.460 - 116.014    31 ######

Histogram (of 400 CPU utilization measurements)

Range (%CPU)  Count
2.571 - 3.001     1 
3.002 - 3.432     0 
3.433 - 3.863     0 
3.864 - 4.295     0 
4.296 - 4.726     0 
4.727 - 5.157     0 
5.158 - 5.589     0 
5.590 - 6.020     0 
6.021 - 6.451   362 ########################################
6.452 - 6.883    37 ####

Histogram (of 400 CPU average frequencies)

Range (GHz)   Count
0.892 - 1.246   350 ########################################
1.247 - 1.601    23 ##
1.602 - 1.956    11 #
1.957 - 2.311     3 
2.312 - 2.666     6 
2.667 - 3.021     1 
3.022 - 3.377     1 
3.378 - 3.732     0 
3.733 - 4.087     0 
4.088 - 4.442     5 

Histogram (of 400 thermal zone SEN3 readings)

 Range (°C)    Count
51.050 - 51.749     7 #
51.750 - 52.449     4 #
52.450 - 53.149     8 ##
53.150 - 53.849     0 
53.850 - 54.549     6 #
54.550 - 55.249    30 #######
55.250 - 55.949     0 
55.950 - 56.649   120 ##############################
56.650 - 57.349   159 ########################################
57.350 - 58.049    66 ################

Histogram (of 400 thermal zone pch_cometlake readings)

 Range (°C)    Count
41.000 - 41.599     6 #
41.600 - 42.199    22 ######
42.200 - 42.799     0 
42.800 - 43.399   106 #################################
43.400 - 43.999    55 #################
44.000 - 44.599     0 
44.600 - 45.199   126 ########################################
45.200 - 45.799     0 
45.800 - 46.399    66 ####################
46.400 - 46.999    19 ######

Histogram (of 400 thermal zone B0D4 readings)

  Range (°C)     Count
 60.050 -  64.049     3 
 64.050 -  68.049     0 
 68.050 -  72.049     2 
 72.050 -  76.049     0 
 76.050 -  80.049     0 
 80.050 -  84.049     0 
 84.050 -  88.049     2 
 88.050 -  92.049     0 
 92.050 -  96.049   115 ################
 96.050 - 100.049   278 ########################################

Range is zero, cannot produce histogram of thermal zone INT3400 Thermal

Histogram (of 400 thermal zone SEN2 readings)

 Range (°C)    Count
55.050 - 56.549     3 
56.550 - 58.049     4 
58.050 - 59.549     2 
59.550 - 61.049     4 
61.050 - 62.549     4 
62.550 - 64.049     6 #
64.050 - 65.549     6 #
65.550 - 67.049   111 ###########################
67.050 - 68.549    97 #######################
68.550 - 70.049   163 ########################################

Histogram (of 400 thermal zone SEN4 readings)

 Range (°C)    Count
56.050 - 56.849    69 ###################################
56.850 - 57.649    78 ########################################
57.650 - 58.449    59 ##############################
58.450 - 59.249    40 ####################
59.250 - 60.049    40 ####################
60.050 - 60.849     0 
60.850 - 61.649    32 ################
61.650 - 62.449    26 #############
62.450 - 63.249    54 ###########################
63.250 - 64.049     2 #

Histogram (of 400 thermal zone x86_pkg_temp readings)

  Range (°C)     Count
 95.000 -  95.499    28 #######
 95.500 -  95.999    50 ############
 96.000 -  96.499     0 
 96.500 -  96.999    41 ##########
 97.000 -  97.499     0 
 97.500 -  97.999    43 ##########
 98.000 -  98.499     0 
 98.500 -  98.999    81 ####################
 99.000 -  99.499     0 
 99.500 -  99.999   157 ########################################

Histogram (of 400 thermal zone SEN5 readings)

 Range (°C)    Count
53.050 - 53.849    81 #######################################
53.850 - 54.649    82 ########################################
54.650 - 55.449    75 ####################################
55.450 - 56.249    36 #################
56.250 - 57.049    36 #################
57.050 - 57.849     0 
57.850 - 58.649    24 ###########
58.650 - 59.449    25 ############
59.450 - 60.249    24 ###########
60.250 - 61.049    17 ########

Histogram (of 400 thermal zone iwlwifi_1 readings)

 Range (°C)    Count
48.000 - 48.599    42 ############
48.600 - 49.199   134 ########################################
49.200 - 49.799     0 
49.800 - 50.399    17 #####
50.400 - 50.999   128 ######################################
51.000 - 51.599     0 
51.600 - 52.199    69 ####################
52.200 - 52.799     0 
52.800 - 53.399     5 #
53.400 - 53.999     5 #

Histogram (of 400 thermal zone acpitz readings)

  Range (°C)     Count
 60.000 -  63.999     3 
 64.000 -  67.999     0 
 68.000 -  71.999     2 
 72.000 -  75.999     0 
 76.000 -  79.999     0 
 80.000 -  83.999     0 
 84.000 -  87.999     2 
 88.000 -  91.999     0 
 92.000 -  95.999   115 ################
 96.000 -  99.999   278 ########################################

Histogram (of 400 thermal zone SEN1 readings)

 Range (°C)    Count
52.050 - 52.949   105 ########################################
52.950 - 53.849    83 ###############################
53.850 - 54.749    62 #######################
54.750 - 55.649    52 ###################
55.650 - 56.549    30 ###########
56.550 - 57.449    21 ########
57.450 - 58.349    12 ####
58.350 - 59.249    10 ###
59.250 - 60.149     6 ##
60.150 - 61.049    19 #######
