Running for 400.0 seconds (400 samples at 1.0 second intervals).
Power measurements will start in 0 seconds time.

  Time    User  Nice   Sys  Idle    IO  Run Ctxt/s  IRQ/s Fork Exec Exit  Watts   pkg-0   dram   core   psys   SEN3 pch_co   B0D4 INT340   SEN2   SEN4 x86_pk   SEN5 iwlwif acpitz   SEN1  CPU Freq  Freq Min  Freq Max  GPU Freq
11:14:11   0.0   0.0   0.1  99.9   0.0    1    562    412    2    2    2  38.63    4.02   1.23   0.14  33.23  48.05  46.00  55.05  20.00  50.05  59.05  56.00  57.05  49.00  55.00  56.05  0.80 GHz  0.80 GHz  0.80 GHz   N/A     
11:14:12   0.1   0.0   0.1  99.8   0.1    1    235    189    0    0    0  38.19    3.93   1.23   0.05  32.98  48.05  46.00  55.05  20.00  50.05  59.05  56.00  57.05  49.00  55.00  56.05  0.82 GHz  0.80 GHz  1.14 GHz   N/A     
11:14:13   0.0   0.0   0.1  99.9   0.1    1    241    190    0    0    0  38.26    3.94   1.23   0.06  33.03  48.05  45.00  55.05  20.00  50.05  59.05  56.00  57.05  49.00  55.00  56.05  0.80 GHz  0.80 GHz  0.80 GHz   N/A     
11:14:14   0.0   0.0   0.1  99.9   0.0    1    272    222    0    0    0  37.88    3.92   1.23   0.06  32.67  48.05  45.00  55.05  20.00  50.05  59.05  56.00  57.05  49.00  55.00  56.05  0.80 GHz  0.80 GHz  0.80 GHz   N/A     
11:14:15   0.1   0.0   0.1  99.7   0.0    1    295    241    0    0    0  37.93    3.94   1.23   0.07  32.69  48.05  45.00  55.05  20.00  50.05  59.05  56.00  57.05  49.00  55.00  56.05  0.80 GHz  0.80 GHz  0.80 GHz   N/A     
11:14:16   0.1   0.0   0.1  99.7   0.1    1    648    500    2    2    2  38.67    4.00   1.23   0.11  33.33  48.05  45.00  55.05  20.00  50.05  59.05  56.00  57.05  49.00  55.00  56.05  0.80 GHz  0.80 GHz  0.80 GHz   N/A     
11:14:17   0.0   0.0   0.1  99.9   0.0    1    200    165    0    0    0  37.70    3.88   1.22   0.04  32.56  48.05  46.00  55.05  20.00  51.05  59.05  56.00  57.05  49.00  55.00  56.05  0.80 GHz  0.80 GHz  0.80 GHz   N/A     
11:14:18   0.1   0.0   0.1  99.9   0.0    1    261    203    0    0    0  37.78    3.91   1.23   0.05  32.59  48.05  45.00  55.05  20.00  51.05  59.05  56.00  57.05  49.00  55.00  56.05  0.80 GHz  0.80 GHz  0.80 GHz   N/A     
11:14:19   0.0   0.0   0.1  99.9   0.0    1    260    293    0    0    6  37.87    3.91   1.23   0.06  32.68  48.05  45.00  55.05  20.00  51.05  59.05  56.00  57.05  49.00  55.00  56.05  0.80 GHz  0.80 GHz  0.80 GHz   N/A     
11:14:20   0.0   0.0   0.1  99.9   0.0    1    216    159    0    0    0  37.82    3.90   1.22   0.05  32.65  48.05  45.00  55.05  20.00  51.05  59.05  56.00  57.05  49.00  55.00  56.05  0.80 GHz  0.80 GHz  0.80 GHz   N/A     
11:14:21   0.1   0.0   0.1  99.8   0.0    1    623    488    2    2    2  39.03    4.02   1.23   0.10  33.68  48.05  45.00  55.05  20.00  51.05  60.05  56.00  57.05  49.00  55.00  56.05  0.80 GHz  0.80 GHz  0.80 GHz   N/A     
11:14:22   0.0   0.0   0.1  99.9   0.0    1    255    194    0    0    0  37.92    3.91   1.23   0.05  32.73  48.05  45.00  55.05  20.00  51.05  60.05  56.00  57.05  49.00  55.00  56.05  0.82 GHz  0.80 GHz  1.31 GHz   N/A     
11:14:23   0.0   0.0   0.1  99.9   0.0    1    220    183    0    0    0  37.83    3.90   1.23   0.04  32.66  48.05  45.00  55.05  20.00  51.05  60.05  56.00  57.05  49.00  55.00  56.05  0.80 GHz  0.80 GHz  0.80 GHz   N/A     
11:14:24   0.1   0.0   0.1  99.8   0.0    1    282    193    1    0    0  38.03    3.92   1.23   0.05  32.82  48.05  45.00  55.05  20.00  51.05  60.05  56.00  57.05  49.00  55.00  56.05  0.80 GHz  0.80 GHz  0.80 GHz   N/A     
11:14:25   0.0   0.0   0.1  99.9   0.0    1    212    161    0    0    0  37.88    3.90   1.22   0.05  32.71  48.05  45.00  55.05  20.00  51.05  60.05  56.00  57.05  49.00  55.00  56.05  0.80 GHz  0.80 GHz  0.80 GHz   N/A     
11:14:26   0.1   0.0   0.2  99.7   0.0    1    625    458    2    2    2  38.62    4.00   1.24   0.10  33.29  48.05  45.00  55.05  20.00  51.05  60.05  56.00  57.05  49.00  55.00  56.05  0.80 GHz  0.80 GHz  0.83 GHz   N/A     
11:14:27   0.0   0.0   0.1  99.9   0.0    1    210    196    0    0    0  37.83    3.90   1.22   0.05  32.66  49.05  45.00  56.05  20.00  50.05  60.05  56.00  57.05  49.00  56.00  56.05  0.80 GHz  0.80 GHz  0.80 GHz   N/A     
11:14:28   0.0   0.0   0.1  99.9   0.0    1    238    184    0    0    0  37.97    3.91   1.23   0.05  32.78  49.05  45.00  56.05  20.00  50.05  60.05  56.00  57.05  49.00  56.00  56.05  0.80 GHz  0.80 GHz  0.80 GHz   N/A     
11:14:29   0.1   0.0   0.1  99.7   0.0    1    469    259    1    0    0  38.62    3.98   1.23   0.07  33.33  48.05  45.00  56.05  20.00  51.05  60.05  56.00  58.05  49.00  56.00  57.05  0.80 GHz  0.80 GHz  0.80 GHz   N/A     
11:14:30   0.0   0.0   0.1  99.9   0.0    1    244    192    0    0    0  38.31    3.94   1.23   0.06  33.08  48.05  44.00  56.05  20.00  51.05  60.05  56.00  58.05  49.00  56.00  57.05  0.80 GHz  0.80 GHz  0.80 GHz   N/A     
11:14:31   0.1   0.0   0.1  99.7   0.1    1    608    482    2    2    2  38.67    3.99   1.23   0.10  33.35  49.05  45.00  56.05  20.00  51.05  60.05  56.00  57.05  49.00  56.00  57.05  0.80 GHz  0.80 GHz  0.80 GHz   N/A     
11:14:32   0.0   0.0   0.1  99.9   0.0    1    187    157    0    0    0  37.82    3.90   1.22   0.05  32.66  49.05  45.00  56.05  20.00  51.05  60.05  56.00  57.05  49.00  56.00  57.05  0.80 GHz  0.80 GHz  0.80 GHz   N/A     
11:14:33   0.0   0.0   0.1  99.9   0.1    1    240    180    0    0    0  38.28    3.94   1.23   0.05  33.06  49.05  45.00  56.05  20.00  51.05  60.05  56.00  58.05  49.00  56.00  57.05  0.80 GHz  0.80 GHz  0.80 GHz   N/A     
11:14:34   0.0   0.0   0.1  99.9   0.0    1    267    217    0    0    0  38.44    3.95   1.23   0.06  33.21  49.05  45.00  56.05  20.00  51.05  60.05  56.00  58.05  49.00  56.00  57.05  0.80 GHz  0.80 GHz  0.80 GHz   N/A     
11:14:35   0.1   0.0   0.1  99.9   0.0    1    220    192    0    0    0  37.90    3.91   1.22   0.06  32.70  49.05  45.00  56.05  20.00  51.05  60.05  57.00  58.05  49.00  56.00  57.05  0.80 GHz  0.80 GHz  0.80 GHz   N/A     
11:14:36   0.1   0.0   0.2  99.7   0.0    1    587    438    2    2    2  38.20    3.96   1.23   0.09  32.93  49.05  45.00  56.05  20.00  51.05  60.05  56.00  58.05  49.00  56.00  57.05  0.80 GHz  0.80 GHz  0.80 GHz   N/A     
11:14:37   0.0   0.0   0.1  99.9   0.0    1    239    177    0    0    0  38.02    3.91   1.23   0.05  32.83  49.05  45.00  56.05  20.00  51.05  60.05  57.00  57.05  50.00  56.00  57.05  0.80 GHz  0.80 GHz  0.80 GHz   N/A     
11:14:38   0.1   0.0   0.1  99.9   0.0    1    287    190    0    0    0  37.96    3.92   1.23   0.05  32.77  49.05  47.00  56.05  20.00  51.05  60.05  57.00  57.05  49.00  56.00  57.05  0.80 GHz  0.80 GHz  0.80 GHz   N/A     
11:14:39   0.0   0.0   0.1  99.9   0.0    1    244    219    0    0    1  37.93    3.92   1.23   0.07  32.71  49.05  45.00  56.05  20.00  51.05  61.05  57.00  58.05  49.00  56.00  57.05  0.80 GHz  0.80 GHz  0.80 GHz   N/A     
11:14:40   0.1   0.0   0.1  99.9   0.0    1    289    209    0    0    0  37.93    3.91   1.23   0.05  32.73  49.05  45.00  56.05  20.00  51.05  61.05  57.00  58.05  49.00  56.00  57.05  0.80 GHz  0.80 GHz  0.80 GHz   N/A     
11:14:41   0.0   0.0   0.2  99.8   0.0    1    577    443    2    2    2  38.36    3.97   1.23   0.10  33.06  49.05  45.00  56.05  20.00  51.05  60.05  57.00  58.05  49.00  56.00  57.05  0.81 GHz  0.80 GHz  0.93 GHz   N/A     
11:14:42   0.0   0.0   0.1  99.9   0.0    1    242    187    0    0    0  38.00    3.91   1.23   0.05  32.82  49.05  46.00  56.05  20.00  51.05  60.05  57.00  58.05  49.00  56.00  57.05  0.80 GHz  0.80 GHz  0.80 GHz   N/A     
11:14:43   0.1   0.0   0.1  99.8   0.1    1    238    208    0    0    0  38.80    3.97   1.23   0.06  33.53  49.05  46.00  56.05  20.00  51.05  60.05  57.00  58.05  49.00  56.00  57.05  0.80 GHz  0.80 GHz  0.80 GHz   N/A     
11:14:44   0.0   0.0   0.1  99.9   0.0    1    276    230    0    0    0  38.60    3.96   1.23   0.06  33.34  49.05  45.00  56.05  20.00  51.05  60.05  57.00  58.05  51.00  56.00  57.05  0.80 GHz  0.80 GHz  0.80 GHz   N/A     
11:14:45   0.0   0.0   0.1  99.9   0.0    1    212    194    0    0    0  37.89    3.92   1.23   0.06  32.68  49.05  45.00  56.05  20.00  51.05  60.05  57.00  58.05  49.00  56.00  57.05  0.80 GHz  0.80 GHz  0.80 GHz   N/A     
11:14:46   0.1   0.0   0.2  99.7   0.0    1    643    449    2    2    2  38.42    3.99   1.24   0.12  33.08  49.05  46.00  56.05  20.00  51.05  60.05  57.00  58.05  49.00  56.00  57.05  0.80 GHz  0.80 GHz  0.80 GHz   N/A     
11:14:47   0.0   0.0   0.1  99.9   0.0    1    204    173    0    0    0  37.89    3.89   1.22   0.04  32.73  49.05  46.00  56.05  20.00  51.05  61.05  57.00  58.05  49.00  56.00  57.05  0.80 GHz  0.80 GHz  0.80 GHz   N/A     
11:14:48   0.1   0.0   0.1  99.9   0.0    1    218    171    0    0    0  37.94    3.90   1.22   0.04  32.77  49.05  45.00  56.05  20.00  51.05  61.05  56.00  58.05  49.00  56.00  57.05  0.80 GHz  0.80 GHz  0.80 GHz   N/A     
11:14:49   0.0   0.0   0.1  99.9   0.1    1    241    202    0    0    0  38.87    3.97   1.23   0.06  33.61  49.05  46.00  56.05  20.00  51.05  60.05  57.00  58.05  49.00  56.00  57.05  0.80 GHz  0.80 GHz  0.80 GHz   N/A     
11:14:50   0.0   0.0   0.1  99.9   0.0    1    238    192    0    0    0  38.03    3.92   1.23   0.06  32.83  49.05  45.00  56.05  20.00  51.05  60.05  57.00  58.05  49.00  56.00  57.05  0.80 GHz  0.80 GHz  0.80 GHz   N/A     
11:14:51   0.0   0.0   0.3  99.7   0.0    1    622    464    2    2    2  38.83    4.01   1.23   0.11  33.48  49.05  45.00  56.05  20.00  51.05  60.05  57.00  58.05  49.00  56.00  57.05  0.80 GHz  0.80 GHz  0.80 GHz   N/A     
11:14:52   0.1   0.0   0.1  99.9   0.0    1    236    170    0    0    0  37.93    3.90   1.23   0.04  32.77  49.05  45.00  56.05  20.00  51.05  60.05  57.00  58.05  49.00  56.00  57.05  0.80 GHz  0.80 GHz  0.80 GHz   N/A     
11:14:53   0.0   0.0   0.1  99.9   0.0    1    226    172    0    0    0  37.95    3.90   1.22   0.05  32.78  49.05  47.00  56.05  20.00  52.05  60.05  57.00  58.05  49.00  56.00  57.05  0.80 GHz  0.80 GHz  0.80 GHz   N/A     
11:14:54   0.1   0.0   0.1  99.9   0.0    1    263    200    0    0    0  38.06    3.92   1.23   0.06  32.85  49.05  46.00  56.05  20.00  52.05  60.05  57.00  58.05  49.00  56.00  57.05  0.80 GHz  0.80 GHz  0.80 GHz   N/A     
  Time    User  Nice   Sys  Idle    IO  Run Ctxt/s  IRQ/s Fork Exec Exit  Watts   pkg-0   dram   core   psys   SEN3 pch_co   B0D4 INT340   SEN2   SEN4 x86_pk   SEN5 iwlwif acpitz   SEN1  CPU Freq  Freq Min  Freq Max  GPU Freq
11:14:55   0.0   0.0   0.1  99.9   0.0    1    212    179    0    0    0  37.82    3.90   1.22   0.05  32.64  49.05  45.00  56.05  20.00  51.05  60.05  57.00  58.05  49.00  56.00  57.05  0.80 GHz  0.80 GHz  0.80 GHz   N/A     
11:14:56   0.1   0.0   0.2  99.7   0.0    1    596    449    2    2    2  38.45    4.01   1.23   0.13  33.09  49.05  45.00  56.05  20.00  51.05  60.05  57.00  58.05  49.00  56.00  57.05  0.80 GHz  0.80 GHz  0.80 GHz   N/A     
11:14:57   0.0   0.0   0.1  99.9   0.1    1    229    191    0    0    0  38.55    3.94   1.23   0.05  33.33  49.05  45.00  56.05  20.00  51.05  60.05  57.00  58.05  49.00  56.00  57.05  0.80 GHz  0.80 GHz  0.80 GHz   N/A     
11:14:58   0.1   0.0   0.1  99.8   0.0    1    406    322    0    0    0  38.55    3.98   1.24   0.09  33.24  49.05  45.00  56.05  20.00  51.05  60.05  57.00  58.05  51.00  56.00  57.05  0.80 GHz  0.80 GHz  0.80 GHz   N/A     
11:14:59   0.1   0.0   0.2  99.7   0.0    1    451    267    0    0    0  38.32    3.95   1.23   0.07  33.08  49.05  45.00  56.05  20.00  52.05  61.05  57.00  58.05  51.00  56.00  57.05  0.80 GHz  0.80 GHz  0.80 GHz   N/A     
11:15:00   0.0   0.0   0.1  99.9   0.0    1    302    222    0    0    0  38.21    3.94   1.23   0.07  32.97  49.05  45.00  56.05  20.00  52.05  61.05  57.00  58.05  51.00  56.00  57.05  0.80 GHz  0.80 GHz  0.80 GHz   N/A     
11:15:01   0.1   0.0   0.2  99.6   0.0    1    706    531    2    2    2  38.50    3.99   1.23   0.11  33.18  49.05  45.00  57.05  20.00  52.05  61.05  57.00  58.05  50.00  57.00  58.05  0.80 GHz  0.80 GHz  0.80 GHz   N/A     
11:15:02   0.0   0.0   0.1  99.8   0.1    1    347    336    3    2    3  38.65    3.97   1.23   0.08  33.37  49.05  46.00  57.05  20.00  52.05  61.05  57.00  58.05  50.00  57.00  58.05  0.80 GHz  0.80 GHz  0.80 GHz   N/A     
11:15:03   0.1   0.0   0.1  99.9   0.0    1    234    200    0    0    0  38.48    3.94   1.23   0.05  33.26  49.05  46.00  57.05  20.00  51.05  61.05  57.00  58.05  50.00  57.00  58.05  0.80 GHz  0.80 GHz  0.80 GHz   N/A     
11:15:04   0.0   0.0   0.1  99.9   0.0    1    252    207    0    0    0  38.20    3.91   1.23   0.05  33.01  49.05  46.00  57.05  20.00  51.05  61.05  57.00  58.05  50.00  57.00  58.05  0.80 GHz  0.80 GHz  0.80 GHz   N/A     
11:15:05   0.1   0.1   0.1  99.8   0.0    1    399    344    0    0    0  38.56    3.97   1.24   0.08  33.28  49.05  45.00  57.05  20.00  52.05  61.05  57.00  58.05  51.00  57.00  58.05  0.80 GHz  0.80 GHz  0.80 GHz   N/A     
11:15:06   0.1   0.0   0.1  99.8   0.0    1    694    452    2    2    2  38.67    3.99   1.23   0.11  33.34  49.05  47.00  57.05  20.00  52.05  61.05  57.00  58.05  51.00  57.00  58.05  0.80 GHz  0.80 GHz  0.80 GHz   N/A     
11:15:07   0.0   0.0   0.1  99.8   0.1    1    246    208    0    0    0  39.01    3.97   1.23   0.06  33.75  49.05  46.00  57.05  20.00  52.05  61.05  57.00  59.05  51.00  57.00  58.05  0.80 GHz  0.80 GHz  0.80 GHz   N/A     
11:15:08   0.1   0.0   0.1  99.9   0.0    1    218    180    0    0    0  38.63    3.92   1.23   0.04  33.44  49.05  45.00  57.05  20.00  52.05  61.05  58.00  59.05  51.00  57.00  58.05  0.80 GHz  0.80 GHz  0.80 GHz   N/A     
11:15:09   0.0   0.0   0.1  99.9   0.0    1    239    222    0    0    2  38.25    3.92   1.23   0.05  33.05  49.05  45.00  57.05  20.00  52.05  61.05  58.00  58.05  50.00  57.00  58.05  0.80 GHz  0.80 GHz  0.80 GHz   N/A     
11:15:10   0.0   0.0   0.1  99.9   0.0    1    273    212    0    0    0  38.45    3.95   1.23   0.06  33.22  49.05  45.00  57.05  20.00  52.05  61.05  57.00  58.05  50.00  57.00  58.05  0.80 GHz  0.80 GHz  0.80 GHz   N/A     
11:15:11   0.1   0.0   0.2  99.8   0.0    1    579    492    2    2    2  38.53    4.00   1.23   0.11  33.20  49.05  45.00  57.05  20.00  52.05  61.05  58.00  58.05  50.00  57.00  58.05  0.82 GHz  0.80 GHz  1.15 GHz   N/A     
11:15:12   0.0   0.0   0.1  99.9   0.0    1    244    192    1    0    0  38.35    3.92   1.23   0.05  33.15  49.05  45.00  57.05  20.00  52.05  61.05  58.00  58.05  51.00  57.00  58.05  0.80 GHz  0.80 GHz  0.80 GHz   N/A     
11:15:13   0.1   0.0   0.1  99.8   0.1    1    221    173    0    0    0  38.60    3.94   1.23   0.05  33.38  49.05  45.00  57.05  20.00  52.05  61.05  58.00  58.05  50.00  57.00  58.05  0.80 GHz  0.80 GHz  0.80 GHz   N/A     
11:15:14   0.0   0.0   0.1  99.9   0.0    1    248    201    0    0    0  38.09    3.91   1.23   0.05  32.91  49.05  46.00  57.05  20.00  52.05  61.05  58.00  58.05  50.00  57.00  58.05  0.80 GHz  0.80 GHz  0.80 GHz   N/A     
11:15:15   0.0   0.0   0.1  99.9   0.0    1    226    200    0    0    0  38.24    3.91   1.22   0.05  33.05  49.05  45.00  57.05  20.00  52.05  61.05  58.00  59.05  50.00  57.00  58.05  0.80 GHz  0.80 GHz  0.80 GHz   N/A     
11:15:16   0.1   0.0   0.1  99.8   0.0    1    599    404    2    2    2  38.39    3.99   1.23   0.11  33.06  49.05  46.00  57.05  20.00  52.05  61.05  58.00  59.05  50.00  57.00  58.05  0.80 GHz  0.80 GHz  0.80 GHz   N/A     
11:15:17   0.1   0.0   0.1  99.9   0.0    1    210    167    0    0    0  38.23    3.91   1.22   0.05  33.04  49.05  45.00  57.05  20.00  52.05  61.05  58.00  59.05  50.00  57.00  58.05  0.80 GHz  0.80 GHz  0.80 GHz   N/A     
11:15:18   0.0   0.0   0.1  99.9   0.0    1    250    187    0    0    0  38.12    3.91   1.23   0.05  32.94  49.05  47.00  57.05  20.00  52.05  61.05  58.00  59.05  50.00  57.00  58.05  0.80 GHz  0.80 GHz  0.80 GHz   N/A     
11:15:19   0.0   0.0   0.1  99.9   0.0    1    212    189    0    0    0  38.04    3.91   1.22   0.05  32.85  50.05  45.00  57.05  20.00  52.05  61.05  58.00  59.05  50.00  57.00  58.05  0.80 GHz  0.80 GHz  0.80 GHz   N/A     
11:15:20   0.0   0.0   0.0  99.9   0.1    1    231    199    0    0    0  38.62    3.95   1.23   0.07  33.38  50.05  45.00  57.05  20.00  52.05  61.05  58.00  59.05  50.00  57.00  58.05  0.80 GHz  0.80 GHz  0.80 GHz   N/A     
11:15:21   0.1   0.0   0.2  99.7   0.0    1    602    482    2    2    2  38.58    3.98   1.23   0.11  33.26  50.05  45.00  57.05  20.00  52.05  61.05  58.00  59.05  50.00  57.00  58.05  0.82 GHz  0.80 GHz  1.14 GHz   N/A     
11:15:22   0.0   0.0   0.1  99.9   0.0    1    249    183    0    0    0  38.17    3.91   1.23   0.05  32.98  50.05  46.00  57.05  20.00  52.05  61.05  58.00  59.05  50.00  57.00  58.05  0.80 GHz  0.80 GHz  0.80 GHz   N/A     
11:15:23   0.0   0.0   0.1  99.9   0.0    1    233    197    0    0    0  38.21    3.91   1.23   0.05  33.03  50.05  46.00  57.05  20.00  52.05  61.05  58.00  59.05  50.00  57.00  58.05  0.80 GHz  0.80 GHz  0.80 GHz   N/A     
11:15:24   0.0   0.0   0.1  99.9   0.0    1    227    187    0    0    0  38.24    3.91   1.22   0.05  33.06  50.05  45.00  57.05  20.00  52.05  61.05  58.00  59.05  50.00  57.00  58.05  0.80 GHz  0.80 GHz  0.80 GHz   N/A     
11:15:25   0.1   0.0   0.1  99.9   0.0    1    203    157    0    0    0  38.12    3.90   1.23   0.04  32.95  50.05  44.00  57.05  20.00  53.05  61.05  58.00  59.05  50.00  57.00  58.05  0.80 GHz  0.80 GHz  0.80 GHz   N/A     
11:15:26   0.1   0.0   0.1  99.7   0.1    1    657    501    2    2    2  39.11    4.02   1.23   0.10  33.75  50.05  45.00  57.05  20.00  53.05  61.05  58.00  59.05  51.00  57.00  58.05  0.80 GHz  0.80 GHz  0.80 GHz   N/A     
11:15:27   0.0   0.0   0.1  99.9   0.0    1    212    179    0    0    0  38.18    3.90   1.22   0.04  33.01  50.05  45.00  57.05  20.00  53.05  62.05  58.00  59.05  51.00  57.00  58.05  0.80 GHz  0.80 GHz  0.80 GHz   N/A     
11:15:28   0.1   0.0   0.1  99.9   0.0    1    238    187    0    0    0  38.68    3.95   1.23   0.06  33.45  50.05  45.00  57.05  20.00  53.05  62.05  58.00  59.05  51.00  57.00  58.05  0.80 GHz  0.80 GHz  0.80 GHz   N/A     
11:15:29   0.1   0.0   0.2  99.8   0.0    1    420    240    0    0    0  38.40    3.96   1.23   0.08  33.14  49.05  46.00  57.05  20.00  53.05  62.05  58.00  59.05  50.00  57.00  58.05  0.80 GHz  0.80 GHz  0.80 GHz   N/A     
11:15:30   0.0   0.0   0.1  99.9   0.1    1    267    203    0    0    0  38.76    3.95   1.23   0.05  33.53  49.05  45.00  57.05  20.00  53.05  62.05  58.00  59.05  50.00  57.00  58.05  0.80 GHz  0.80 GHz  0.80 GHz   N/A     
11:15:31   0.1   0.0   0.2  99.6   0.1    1    686    498    3    2    2  39.32    4.03   1.23   0.11  33.95  50.05  46.00  57.05  20.00  53.05  62.05  58.00  59.05  51.00  57.00  58.05  0.80 GHz  0.80 GHz  0.80 GHz   N/A     
11:15:32   0.1   0.0   0.1  99.9   0.0    1    196    172    0    0    0  38.12    3.91   1.23   0.06  32.92  50.05  47.00  57.05  20.00  53.05  62.05  58.00  59.05  51.00  57.00  58.05  0.80 GHz  0.80 GHz  0.80 GHz   N/A     
11:15:33   0.0   0.0   0.1  99.9   0.0    1    220    168    0    0    0  38.27    3.90   1.22   0.04  33.10  49.05  45.00  57.05  20.00  52.05  62.05  58.00  59.05  51.00  57.00  58.05  0.80 GHz  0.80 GHz  0.80 GHz   N/A     
11:15:34   0.0   0.0   0.1  99.9   0.0    1    275    201    0    0    0  38.25    3.93   1.23   0.06  33.04  49.05  46.00  57.05  20.00  52.05  62.05  58.00  59.05  51.00  57.00  58.05  0.80 GHz  0.80 GHz  0.80 GHz   N/A     
11:15:35   0.0   0.0   0.1  99.9   0.0    1    240    203    0    0    0  38.76    3.95   1.23   0.06  33.51  50.05  45.00  57.05  20.00  53.05  62.05  58.00  59.05  51.00  57.00  59.05  0.80 GHz  0.80 GHz  0.80 GHz   N/A     
11:15:36   0.1   0.0   0.2  99.7   0.1    1    607    479    2    2    2  39.09    4.01   1.23   0.10  33.75  50.05  47.00  57.05  20.00  53.05  62.05  58.00  59.05  51.00  57.00  59.05  0.80 GHz  0.80 GHz  0.88 GHz   N/A     
11:15:37   0.1   0.0   0.1  99.9   0.0    1    222    176    0    0    0  38.34    3.91   1.22   0.05  33.16  50.05  46.00  58.05  20.00  53.05  62.05  58.00  59.05  51.00  58.00  59.05  0.80 GHz  0.80 GHz  0.80 GHz   N/A     
11:15:38   0.1   0.0   0.1  99.9   0.0    1    289    190    0    0    0  38.35    3.92   1.23   0.05  33.15  50.05  46.00  58.05  20.00  53.05  62.05  59.00  59.05  51.00  58.00  59.05  0.80 GHz  0.80 GHz  0.80 GHz   N/A     
  Time    User  Nice   Sys  Idle    IO  Run Ctxt/s  IRQ/s Fork Exec Exit  Watts   pkg-0   dram   core   psys   SEN3 pch_co   B0D4 INT340   SEN2   SEN4 x86_pk   SEN5 iwlwif acpitz   SEN1  CPU Freq  Freq Min  Freq Max  GPU Freq
11:15:39   0.0   0.0   0.1  99.9   0.0    1    231    187    0    0    0  38.28    3.91   1.23   0.05  33.08  50.05  47.00  58.05  20.00  53.05  62.05  58.00  59.05  51.00  58.00  59.05  0.80 GHz  0.80 GHz  0.80 GHz   N/A     
11:15:40   0.1   0.0   0.1  99.8   0.0    1    298    195    0    0    0  38.37    3.91   1.23   0.05  33.18  50.05  45.00  58.05  20.00  53.05  62.05  58.00  59.05  51.00  58.00  59.05  0.80 GHz  0.80 GHz  0.80 GHz   N/A     
11:15:41   0.1   0.0   0.1  99.8   0.0    1    601    429    2    2    3  39.01    4.01   1.23   0.10  33.66  50.05  45.00  58.05  20.00  53.05  62.05  58.00  59.05  51.00  58.00  59.05  0.80 GHz  0.80 GHz  0.80 GHz   N/A     
11:15:42   0.1   0.0   0.1  99.9   0.0    1    260    196    0    0    0  38.39    3.93   1.23   0.05  33.18  50.05  47.00  58.05  20.00  53.05  62.05  58.00  59.05  51.00  58.00  59.05  0.80 GHz  0.80 GHz  0.80 GHz   N/A     
11:15:43   0.0   0.0   0.1  99.9   0.0    1    233    177    0    0    0  38.35    3.91   1.23   0.05  33.16  50.05  46.00  58.05  20.00  53.05  62.05  58.00  59.05  51.00  58.00  59.05  0.80 GHz  0.80 GHz  0.80 GHz   N/A     
11:15:44   0.0   0.0   0.1  99.7   0.1    1    222    185    0    0    0  38.69    3.94   1.23   0.05  33.48  50.05  47.00  58.05  20.00  53.05  62.05  58.00  59.05  51.00  58.00  59.05  0.80 GHz  0.80 GHz  0.80 GHz   N/A     
11:15:45   0.1   0.0   0.1  99.9   0.0    1    208    178    0    0    0  38.33    3.91   1.22   0.05  33.15  50.05  47.00  58.05  20.00  53.05  62.05  58.00  59.05  51.00  58.00  59.05  0.80 GHz  0.80 GHz  0.80 GHz   N/A     
11:15:46   0.1   0.0   0.2  99.7   0.0    1    635    448    2    2    2  38.70    4.00   1.23   0.12  33.35  50.05  46.00  58.05  20.00  53.05  62.05  58.00  59.05  51.00  58.00  59.05  0.80 GHz  0.80 GHz  0.80 GHz   N/A     
11:15:47   0.0   0.0   0.1  99.9   0.0    1    216    188    0    0    0  38.75    3.93   1.23   0.04  33.55  50.05  46.00  58.05  20.00  53.05  62.05  58.00  59.05  51.00  58.00  59.05  0.80 GHz  0.80 GHz  0.80 GHz   N/A     
11:15:48   0.0   0.0   0.1  99.9   0.0    1    214    165    0    0    0  38.35    3.91   1.22   0.05  33.17  50.05  46.00  58.05  20.00  53.05  62.05  59.00  59.05  51.00  58.00  59.05  0.80 GHz  0.80 GHz  0.80 GHz   N/A     
11:15:49   0.0   0.0   0.1  99.9   0.0    1    203    168    0    0    0  38.30    3.91   1.22   0.05  33.12  50.05  46.00  58.05  20.00  53.05  62.05  59.00  59.05  51.00  58.00  59.05  0.80 GHz  0.80 GHz  0.80 GHz   N/A     
11:15:50   0.1   0.0   0.1  99.8   0.1    1    257    193    0    0    0  38.82    3.95   1.23   0.06  33.58  50.05  46.00  58.05  20.00  53.05  62.05  58.00  59.05  51.00  58.00  59.05  0.80 GHz  0.80 GHz  0.80 GHz   N/A     
11:15:51   0.1   0.0   0.2  99.7   0.0    1    616    449    2    2    2  39.13    4.00   1.23   0.10  33.80  50.05  46.00  58.05  20.00  53.05  62.05  58.00  59.05  51.00  58.00  59.05  0.80 GHz  0.80 GHz  0.80 GHz   N/A     
11:15:52   0.0   0.0   0.1  99.9   0.0    1    213    180    0    0    0  38.36    3.92   1.22   0.05  33.16  50.05  47.00  58.05  20.00  53.05  62.05  58.00  59.05  51.00  58.00  59.05  0.80 GHz  0.80 GHz  0.80 GHz   N/A     
11:15:53   0.0   0.0   0.1  99.9   0.0    1    228    168    0    0    0  38.35    3.90   1.22   0.04  33.18  50.05  47.00  58.05  20.00  53.05  62.05  58.00  60.05  51.00  58.00  59.05  0.80 GHz  0.80 GHz  0.80 GHz   N/A     
11:15:54   0.0   0.0   0.1  99.9   0.0    3    257    198    0    0    0  38.41    3.91   1.23   0.05  33.22  50.05  46.00  58.05  20.00  53.05  62.05  58.00  60.05  51.00  58.00  59.05  0.80 GHz  0.80 GHz  0.80 GHz   N/A     
11:15:55   0.1   0.0   0.1  99.9   0.0    2    212    171    0    0    0  38.35    3.91   1.22   0.05  33.17  50.05  46.00  58.05  20.00  53.05  62.05  59.00  60.05  51.00  58.00  59.05  0.80 GHz  0.80 GHz  0.80 GHz   N/A     
11:15:56   0.0   0.0   0.3  99.7   0.0    1    589    443    2    2    2  38.68    3.95   1.23   0.07  33.42  50.05  46.00  58.05  20.00  53.05  62.05  58.00  60.05  51.00  58.00  59.05  0.82 GHz  0.80 GHz  1.22 GHz   N/A     
11:15:57   0.0   0.0   0.1  99.9   0.0    1    208    173    0    0    0  38.36    3.91   1.22   0.05  33.18  50.05  45.00  58.05  20.00  53.05  62.05  58.00  60.05  51.00  58.00  59.05  0.80 GHz  0.80 GHz  0.80 GHz   N/A     
11:15:58   0.1   0.0   0.1  99.9   0.0    1    262    199    0    0    0  38.41    3.92   1.23   0.05  33.22  50.05  45.00  58.05  20.00  53.05  62.05  58.00  60.05  51.00  58.00  59.05  0.80 GHz  0.80 GHz  0.80 GHz   N/A     
11:15:59   0.0   0.0   0.2  99.7   0.1    1    472    267    0    0    0  39.16    4.00   1.23   0.09  33.83  50.05  47.00  58.05  20.00  53.05  62.05  58.00  60.05  51.00  58.00  59.05  0.86 GHz  0.80 GHz  2.45 GHz   N/A     
11:16:00   0.1   0.0   0.1  99.9   0.0    1    231    178    0    0    0  38.45    3.91   1.23   0.05  33.26  50.05  46.00  58.05  20.00  53.05  62.05  59.00  60.05  51.00  58.00  59.05  0.80 GHz  0.80 GHz  0.80 GHz   N/A     
11:16:01   0.1   0.0   0.2  99.7   0.0    1    687    524    2    2    2  39.31    4.03   1.23   0.12  33.93  50.05  47.00  58.05  20.00  53.05  62.05  59.00  60.05  51.00  58.00  59.05  0.82 GHz  0.80 GHz  1.13 GHz   N/A     
11:16:02   0.1   0.0   0.1  99.8   0.0    1    488    260    0    0    0  38.65    3.96   1.23   0.08  33.38  50.05  47.00  58.05  20.00  53.05  62.05  59.00  60.05  51.00  58.00  59.05  0.80 GHz  0.80 GHz  0.80 GHz   N/A     
11:16:03   0.1   0.0   0.1  99.8   0.0    1    218    187    0    0    0  38.46    3.91   1.23   0.05  33.27  50.05  47.00  58.05  20.00  53.05  62.05  59.00  60.05  51.00  58.00  59.05  0.80 GHz  0.80 GHz  0.80 GHz   N/A     
11:16:04   0.0   0.0   0.1  99.9   0.0    1    259    192    0    0    0  38.57    3.93   1.23   0.06  33.36  50.05  46.00  58.05  20.00  53.05  62.05  59.00  60.05  51.00  58.00  59.05  0.80 GHz  0.80 GHz  0.80 GHz   N/A     
11:16:05   0.1   0.0   0.1  99.8   0.1    1    227    183    0    0    0  38.93    3.95   1.23   0.06  33.70  50.05  46.00  58.05  20.00  54.05  62.05  59.00  60.05  51.00  58.00  59.05  0.80 GHz  0.80 GHz  0.80 GHz   N/A     
11:16:06   0.1   0.0   0.2  99.7   0.0    1    632    466    2    2    2  38.75    3.97   1.23   0.09  33.47  50.05  46.00  58.05  20.00  54.05  62.05  59.00  60.05  51.00  58.00  59.05  0.80 GHz  0.80 GHz  0.80 GHz   N/A     
11:16:07   0.0   0.0   0.1  99.9   0.0    1    214    212    0    0    0  38.48    3.93   1.22   0.06  33.27  50.05  47.00  58.05  20.00  54.05  62.05  59.00  60.05  51.00  58.00  59.05  0.80 GHz  0.80 GHz  0.80 GHz   N/A     
11:16:08   0.0   0.0   0.1  99.9   0.0    1    265    213    0    0    0  38.45    3.92   1.23   0.06  33.25  50.05  46.00  58.05  20.00  54.05  62.05  59.00  60.05  51.00  58.00  59.05  0.80 GHz  0.80 GHz  0.80 GHz   N/A     
11:16:09   0.1   0.0   0.1  99.8   0.0    1    318    217    0    0    0  38.67    3.95   1.23   0.08  33.42  50.05  45.00  58.05  20.00  53.05  62.05  59.00  60.05  51.00  58.00  59.05  0.80 GHz  0.80 GHz  0.80 GHz   N/A     
11:16:10   0.1   0.0   0.1  99.8   0.0    1    310    216    0    0    0  38.58    3.94   1.23   0.07  33.34  50.05  47.00  58.05  20.00  53.05  62.05  59.00  60.05  51.00  58.00  59.05  0.80 GHz  0.80 GHz  0.80 GHz   N/A     
11:16:11   0.1   0.0   0.1  99.8   0.0    1    588    432    2    2    2  38.73    3.96   1.23   0.08  33.47  50.05  46.00  58.05  20.00  53.05  63.05  59.00  60.05  51.00  58.00  59.05  0.80 GHz  0.80 GHz  0.80 GHz   N/A     
11:16:12   0.0   0.0   0.1  99.9   0.1    1    231    181    0    0    0  38.96    3.95   1.23   0.06  33.72  50.05  47.00  58.05  20.00  53.05  63.05  59.00  60.05  51.00  58.00  59.05  0.80 GHz  0.80 GHz  0.80 GHz   N/A     
11:16:13   0.0   0.0   0.1  99.9   0.0    1    202    161    0    0    0  38.46    3.91   1.22   0.05  33.28  50.05  46.00  58.05  20.00  54.05  62.05  59.00  60.05  51.00  58.00  59.05  0.80 GHz  0.80 GHz  0.80 GHz   N/A     
11:16:14   0.0   0.0   0.1  99.9   0.0    1    279    215    0    0    0  38.65    3.92   1.23   0.05  33.44  50.05  46.00  58.05  20.00  54.05  62.05  59.00  60.05  51.00  58.00  59.05  0.80 GHz  0.80 GHz  0.80 GHz   N/A     
11:16:15   0.1   0.0   0.1  99.9   0.0    1    228    220    0    0    0  38.55    3.94   1.23   0.07  33.32  50.05  45.00  58.05  20.00  53.05  63.05  59.00  60.05  51.00  58.00  60.05  0.80 GHz  0.80 GHz  0.80 GHz   N/A     
11:16:16   0.0   0.0   0.2  99.8   0.0    1    605    477    2    2    2  38.82    3.97   1.23   0.09  33.53  50.05  47.00  58.05  20.00  53.05  63.05  59.00  60.05  51.00  58.00  60.05  0.80 GHz  0.80 GHz  0.80 GHz   N/A     
11:16:17   0.1   0.0   0.1  99.9   0.0    1    212    161    0    0    0  38.48    3.91   1.22   0.05  33.29  50.05  46.00  58.05  20.00  54.05  62.05  59.00  60.05  51.00  58.00  60.05  0.80 GHz  0.80 GHz  0.80 GHz   N/A     
11:16:18   0.0   0.0   0.1  99.9   0.0    1    242    190    0    0    0  38.57    3.93   1.23   0.06  33.35  50.05  47.00  58.05  20.00  54.05  62.05  59.00  60.05  51.00  58.00  60.05  0.80 GHz  0.80 GHz  0.80 GHz   N/A     
11:16:19   0.0   0.0   0.1  99.8   0.1    2    246    202    0    0    0  38.99    3.95   1.23   0.05  33.76  50.05  47.00  58.05  20.00  54.05  62.05  59.00  60.05  51.00  58.00  60.05  0.80 GHz  0.80 GHz  0.80 GHz   N/A     
11:16:20   0.0   0.0   0.1  99.9   0.0    1    229    169    0    0    0  38.54    3.91   1.22   0.05  33.36  50.05  46.00  58.05  20.00  54.05  62.05  59.00  60.05  51.00  58.00  60.05  0.80 GHz  0.80 GHz  0.80 GHz   N/A     
11:16:21   0.0   0.0   0.2  99.8   0.0    1    606    451    2    2    2  38.93    3.98   1.23   0.10  33.62  51.05  46.00  59.05  20.00  54.05  63.05  59.00  60.05  51.00  59.00  60.05  0.80 GHz  0.80 GHz  0.80 GHz   N/A     
11:16:22   0.1   0.0   0.1  99.8   0.0    1    263    204    0    0    0  39.02    3.94   1.23   0.05  33.80  51.05  46.00  59.05  20.00  54.05  63.05  59.00  60.05  51.00  59.00  60.05  0.80 GHz  0.80 GHz  0.80 GHz   N/A     
  Time    User  Nice   Sys  Idle    IO  Run Ctxt/s  IRQ/s Fork Exec Exit  Watts   pkg-0   dram   core   psys   SEN3 pch_co   B0D4 INT340   SEN2   SEN4 x86_pk   SEN5 iwlwif acpitz   SEN1  CPU Freq  Freq Min  Freq Max  GPU Freq
11:16:23   0.0   0.0   0.0 100.0   0.0    1    214    184    0    0    0  38.55    3.91   1.23   0.05  33.36  50.05  46.00  59.05  20.00  54.05  63.05  59.00  60.05  51.00  59.00  60.05  0.80 GHz  0.80 GHz  0.80 GHz   N/A     
11:16:24   0.0   0.0   0.1  99.9   0.0    1    229    184    0    0    0  38.55    3.92   1.23   0.05  33.36  50.05  46.00  59.05  20.00  54.05  63.05  59.00  60.05  51.00  59.00  60.05  0.80 GHz  0.80 GHz  0.80 GHz   N/A     
11:16:25   0.0   0.0   0.1  99.9   0.1    1    217    165    0    0    0  38.99    3.94   1.22   0.05  33.78  50.05  46.00  59.05  20.00  53.05  63.05  60.00  60.05  51.00  59.00  60.05  0.80 GHz  0.80 GHz  0.80 GHz   N/A     
11:16:26   0.1   0.0   0.2  99.7   0.0    1    634    478    2    2    2  38.86    3.97   1.23   0.09  33.56  50.05  47.00  59.05  20.00  53.05  63.05  59.00  60.05  51.00  59.00  60.05  0.80 GHz  0.80 GHz  0.80 GHz   N/A     
11:16:27   0.0   0.0   0.1  99.9   0.1    1    223    195    0    0    0  38.98    3.94   1.23   0.05  33.75  50.05  45.00  59.05  20.00  53.05  63.05  59.00  60.05  51.00  59.00  60.05  0.80 GHz  0.80 GHz  0.80 GHz   N/A     
11:16:28   0.0   0.0   0.1  99.9   0.0    1    215    168    0    0    0  38.49    3.91   1.22   0.04  33.32  51.05  47.00  59.05  20.00  54.05  63.05  59.00  60.05  51.00  59.00  60.05  0.80 GHz  0.80 GHz  0.80 GHz   N/A     
11:16:29   0.0   0.0   0.1  99.9   0.0    1    418    216    0    0    0  38.68    3.94   1.23   0.07  33.44  51.05  47.00  59.05  20.00  54.05  63.05  59.00  60.05  51.00  59.00  60.05  0.80 GHz  0.80 GHz  0.80 GHz   N/A     
11:16:30   0.1   0.0   0.1  99.9   0.0    1    263    211    0    0    0  39.46    3.98   1.23   0.05  34.19  50.05  47.00  59.05  20.00  54.05  63.05  59.00  60.05  51.00  59.00  60.05  0.80 GHz  0.80 GHz  0.80 GHz   N/A     
11:16:31   0.1   0.0   0.2  99.7   0.0    1    600    451    2    2    2  38.97    4.00   1.23   0.12  33.61  50.05  47.00  59.05  20.00  54.05  63.05  60.00  60.05  51.00  59.00  60.05  0.84 GHz  0.80 GHz  1.72 GHz   N/A     
11:16:32   0.0   0.0   0.1  99.9   0.1    1    239    197    0    0    0  38.99    3.94   1.23   0.05  33.77  51.05  47.00  59.05  20.00  54.05  63.05  60.00  61.05  51.00  59.00  60.05  0.80 GHz  0.80 GHz  0.80 GHz   N/A     
11:16:33   0.1   0.0   0.1  99.9   0.0    1    271    213    1    0    0  39.10    3.96   1.23   0.06  33.86  51.05  47.00  59.05  20.00  54.05  63.05  60.00  61.05  51.00  59.00  60.05  0.80 GHz  0.80 GHz  0.80 GHz   N/A     
11:16:34   0.0   0.0   0.1  99.9   0.0    1    276    207    0    0    0  38.60    3.93   1.23   0.05  33.39  50.05  46.00  59.05  20.00  54.05  63.05  60.00  60.05  51.00  59.00  60.05  0.80 GHz  0.80 GHz  0.80 GHz   N/A     
11:16:35   0.0   0.0   0.1  99.9   0.0    1    216    182    0    0    0  38.61    3.91   1.23   0.05  33.43  50.05  46.00  59.05  20.00  54.05  63.05  60.00  60.05  51.00  59.00  60.05  0.80 GHz  0.80 GHz  0.80 GHz   N/A     
11:16:36   0.1   0.0   0.2  99.7   0.0    1    588    440    2    2    2  39.44    4.03   1.23   0.11  34.06  51.05  46.00  59.05  20.00  54.05  63.05  60.00  60.05  51.00  59.00  60.05  0.80 GHz  0.80 GHz  0.80 GHz   N/A     
11:16:37   0.0   0.0   0.1  99.9   0.0    1    227    167    0    0    0  38.62    3.91   1.23   0.05  33.44  51.05  47.00  59.05  20.00  54.05  63.05  60.00  60.05  52.00  59.00  60.05  0.80 GHz  0.80 GHz  0.80 GHz   N/A     
11:16:38   0.1   0.0   0.1  99.8   0.1    1    316    225    0    0    0  39.14    3.97   1.23   0.07  33.86  51.05  47.00  59.05  20.00  54.05  63.05  60.00  61.05  51.00  59.00  60.05  0.80 GHz  0.80 GHz  0.80 GHz   N/A     
11:16:39   0.0   0.0   0.1  99.9   0.0    1    217    177    0    0    0  38.63    3.91   1.23   0.05  33.44  51.05  47.00  59.05  20.00  54.05  63.05  60.00  61.05  51.00  59.00  60.05  0.80 GHz  0.80 GHz  0.80 GHz   N/A     
11:16:40   0.1   0.0   0.1  99.9   0.0    1    285    192    0    0    0  38.67    3.93   1.23   0.06  33.46  51.05  46.00  59.05  20.00  54.05  63.05  60.00  60.05  51.00  59.00  60.05  0.80 GHz  0.80 GHz  0.80 GHz   N/A     
11:16:41   0.1   0.0   0.2  99.8   0.0    1    573    387    2    2    2  38.92    3.96   1.23   0.08  33.65  51.05  47.00  59.05  20.00  54.05  63.05  60.00  60.05  51.00  59.00  60.05  0.80 GHz  0.80 GHz  0.80 GHz   N/A     
11:16:42   0.0   0.0   0.1  99.9   0.0    1    244    189    0    0    0  38.71    3.92   1.23   0.06  33.50  51.05  47.00  59.05  20.00  54.05  63.05  60.00  61.05  51.00  59.00  60.05  0.80 GHz  0.80 GHz  0.80 GHz   N/A     
11:16:43   0.0   0.0   0.1  99.9   0.0    1    258    205    0    0    1  39.06    3.95   1.23   0.06  33.81  51.05  47.00  59.05  20.00  54.05  63.05  60.00  61.05  51.00  59.00  60.05  0.80 GHz  0.80 GHz  0.80 GHz   N/A     
11:16:44   0.1   0.0   0.1  99.8   0.1    1    229    199    0    0    0  39.18    3.95   1.23   0.05  33.95  51.05  47.00  59.05  20.00  54.05  63.05  60.00  60.05  51.00  59.00  60.05  0.80 GHz  0.80 GHz  0.80 GHz   N/A     
11:16:45   0.0   0.0   0.1  99.9   0.0    1    247    192    0    0    0  38.88    3.93   1.23   0.06  33.66  51.05  46.00  59.05  20.00  54.05  63.05  60.00  60.05  52.00  59.00  60.05  0.80 GHz  0.80 GHz  0.80 GHz   N/A     
11:16:46   0.1   0.0   0.2  99.7   0.0    1    629    470    2    2    2  39.23    4.06   1.24   0.17  33.75  51.05  47.00  59.05  20.00  54.05  63.05  59.00  61.05  51.00  59.00  60.05  0.80 GHz  0.80 GHz  0.80 GHz   N/A     
11:16:47   0.1   0.0   0.1  99.9   0.0    1    255    202    0    0    1  38.71    3.92   1.23   0.06  33.50  51.05  47.00  59.05  20.00  54.05  63.05  60.00  61.05  51.00  59.00  60.05  0.80 GHz  0.80 GHz  0.80 GHz   N/A     
11:16:48   0.0   0.0   0.1  99.9   0.0    1    242    181    0    0    0  38.71    3.91   1.22   0.05  33.53  51.05  47.00  59.05  20.00  54.05  63.05  60.00  61.05  51.00  59.00  60.05  0.80 GHz  0.80 GHz  0.80 GHz   N/A     
11:16:49   0.0   0.0   0.0 100.0   0.0    1    206    158    0    0    0  38.62    3.91   1.22   0.05  33.44  51.05  46.00  59.05  20.00  54.05  63.05  60.00  61.05  51.00  59.00  60.05  0.80 GHz  0.80 GHz  0.80 GHz   N/A     
11:16:50   0.0   0.0   0.1  99.8   0.1    1    271    203    0    0    0  39.21    3.97   1.23   0.07  33.94  51.05  46.00  59.05  20.00  54.05  63.05  60.00  61.05  51.00  59.00  60.05  0.80 GHz  0.80 GHz  0.80 GHz   N/A     
11:16:51   0.1   0.0   0.2  99.7   0.0    1    608    397    2    2    2  39.14    3.99   1.23   0.10  33.82  51.05  47.00  59.05  20.00  54.05  63.05  60.00  61.05  53.00  59.00  60.05  0.80 GHz  0.80 GHz  0.80 GHz   N/A     
11:16:52   0.2   0.0   0.1  99.7   0.0    1    866    492    0    0    0  39.23    4.01   1.24   0.12  33.87  51.05  47.00  59.05  20.00  54.05  63.05  60.00  61.05  52.00  59.00  60.05  0.80 GHz  0.80 GHz  0.80 GHz   N/A     
11:16:53   0.1   0.0   0.1  99.9   0.0    1    280    214    0    0    0  38.84    3.94   1.23   0.06  33.60  51.05  47.00  59.05  20.00  54.05  63.05  60.00  61.05  52.00  59.00  60.05  0.80 GHz  0.80 GHz  0.80 GHz   N/A     
11:16:54   0.1   0.0   0.1  99.9   0.0    1    266    204    0    0    0  39.21    3.96   1.23   0.06  33.95  51.05  47.00  59.05  20.00  54.05  64.05  60.00  61.05  52.00  59.00  60.05  0.80 GHz  0.80 GHz  0.80 GHz   N/A     
11:16:55   0.0   0.0   0.1  99.9   0.0    1    314    245    0    0    0  38.71    3.92   1.23   0.05  33.51  51.05  46.00  59.05  20.00  54.05  64.05  60.00  61.05  51.00  59.00  60.05  0.80 GHz  0.80 GHz  0.80 GHz   N/A     
11:16:56   0.1   0.0   0.2  99.7   0.0    1    586    425    2    2    2  39.06    3.98   1.23   0.10  33.74  51.05  47.00  59.05  20.00  54.05  64.05  60.00  61.05  51.00  59.00  61.05  0.80 GHz  0.80 GHz  0.80 GHz   N/A     
11:16:57   0.0   0.0   0.1  99.9   0.0    1    212    163    0    0    0  38.66    3.91   1.22   0.05  33.48  51.05  46.00  59.05  20.00  54.05  64.05  60.00  61.05  51.00  59.00  61.05  0.80 GHz  0.80 GHz  0.80 GHz   N/A     
11:16:58   0.1   0.0   0.1  99.8   0.0    1    464    343    0    0    0  39.38    3.98   1.24   0.07  34.09  51.05  47.00  59.05  20.00  54.05  64.05  60.00  61.05  51.00  59.00  61.05  0.80 GHz  0.80 GHz  0.80 GHz   N/A     
11:16:59   0.0   0.0   0.1  99.9   0.1    1    254    211    0    0    0  39.23    3.96   1.23   0.06  33.98  51.05  47.00  59.05  20.00  54.05  64.05  60.00  61.05  51.00  59.00  61.05  0.80 GHz  0.80 GHz  0.80 GHz   N/A     
11:17:00   0.1   0.0   0.1  99.7   0.0    1    733    344    0    0    0  39.15    4.00   1.23   0.11  33.81  51.05  48.00  60.05  20.00  54.05  63.05  60.00  61.05  51.00  60.00  61.05  0.80 GHz  0.80 GHz  0.80 GHz   N/A     
11:17:01   0.1   0.0   0.2  99.7   0.0    1    727    562    2    2    2  39.24    4.01   1.23   0.11  33.89  51.05  48.00  60.05  20.00  54.05  63.05  60.00  61.05  51.00  60.00  61.05  0.80 GHz  0.80 GHz  0.80 GHz   N/A     
11:17:02   0.1   0.0   0.1  99.7   0.1    1    356    379    3    2    3  39.36    3.99   1.23   0.08  34.06  51.05  47.00  60.05  20.00  54.05  64.05  60.00  61.05  51.00  60.00  61.05  0.80 GHz  0.80 GHz  0.80 GHz   N/A     
11:17:03   0.0   0.0   0.1  99.9   0.0    1    227    209    0    0    0  39.24    3.95   1.23   0.05  34.01  51.05  47.00  60.05  20.00  54.05  64.05  61.00  61.05  51.00  60.00  61.05  0.80 GHz  0.80 GHz  0.80 GHz   N/A     
11:17:04   0.0   0.0   0.1  99.9   0.0    1    288    208    0    0    0  38.93    3.94   1.23   0.07  33.70  51.05  47.00  60.05  20.00  55.05  64.05  60.00  61.05  52.00  60.00  61.05  0.80 GHz  0.80 GHz  0.80 GHz   N/A     
11:17:05   0.1   0.0   0.1  99.8   0.1    1    226    177    0    0    0  39.24    3.96   1.23   0.06  34.00  51.05  47.00  60.05  20.00  55.05  64.05  60.00  61.05  51.00  60.00  61.05  0.80 GHz  0.80 GHz  0.80 GHz   N/A     
11:17:06   0.0   0.0   0.2  99.8   0.0    1    618    454    2    2    2  39.14    3.97   1.23   0.08  33.85  51.05  47.00  60.05  20.00  55.05  64.05  60.00  61.05  51.00  60.00  61.05  0.80 GHz  0.80 GHz  0.80 GHz   N/A     
  Time    User  Nice   Sys  Idle    IO  Run Ctxt/s  IRQ/s Fork Exec Exit  Watts   pkg-0   dram   core   psys   SEN3 pch_co   B0D4 INT340   SEN2   SEN4 x86_pk   SEN5 iwlwif acpitz   SEN1  CPU Freq  Freq Min  Freq Max  GPU Freq
11:17:07   0.0   0.0   0.1  99.9   0.0    1    218    185    0    0    0  39.27    3.95   1.23   0.06  34.04  51.05  47.00  60.05  20.00  55.05  64.05  60.00  61.05  51.00  60.00  61.05  0.80 GHz  0.80 GHz  0.80 GHz   N/A     
11:17:08   0.0   0.0   0.1  99.9   0.0    1    218    173    0    0    0  38.86    3.92   1.23   0.05  33.67  51.05  46.00  60.05  20.00  54.05  63.05  60.00  61.05  51.00  60.00  61.05  0.80 GHz  0.80 GHz  0.80 GHz   N/A     
11:17:09   0.1   0.0   0.1  99.9   0.0    1    229    194    0    0    0  38.81    3.92   1.23   0.06  33.60  51.05  46.00  60.05  20.00  54.05  63.05  60.00  61.05  51.00  60.00  61.05  0.80 GHz  0.80 GHz  0.80 GHz   N/A     
11:17:10   0.0   0.0   0.1  99.9   0.0    1    257    195    0    0    0  38.80    3.93   1.23   0.05  33.59  51.05  47.00  60.05  20.00  54.05  64.05  60.00  61.05  51.00  60.00  61.05  0.80 GHz  0.80 GHz  0.80 GHz   N/A     
11:17:11   0.1   0.0   0.2  99.7   0.0    1    588    433    2    2    2  39.14    3.96   1.23   0.08  33.86  51.05  46.00  60.05  20.00  54.05  64.05  60.00  61.05  51.00  60.00  61.05  0.80 GHz  0.80 GHz  0.80 GHz   N/A     
11:17:12   0.0   0.0   0.1  99.9   0.1    1    221    191    0    0    0  39.24    3.95   1.23   0.06  34.01  51.05  47.00  60.05  20.00  54.05  64.05  61.00  61.05  51.00  60.00  61.05  0.80 GHz  0.80 GHz  0.80 GHz   N/A     
11:17:13   0.0   0.0   0.1  99.9   0.0    1    226    163    0    0    0  38.84    3.91   1.23   0.05  33.65  51.05  46.00  60.05  20.00  54.05  64.05  60.00  61.05  52.00  60.00  61.05  0.80 GHz  0.80 GHz  0.80 GHz   N/A     
11:17:14   0.0   0.0   0.1  99.9   0.0    1    279    223    0    0    0  39.38    3.97   1.23   0.06  34.13  51.05  46.00  60.05  20.00  55.05  64.05  61.00  61.05  52.00  60.00  61.05  0.80 GHz  0.80 GHz  0.80 GHz   N/A     
11:17:15   0.1   0.0   0.1  99.8   0.0    1    244    189    0    0    0  38.85    3.92   1.23   0.05  33.65  51.05  47.00  60.05  20.00  55.05  64.05  61.00  61.05  52.00  60.00  61.05  0.80 GHz  0.80 GHz  0.80 GHz   N/A     
11:17:16   0.1   0.0   0.2  99.7   0.0    1    623    422    2    2    2  39.23    3.97   1.23   0.09  33.94  51.05  46.00  60.05  20.00  55.05  64.05  60.00  61.05  52.00  60.00  61.05  0.83 GHz  0.80 GHz  1.39 GHz   N/A     
11:17:17   0.0   0.0   0.1  99.9   0.1    1    217    171    0    0    0  39.23    3.93   1.23   0.04  34.02  51.05  47.00  60.05  20.00  55.05  64.05  60.00  61.05  52.00  60.00  61.05  0.80 GHz  0.80 GHz  0.80 GHz   N/A     
11:17:18   0.0   0.0   0.1  99.9   0.0    1    254    195    0    0    0  38.79    3.92   1.23   0.05  33.60  51.05  47.00  60.05  20.00  55.05  64.05  61.00  61.05  52.00  60.00  61.05  0.80 GHz  0.80 GHz  0.80 GHz   N/A     
11:17:19   0.0   0.0   0.1  99.9   0.0    1    222    199    0    0    0  38.84    3.92   1.22   0.05  33.65  51.05  48.00  60.05  20.00  55.05  64.05  61.00  61.05  52.00  60.00  61.05  0.80 GHz  0.80 GHz  0.80 GHz   N/A     
11:17:20   0.1   0.0   0.1  99.8   0.0    1    222    180    0    0    0  38.86    3.91   1.23   0.05  33.67  51.05  47.00  60.05  20.00  55.05  64.05  60.00  61.05  52.00  60.00  61.05  0.80 GHz  0.80 GHz  0.80 GHz   N/A     
11:17:21   0.1   0.0   0.2  99.7   0.1    1    609    432    2    2    2  40.04    4.02   1.23   0.08  34.71  51.05  47.00  60.05  20.00  55.05  64.05  60.00  61.05  52.00  60.00  61.05  0.80 GHz  0.80 GHz  0.80 GHz   N/A     
11:17:22   0.0   0.0   0.1  99.9   0.0    1    227    186    0    0    0  38.89    3.92   1.23   0.05  33.70  51.05  47.00  60.05  20.00  55.05  64.05  61.00  61.05  52.00  60.00  61.05  0.80 GHz  0.80 GHz  0.80 GHz   N/A     
11:17:23   0.0   0.0   0.1  99.9   0.0    1    231    186    0    0    0  38.80    3.91   1.22   0.05  33.62  51.05  48.00  60.05  20.00  55.05  64.05  61.00  61.05  52.00  60.00  61.05  0.80 GHz  0.80 GHz  0.80 GHz   N/A     
11:17:24   0.0   0.0   0.1  99.8   0.1    1    232    189    0    0    0  39.31    3.95   1.23   0.05  34.08  51.05  47.00  60.05  20.00  55.05  64.05  61.00  61.05  52.00  60.00  61.05  0.80 GHz  0.80 GHz  0.80 GHz   N/A     
11:17:25   0.1   0.0   0.1  99.9   0.0    1    206    164    0    0    0  38.82    3.92   1.22   0.05  33.63  51.05  47.00  60.05  20.00  55.05  64.05  60.00  61.05  52.00  60.00  61.05  0.80 GHz  0.80 GHz  0.80 GHz   N/A     
11:17:26   0.0   0.0   0.2  99.8   0.0    1    600    407    2    2    2  39.16    3.96   1.23   0.08  33.90  51.05  46.00  60.05  20.00  55.05  64.05  61.00  61.05  52.00  60.00  61.05  0.80 GHz  0.80 GHz  0.80 GHz   N/A     
11:17:27   0.1   0.0   0.1  99.9   0.0    1    220    200    0    0    0  38.91    3.93   1.23   0.06  33.69  51.05  46.00  60.05  20.00  55.05  64.05  61.00  61.05  52.00  60.00  61.05  0.80 GHz  0.80 GHz  0.80 GHz   N/A     
11:17:28   0.0   0.0   0.1  99.9   0.0    1    219    190    0    0    0  38.89    3.93   1.22   0.06  33.68  51.05  47.00  60.05  20.00  55.05  64.05  61.00  61.05  52.00  60.00  61.05  0.80 GHz  0.80 GHz  0.80 GHz   N/A     
11:17:29   0.0   0.0   0.1  99.9   0.0    1    202    156    0    0    0  38.85    3.90   1.22   0.04  33.68  51.05  47.00  60.05  20.00  55.05  64.05  61.00  61.05  52.00  60.00  61.05  0.80 GHz  0.80 GHz  0.80 GHz   N/A     
11:17:30   0.1   0.0   0.1  99.7   0.1    1    474    259    0    0    0  39.52    3.99   1.23   0.08  34.23  51.05  47.00  60.05  20.00  55.05  64.05  61.00  62.05  52.00  60.00  61.05  0.80 GHz  0.80 GHz  0.80 GHz   N/A     
11:17:31   0.1   0.0   0.1  99.8   0.0    1    616    444    2    2    2  39.24    3.97   1.23   0.08  33.96  51.05  47.00  60.05  20.00  55.05  64.05  61.00  62.05  52.00  60.00  61.05  0.80 GHz  0.80 GHz  0.80 GHz   N/A     
11:17:32   0.0   0.0   0.1  99.9   0.0    1    234    216    0    0    0  39.37    3.95   1.23   0.06  34.14  52.05  47.00  60.05  20.00  55.05  64.05  61.00  61.05  52.00  60.00  61.05  0.80 GHz  0.80 GHz  0.80 GHz   N/A     
11:17:33   0.1   0.0   0.1  99.9   0.0    1    225    175    0    0    0  38.89    3.92   1.22   0.05  33.70  52.05  47.00  60.05  20.00  55.05  64.05  60.00  61.05  52.00  60.00  61.05  0.80 GHz  0.80 GHz  0.80 GHz   N/A     
11:17:34   0.0   0.0   0.1  99.9   0.0    1    261    200    0    0    0  38.95    3.92   1.23   0.05  33.74  52.05  47.00  60.05  20.00  55.05  64.05  61.00  62.05  52.00  60.00  61.05  0.80 GHz  0.80 GHz  0.80 GHz   N/A     
11:17:35   0.1   0.0   0.1  99.9   0.0    1    279    224    1    0    0  39.50    3.97   1.23   0.06  34.24  52.05  47.00  60.05  20.00  55.05  64.05  61.00  62.05  52.00  60.00  61.05  0.80 GHz  0.80 GHz  0.80 GHz   N/A     
11:17:36   0.1   0.0   0.2  99.6   0.1    1    594    437    2    2    2  40.11    4.03   1.23   0.10  34.75  51.05  47.00  60.05  20.00  55.05  64.05  61.00  61.05  52.00  60.00  61.05  0.80 GHz  0.80 GHz  0.80 GHz   N/A     
11:17:37   0.0   0.0   0.1  99.9   0.0    1    206    167    0    0    0  39.00    3.92   1.23   0.05  33.80  51.05  47.00  60.05  20.00  55.05  64.05  61.00  61.05  52.00  60.00  61.05  0.80 GHz  0.80 GHz  0.80 GHz   N/A     
11:17:38   0.1   0.0   0.1  99.9   0.0    1    278    190    0    0    0  39.05    3.93   1.23   0.06  33.83  52.05  47.00  60.05  20.00  55.05  64.05  61.00  61.05  52.00  60.00  61.05  0.80 GHz  0.80 GHz  0.80 GHz   N/A     
11:17:39   0.1   0.0   0.1  99.9   0.0    1    228    191    0    0    0  38.95    3.92   1.23   0.05  33.75  52.05  47.00  60.05  20.00  55.05  64.05  61.00  61.05  52.00  60.00  61.05  0.80 GHz  0.80 GHz  0.80 GHz   N/A     
11:17:40   0.1   0.0   0.1  99.8   0.0    1    334    236    0    0    0  39.59    3.98   1.23   0.07  34.31  52.05  47.00  60.05  20.00  55.05  64.05  61.00  62.05  52.00  60.00  61.05  0.80 GHz  0.80 GHz  0.80 GHz   N/A     
11:17:41   0.0   0.0   0.2  99.8   0.0    1    587    401    2    2    2  39.23    3.96   1.23   0.08  33.96  52.05  47.00  60.05  20.00  55.05  64.05  61.00  62.05  52.00  60.00  61.05  0.80 GHz  0.80 GHz  0.80 GHz   N/A     
11:17:42   0.1   0.0   0.1  99.8   0.0    1    304    212    0    0    0  39.26    3.94   1.23   0.06  34.02  52.05  47.00  60.05  20.00  55.05  64.05  61.00  62.05  53.00  60.00  62.05  0.80 GHz  0.80 GHz  0.80 GHz   N/A     
11:17:43   0.0   0.0   0.1  99.9   0.0    1    212    184    0    0    0  38.92    3.92   1.22   0.06  33.72  52.05  48.00  60.05  20.00  55.05  64.05  61.00  62.05  52.00  60.00  62.05  0.80 GHz  0.80 GHz  0.80 GHz   N/A     
11:17:44   0.0   0.0   0.1  99.9   0.0    1    222    190    0    0    0  39.02    3.93   1.22   0.06  33.80  52.05  47.00  60.05  20.00  55.05  64.05  61.00  62.05  52.00  60.00  62.05  0.80 GHz  0.80 GHz  0.80 GHz   N/A     
11:17:45   0.0   0.0   0.1  99.9   0.0    1    242    209    0    0    1  39.49    3.96   1.23   0.06  34.24  52.05  47.00  60.05  20.00  55.05  64.05  61.00  62.05  52.00  60.00  62.05  0.80 GHz  0.80 GHz  0.80 GHz   N/A     
11:17:46   0.1   0.0   0.2  99.7   0.1    1    666    503    2    2    2  39.82    4.03   1.23   0.11  34.45  52.05  48.00  60.05  20.00  55.05  64.05  61.00  62.05  52.00  60.00  62.05  0.80 GHz  0.80 GHz  0.80 GHz   N/A     
11:17:47   0.0   0.0   0.1  99.9   0.0    1    218    183    0    0    0  38.93    3.92   1.23   0.05  33.74  52.05  47.00  60.05  20.00  55.05  64.05  61.00  62.05  52.00  60.00  62.05  0.80 GHz  0.80 GHz  0.80 GHz   N/A     
11:17:48   0.1   0.0   0.1  99.9   0.0    1    216    182    0    0    0  39.46    3.95   1.23   0.05  34.22  53.05  47.00  60.05  20.00  55.05  64.05  61.00  62.05  52.00  60.00  62.05  0.80 GHz  0.80 GHz  0.80 GHz   N/A     
11:17:49   0.0   0.0   0.1  99.9   0.0    1    205    159    0    0    0  38.99    3.92   1.22   0.05  33.80  53.05  47.00  60.05  20.00  55.05  64.05  61.00  62.05  52.00  60.00  62.05  0.80 GHz  0.80 GHz  0.80 GHz   N/A     
11:17:50   0.0   0.0   0.1  99.9   0.0    1    254    190    0    0    0  39.01    3.92   1.23   0.05  33.81  52.05  47.00  60.05  20.00  55.05  65.05  61.00  62.05  52.00  60.00  62.05  0.80 GHz  0.80 GHz  0.80 GHz   N/A     
  Time    User  Nice   Sys  Idle    IO  Run Ctxt/s  IRQ/s Fork Exec Exit  Watts   pkg-0   dram   core   psys   SEN3 pch_co   B0D4 INT340   SEN2   SEN4 x86_pk   SEN5 iwlwif acpitz   SEN1  CPU Freq  Freq Min  Freq Max  GPU Freq
11:17:51   0.1   0.0   0.2  99.7   0.0    1    589    444    2    2    2  39.24    3.97   1.23   0.09  33.96  52.05  47.00  60.05  20.00  55.05  65.05  61.00  62.05  52.00  60.00  62.05  0.80 GHz  0.80 GHz  0.80 GHz   N/A     
11:17:52   0.1   0.0   0.1  99.9   0.0    1    225    195    0    0    0  39.06    3.93   1.23   0.06  33.84  53.05  47.00  60.05  20.00  55.05  65.05  61.00  62.05  52.00  60.00  62.05  0.80 GHz  0.80 GHz  0.80 GHz   N/A     
11:17:53   0.0   0.0   0.1  99.9   0.0    1    204    158    0    0    0  38.92    3.91   1.22   0.05  33.73  53.05  48.00  60.05  20.00  55.05  65.05  61.00  62.05  52.00  60.00  62.05  0.80 GHz  0.80 GHz  0.80 GHz   N/A     
11:17:54   0.0   0.0   0.1  99.9   0.1    1    245    193    0    0    0  39.45    3.95   1.23   0.05  34.22  52.05  47.00  60.05  20.00  55.05  64.05  61.00  62.05  52.00  60.00  62.05  0.80 GHz  0.80 GHz  0.80 GHz   N/A     
11:17:55   0.0   0.0   0.1  99.9   0.0    1    224    189    0    0    0  39.40    3.95   1.23   0.05  34.18  52.05  48.00  60.05  20.00  55.05  64.05  61.00  62.05  52.00  60.00  62.05  0.80 GHz  0.80 GHz  0.80 GHz   N/A     
11:17:56   0.1   0.0   0.2  99.7   0.0    1    594    414    2    2    2  39.38    3.99   1.23   0.10  34.07  52.05  48.00  60.05  20.00  55.05  65.05  61.00  62.05  52.00  60.00  62.05  0.87 GHz  0.80 GHz  1.75 GHz   N/A     
11:17:57   0.0   0.0   0.1  99.9   0.0    1    200    157    0    0    0  39.00    3.91   1.22   0.05  33.82  52.05  47.00  60.05  20.00  55.05  65.05  61.00  62.05  52.00  60.00  62.05  0.80 GHz  0.80 GHz  0.80 GHz   N/A     
11:17:58   0.0   0.0   0.1  99.9   0.0    1    273    196    0    0    0  39.10    3.93   1.23   0.06  33.88  52.05  47.00  61.05  20.00  56.05  65.05  61.00  62.05  52.00  61.00  62.05  0.80 GHz  0.80 GHz  0.80 GHz   N/A     
11:17:59   0.0   0.0   0.1  99.9   0.0    1    206    182    0    0    0  39.05    3.93   1.23   0.06  33.84  52.05  47.00  61.05  20.00  56.05  65.05  61.00  62.05  52.00  61.00  62.05  0.80 GHz  0.80 GHz  0.80 GHz   N/A     
11:18:00   0.1   0.0   0.1  99.7   0.0    1    440    230    0    0    0  39.13    3.95   1.23   0.06  33.89  53.05  49.00  61.05  20.00  55.05  65.05  61.00  62.05  52.00  61.00  62.05  0.80 GHz  0.80 GHz  0.80 GHz   N/A     
11:18:01   0.1   0.0   0.2  99.7   0.0    1    683    508    2    2    2  39.46    4.01   1.23   0.11  34.12  53.05  47.00  61.05  20.00  55.05  65.05  61.00  62.05  52.00  61.00  62.05  0.80 GHz  0.80 GHz  0.80 GHz   N/A     
11:18:02   0.0   0.0   0.1  99.9   0.0    1    246    185    0    0    0  39.05    3.92   1.23   0.05  33.85  53.05  48.00  61.05  20.00  56.05  65.05  61.00  62.05  52.00  61.00  62.05  0.80 GHz  0.80 GHz  0.80 GHz   N/A     
11:18:03   0.0   0.0   0.1  99.9   0.1    1    239    201    0    0    0  39.54    3.96   1.23   0.06  34.29  53.05  47.00  61.05  20.00  56.05  65.05  61.00  62.05  52.00  61.00  62.05  0.80 GHz  0.80 GHz  0.80 GHz   N/A     
11:18:04   0.1   0.0   0.1  99.9   0.0    1    231    178    0    0    0  39.14    3.93   1.23   0.06  33.92  53.05  47.00  61.05  20.00  55.05  65.05  61.00  62.05  52.00  61.00  62.05  0.80 GHz  0.80 GHz  0.80 GHz   N/A     
11:18:05   0.0   0.0   0.1  99.9   0.0    1    224    177    0    0    0  39.50    3.95   1.23   0.05  34.26  53.05  48.00  61.05  20.00  55.05  65.05  61.00  62.05  52.00  61.00  62.05  0.80 GHz  0.80 GHz  0.80 GHz   N/A     
11:18:06   0.1   0.0   0.1  99.8   0.0    1    667    445    2    2    2  39.54    4.00   1.23   0.11  34.20  52.05  48.00  61.05  20.00  56.05  65.05  61.00  62.05  52.00  61.00  62.05  0.80 GHz  0.80 GHz  0.80 GHz   N/A     
11:18:07   0.0   0.0   0.1  99.9   0.0    1    209    190    0    0    0  39.56    3.96   1.23   0.06  34.32  52.05  47.00  61.05  20.00  56.05  65.05  61.00  62.05  52.00  61.00  62.05  0.80 GHz  0.80 GHz  0.80 GHz   N/A     
11:18:08   0.0   0.0   0.0 100.0   0.0    1    214    204    0    0    0  39.12    3.93   1.22   0.06  33.91  53.05  47.00  61.05  20.00  56.05  65.05  61.00  62.05  52.00  61.00  62.05  0.80 GHz  0.80 GHz  0.80 GHz   N/A     
11:18:09   0.2   0.0   0.1  99.7   0.0    1    302    216    0    0    0  39.12    3.93   1.23   0.05  33.91  53.05  47.00  61.05  20.00  56.05  65.05  61.00  62.05  52.00  61.00  62.05  0.80 GHz  0.80 GHz  0.80 GHz   N/A     
11:18:10   0.1   0.0   0.1  99.8   0.0    1    297    209    0    0    0  39.26    3.94   1.23   0.06  34.03  53.05  48.00  61.05  20.00  56.05  65.05  61.00  62.05  53.00  61.00  62.05  0.80 GHz  0.80 GHz  0.80 GHz   N/A     
11:18:11   0.0   0.0   0.2  99.7   0.1    1    624    489    2    2    2  40.02    4.05   1.23   0.13  34.60  53.05  48.00  61.05  20.00  56.05  65.05  61.00  62.05  52.00  61.00  62.05  0.80 GHz  0.80 GHz  0.80 GHz   N/A     
11:18:12   0.1   0.0   0.1  99.9   0.0    1    206    178    0    0    0  39.13    3.93   1.22   0.06  33.91  53.05  48.00  61.05  20.00  56.05  65.05  61.00  62.05  52.00  61.00  62.05  0.80 GHz  0.80 GHz  0.80 GHz   N/A     
11:18:13   0.0   0.0   0.1  99.9   0.0    1    216    159    0    0    0  39.04    3.91   1.22   0.04  33.87  53.05  49.00  61.05  20.00  56.05  65.05  61.00  62.05  52.00  61.00  62.05  0.80 GHz  0.80 GHz  0.80 GHz   N/A     
11:18:14   0.0   0.0   0.1  99.9   0.0    1    252    199    0    0    0  39.18    3.93   1.23   0.05  33.97  53.05  48.00  61.05  20.00  56.05  65.05  61.00  62.05  52.00  61.00  62.05  0.80 GHz  0.80 GHz  0.80 GHz   N/A     
11:18:15   0.0   0.0   0.1  99.9   0.0    1    235    199    0    0    0  39.17    3.93   1.23   0.06  33.95  53.05  49.00  61.05  20.00  56.05  65.05  61.00  62.05  53.00  61.00  62.05  0.80 GHz  0.80 GHz  0.80 GHz   N/A     
11:18:16   0.1   0.0   0.2  99.7   0.0    1    621    507    2    2    2  39.50    4.00   1.23   0.10  34.16  53.05  47.00  61.05  20.00  55.05  65.05  61.00  63.05  52.00  61.00  62.05  0.80 GHz  0.80 GHz  0.80 GHz   N/A     
11:18:17   0.1   0.0   0.1  99.9   0.0    1    214    166    0    0    0  39.16    3.92   1.22   0.05  33.96  53.05  47.00  61.05  20.00  55.05  65.05  61.00  63.05  52.00  61.00  62.05  0.80 GHz  0.80 GHz  0.80 GHz   N/A     
11:18:18   0.0   0.0   0.1  99.9   0.0    1    242    174    0    0    0  39.10    3.92   1.23   0.05  33.91  53.05  47.00  61.05  20.00  56.05  65.05  61.00  62.05  52.00  61.00  62.05  0.80 GHz  0.80 GHz  0.80 GHz   N/A     
11:18:19   0.0   0.0   0.1  99.9   0.0    1    214    179    0    0    0  39.15    3.92   1.22   0.05  33.95  53.05  49.00  61.05  20.00  56.05  65.05  62.00  62.05  52.00  61.00  62.05  0.80 GHz  0.80 GHz  0.80 GHz   N/A     
11:18:20   0.0   0.0   0.1  99.9   0.0    1    207    178    0    0    0  39.15    3.91   1.22   0.04  33.97  53.05  48.00  61.05  20.00  56.05  65.05  62.00  63.05  52.00  61.00  62.05  0.80 GHz  0.80 GHz  0.80 GHz   N/A     
11:18:21   0.1   0.0   0.2  99.7   0.1    1    619    473    2    2    2  39.97    4.02   1.23   0.10  34.62  53.05  48.00  61.05  20.00  56.05  65.05  62.00  63.05  52.00  61.00  62.05  0.80 GHz  0.80 GHz  0.80 GHz   N/A     
11:18:22   0.0   0.0   0.1  99.9   0.0    1    280    201    0    0    0  39.27    3.94   1.23   0.06  34.04  53.05  48.00  61.05  20.00  56.05  65.05  61.00  62.05  53.00  61.00  62.05  0.80 GHz  0.80 GHz  0.80 GHz   N/A     
11:18:23   0.1   0.0   0.1  99.9   0.0    1    236    191    0    0    0  39.70    3.95   1.23   0.05  34.47  53.05  49.00  61.05  20.00  56.05  65.05  61.00  62.05  53.00  61.00  62.05  0.80 GHz  0.80 GHz  0.80 GHz   N/A     
11:18:24   0.0   0.0   0.1  99.8   0.1    1    229    191    0    0    0  39.61    3.96   1.23   0.06  34.37  53.05  48.00  61.05  20.00  56.05  65.05  62.00  63.05  53.00  61.00  62.05  0.80 GHz  0.80 GHz  0.80 GHz   N/A     
11:18:25   0.0   0.0   0.1  99.9   0.0    1    202    159    0    0    0  39.14    3.92   1.22   0.05  33.95  53.05  48.00  61.05  20.00  56.05  65.05  61.00  63.05  53.00  61.00  62.05  0.80 GHz  0.80 GHz  0.80 GHz   N/A     
11:18:26   0.1   0.0   0.2  99.7   0.0    1    622    442    2    2    2  39.49    3.96   1.23   0.07  34.24  53.05  49.00  61.05  20.00  56.05  65.05  61.00  63.05  53.00  61.00  62.05  0.80 GHz  0.80 GHz  0.80 GHz   N/A     
11:18:27   0.0   0.0   0.1  99.9   0.0    1    204    194    0    0    0  39.17    3.92   1.22   0.05  33.97  53.05  47.00  61.05  20.00  56.05  65.05  61.00  63.05  53.00  61.00  62.05  0.80 GHz  0.80 GHz  0.80 GHz   N/A     
11:18:28   0.0   0.0   0.1  99.9   0.1    1    257    195    0    0    0  39.70    3.95   1.23   0.05  34.47  53.05  48.00  61.05  20.00  56.05  65.05  61.00  63.05  53.00  61.00  62.05  0.80 GHz  0.80 GHz  0.80 GHz   N/A     
11:18:29   0.1   0.0   0.1  99.9   0.0    1    229    182    0    0    0  39.15    3.92   1.23   0.05  33.96  53.05  49.00  61.05  20.00  56.05  65.05  61.00  63.05  53.00  61.00  62.05  0.80 GHz  0.80 GHz  0.80 GHz   N/A     
11:18:30   0.0   0.0   0.1  99.9   0.0    1    450    245    0    0    0  39.35    3.95   1.23   0.07  34.11  53.05  49.00  61.05  20.00  56.05  65.05  62.00  63.05  53.00  61.00  62.05  0.80 GHz  0.80 GHz  0.80 GHz   N/A     
11:18:31   0.1   0.0   0.2  99.7   0.0    1    552    432    2    2    2  39.50    3.98   1.23   0.09  34.19  53.05  47.00  61.05  20.00  56.05  65.05  62.00  62.05  53.00  61.00  62.05  0.80 GHz  0.80 GHz  0.80 GHz   N/A     
11:18:32   0.0   0.0   0.1  99.9   0.0    1    208    176    0    0    0  39.19    3.92   1.23   0.05  34.00  53.05  49.00  61.05  20.00  56.05  65.05  62.00  62.05  53.00  61.00  62.05  0.80 GHz  0.80 GHz  0.80 GHz   N/A     
11:18:33   0.0   0.0   0.1  99.9   0.0    1    218    162    0    0    0  39.11    3.92   1.22   0.05  33.92  53.05  48.00  61.05  20.00  56.05  65.05  62.00  63.05  53.00  61.00  62.05  0.80 GHz  0.80 GHz  0.80 GHz   N/A     
11:18:34   0.1   0.0   0.1  99.8   0.1    1    278    230    0    0    0  39.79    3.98   1.23   0.07  34.51  53.05  48.00  61.05  20.00  56.05  65.05  62.00  63.05  53.00  61.00  62.05  0.80 GHz  0.80 GHz  0.80 GHz   N/A     
  Time    User  Nice   Sys  Idle    IO  Run Ctxt/s  IRQ/s Fork Exec Exit  Watts   pkg-0   dram   core   psys   SEN3 pch_co   B0D4 INT340   SEN2   SEN4 x86_pk   SEN5 iwlwif acpitz   SEN1  CPU Freq  Freq Min  Freq Max  GPU Freq
11:18:35   0.0   0.0   0.1  99.9   0.0    1    247    200    0    0    0  39.30    3.93   1.23   0.05  34.09  53.05  48.00  61.05  20.00  56.05  65.05  62.00  63.05  53.00  61.00  63.05  0.80 GHz  0.80 GHz  0.80 GHz   N/A     
11:18:36   0.1   0.0   0.2  99.7   0.0    1    580    459    2    2    2  39.63    4.01   1.23   0.11  34.27  53.05  47.00  61.05  20.00  56.05  65.05  62.00  63.05  53.00  61.00  63.05  0.86 GHz  0.80 GHz  2.06 GHz   N/A     
11:18:37   0.1   0.0   0.1  99.9   0.0    1    277    208    1    0    0  39.81    3.97   1.23   0.06  34.54  53.05  48.00  61.05  20.00  56.05  65.05  62.00  63.05  53.00  61.00  62.05  0.80 GHz  0.80 GHz  0.80 GHz   N/A     
11:18:38   0.1   0.0   0.1  99.9   0.0    1    298    202    0    0    0  39.26    3.94   1.23   0.06  34.03  53.05  48.00  61.05  20.00  56.05  65.05  62.00  63.05  53.00  61.00  62.05  0.80 GHz  0.80 GHz  0.80 GHz   N/A     
11:18:39   0.0   0.0   0.1  99.9   0.0    1    219    181    0    0    0  39.19    3.91   1.23   0.04  34.02  53.05  47.00  61.05  20.00  56.05  65.05  62.00  63.05  53.00  61.00  63.05  0.80 GHz  0.80 GHz  0.80 GHz   N/A     
11:18:40   0.1   0.0   0.1  99.8   0.0    1    273    189    0    0    0  39.25    3.93   1.23   0.05  34.03  53.05  48.00  61.05  20.00  56.05  65.05  62.00  63.05  53.00  61.00  63.05  0.80 GHz  0.80 GHz  0.80 GHz   N/A     
11:18:41   0.1   0.0   0.2  99.7   0.1    1    605    467    2    2    2  40.12    4.04   1.23   0.13  34.72  53.05  49.00  61.05  20.00  56.05  66.05  62.00  63.05  53.00  61.00  63.05  0.80 GHz  0.80 GHz  0.80 GHz   N/A     
11:18:42   0.0   0.0   0.1  99.9   0.0    1    266    205    0    0    0  40.18    3.99   1.23   0.05  34.90  53.05  48.00  61.05  20.00  56.05  66.05  62.00  63.05  53.00  61.00  63.05  0.80 GHz  0.80 GHz  0.80 GHz   N/A     
11:18:43   0.0   0.0   0.1  99.9   0.0    1    258    234    0    0    0  39.47    3.95   1.23   0.06  34.22  53.05  49.00  61.05  20.00  56.05  66.05  62.00  63.05  53.00  61.00  63.05  0.80 GHz  0.80 GHz  0.80 GHz   N/A     
11:18:44   0.0   0.0   0.1  99.9   0.0    1    243    205    0    0    0  39.38    3.94   1.23   0.06  34.15  53.05  49.00  61.05  20.00  56.05  66.05  61.00  63.05  53.00  61.00  63.05  0.80 GHz  0.80 GHz  0.80 GHz   N/A     
11:18:45   0.1   0.0   0.1  99.9   0.0    1    248    170    0    0    0  39.43    3.94   1.23   0.06  34.20  53.05  48.00  61.05  20.00  56.05  65.05  62.00  63.05  54.00  61.00  63.05  0.80 GHz  0.80 GHz  0.80 GHz   N/A     
11:18:46   0.1   0.0   0.2  99.7   0.1    1    634    456    2    2    2  40.05    4.01   1.23   0.09  34.71  53.05  48.00  61.05  20.00  56.05  65.05  62.00  63.05  53.00  61.00  63.05  0.80 GHz  0.80 GHz  0.80 GHz   N/A     
11:18:47   0.0   0.0   0.1  99.9   0.0    1    236    189    0    0    1  39.27    3.93   1.23   0.05  34.06  53.05  49.00  61.05  20.00  57.05  65.05  62.00  63.05  53.00  61.00  63.05  0.80 GHz  0.80 GHz  0.80 GHz   N/A     
11:18:48   0.0   0.0   0.1  99.9   0.0    1    223    186    0    0    0  39.63    3.95   1.23   0.05  34.40  53.05  49.00  61.05  20.00  57.05  65.05  62.00  63.05  53.00  61.00  63.05  0.80 GHz  0.80 GHz  0.80 GHz   N/A     
11:18:49   0.0   0.0   0.1  99.9   0.0    1    214    168    0    0    0  39.29    3.92   1.22   0.04  34.10  53.05  49.00  61.05  20.00  56.05  66.05  62.00  63.05  53.00  61.00  63.05  0.80 GHz  0.80 GHz  0.80 GHz   N/A     
11:18:50   0.0   0.0   0.1  99.9   0.0    1    241    188    0    0    0  39.32    3.93   1.23   0.05  34.10  53.05  48.00  61.05  20.00  56.05  66.05  62.00  63.05  53.00  61.00  63.05  0.80 GHz  0.80 GHz  0.80 GHz   N/A     
11:18:51   0.3   0.0   0.1  99.6   0.0    1    748    550    2    2    2  39.65    3.99   1.23   0.10  34.34  53.05  47.00  61.05  20.00  56.05  65.05  62.00  63.05  53.00  61.00  63.05  0.80 GHz  0.80 GHz  0.80 GHz   N/A     
11:18:52   0.0   0.0   0.1  99.9   0.0    1    224    190    0    0    0  39.35    3.93   1.23   0.05  34.14  53.05  49.00  61.05  20.00  56.05  65.05  62.00  63.05  53.00  61.00  63.05  0.80 GHz  0.80 GHz  0.80 GHz   N/A     
11:18:53   0.0   0.0   0.1  99.9   0.0    1    222    163    0    0    0  39.21    3.92   1.22   0.05  34.01  53.05  49.00  62.05  20.00  57.05  66.05  62.00  63.05  53.00  62.00  63.05  0.80 GHz  0.80 GHz  0.80 GHz   N/A     
11:18:54   0.0   0.0   0.1  99.9   0.0    1    255    196    0    0    0  39.38    3.93   1.23   0.05  34.17  53.05  48.00  62.05  20.00  57.05  66.05  62.00  63.05  53.00  62.00  63.05  0.80 GHz  0.80 GHz  0.80 GHz   N/A     
11:18:55   0.1   0.0   0.1  99.9   0.0    1    215    177    0    0    0  39.28    3.92   1.22   0.05  34.09  53.05  48.00  62.05  20.00  57.05  66.05  62.00  63.05  53.00  62.00  63.05  0.80 GHz  0.80 GHz  0.80 GHz   N/A     
11:18:56   0.1   0.0   0.2  99.6   0.1    1    636    468    4    2    4  40.10    4.00   1.23   0.08  34.79  53.05  49.00  62.05  20.00  57.05  66.05  62.00  63.05  53.00  62.00  63.05  0.80 GHz  0.80 GHz  0.80 GHz   N/A     
11:18:57   0.0   0.0   0.1  99.9   0.0    1    226    183    0    0    0  39.75    3.96   1.23   0.05  34.51  53.05  49.00  62.05  20.00  57.05  66.05  62.00  63.05  53.00  62.00  63.05  0.80 GHz  0.80 GHz  0.80 GHz   N/A     
11:18:58   0.0   0.0   0.1  99.9   0.0    1    291    247    0    0    2  39.85    3.97   1.23   0.06  34.59  53.05  49.00  62.05  20.00  57.05  66.05  62.00  63.05  53.00  62.00  63.05  0.80 GHz  0.80 GHz  0.80 GHz   N/A     
11:18:59   0.0   0.0   0.1  99.9   0.0    1    247    245    0    0    1  39.38    3.94   1.23   0.06  34.16  53.05  47.00  62.05  20.00  56.05  66.05  62.00  63.05  53.00  62.00  63.05  0.80 GHz  0.80 GHz  0.80 GHz   N/A     
11:19:00   0.1   0.0   0.1  99.8   0.0    1    435    229    0    0    0  39.51    3.96   1.23   0.07  34.25  53.05  48.00  62.05  20.00  56.05  66.05  62.00  63.05  53.00  62.00  63.05  0.80 GHz  0.80 GHz  0.80 GHz   N/A     
11:19:01   0.1   0.0   0.2  99.7   0.0    1    728    592    2    2    2  39.83    4.07   1.23   0.16  34.37  53.05  49.00  62.05  20.00  56.05  65.05  62.00  63.05  53.00  62.00  63.05  0.80 GHz  0.80 GHz  0.80 GHz   N/A     
11:19:02   0.1   0.0   0.1  99.9   0.0    1    249    205    0    0    0  39.41    3.94   1.23   0.05  34.19  53.05  48.00  62.05  20.00  56.05  65.05  62.00  63.05  53.00  62.00  63.05  0.80 GHz  0.80 GHz  0.80 GHz   N/A     
11:19:03   0.0   0.0   0.1  99.9   0.1    1    230    188    0    0    0  39.79    3.95   1.23   0.05  34.57  53.05  48.00  62.05  20.00  57.05  66.05  62.00  63.05  53.00  62.00  63.05  0.80 GHz  0.80 GHz  0.80 GHz   N/A     
11:19:04   0.0   0.0   0.1  99.9   0.0    1    231    195    0    0    0  39.40    3.92   1.23   0.05  34.20  53.05  49.00  62.05  20.00  57.05  66.05  62.00  63.05  53.00  62.00  63.05  0.80 GHz  0.80 GHz  0.80 GHz   N/A     
11:19:05   0.0   0.0   0.1  99.9   0.0    1    228    187    0    0    0  39.86    3.96   1.23   0.05  34.61  54.05  49.00  62.05  20.00  57.05  66.05  62.00  63.05  53.00  62.00  63.05  0.80 GHz  0.80 GHz  0.80 GHz   N/A     
11:19:06   0.1   0.0   0.3  99.7   0.0    1    540    409    2    2    2  39.69    3.98   1.23   0.09  34.38  54.05  49.00  62.05  20.00  57.05  66.05  62.00  63.05  53.00  62.00  63.05  0.80 GHz  0.80 GHz  0.80 GHz   N/A     
11:19:07   0.0   0.0   0.1  99.9   0.0    1    206    181    0    0    0  39.36    3.92   1.22   0.05  34.16  54.05  49.00  62.05  20.00  57.05  66.05  62.00  63.05  53.00  62.00  63.05  0.80 GHz  0.80 GHz  0.80 GHz   N/A     
11:19:08   0.0   0.0   0.1  99.9   0.0    1    252    173    1    0    0  39.38    3.92   1.23   0.05  34.18  54.05  49.00  62.05  20.00  57.05  66.05  62.00  63.05  53.00  62.00  63.05  0.80 GHz  0.80 GHz  0.80 GHz   N/A     
11:19:09   0.0   0.0   0.1  99.9   0.0    1    224    189    0    0    0  39.39    3.93   1.22   0.05  34.19  54.05  47.00  62.05  20.00  57.05  66.05  62.00  63.05  53.00  62.00  63.05  0.80 GHz  0.80 GHz  0.80 GHz   N/A     
11:19:10   0.0   0.0   0.1  99.9   0.0    1    248    177    0    0    0  39.38    3.93   1.23   0.06  34.16  54.05  48.00  62.05  20.00  57.05  66.05  63.00  63.05  53.00  62.00  63.05  0.80 GHz  0.80 GHz  0.80 GHz   N/A     
11:19:11   0.1   0.0   0.1  99.8   0.0    1    593    458    2    2    2  39.83    4.00   1.23   0.11  34.49  54.05  49.00  62.05  20.00  57.05  66.05  62.00  63.05  54.00  62.00  63.05  0.80 GHz  0.80 GHz  0.80 GHz   N/A     
11:19:12   0.0   0.0   0.1  99.9   0.0    1    230    172    0    0    0  39.41    3.92   1.23   0.05  34.21  54.05  49.00  62.05  20.00  57.05  66.05  63.00  63.05  54.00  62.00  63.05  0.80 GHz  0.80 GHz  0.80 GHz   N/A     
11:19:13   0.0   0.0   0.1  99.9   0.0    1    230    194    0    0    0  39.85    3.96   1.23   0.06  34.60  54.05  49.00  62.05  20.00  57.05  66.05  62.00  63.05  53.00  62.00  63.05  0.80 GHz  0.80 GHz  0.80 GHz   N/A     
11:19:14   0.0   0.0   0.1  99.8   0.1    1    254    208    0    0    0  39.90    3.97   1.23   0.06  34.65  54.05  49.00  62.05  20.00  57.05  66.05  62.00  63.05  53.00  62.00  63.05  0.80 GHz  0.80 GHz  0.80 GHz   N/A     
11:19:15   0.1   0.0   0.1  99.9   0.0    1    208    174    0    0    0  39.37    3.91   1.23   0.04  34.19  53.05  47.00  62.05  20.00  56.05  66.05  62.00  63.05  53.00  62.00  63.05  0.80 GHz  0.80 GHz  0.80 GHz   N/A     
11:19:16   0.1   0.0   0.2  99.7   0.0    1    608    444    2    2    2  40.29    4.04   1.23   0.12  34.90  53.05  49.00  62.05  20.00  56.05  66.05  62.00  63.05  53.00  62.00  63.05  0.80 GHz  0.80 GHz  0.80 GHz   N/A     
11:19:17   0.0   0.0   0.1  99.9   0.0    1    204    171    0    0    0  39.79    3.95   1.23   0.05  34.55  53.05  49.00  62.05  20.00  57.05  66.05  62.00  63.05  53.00  62.00  63.05  0.80 GHz  0.80 GHz  0.80 GHz   N/A     
11:19:18   0.0   0.0   0.1  99.9   0.0    1    251    190    0    0    0  39.45    3.93   1.23   0.05  34.24  53.05  49.00  62.05  20.00  57.05  66.05  62.00  63.05  53.00  62.00  63.05  0.80 GHz  0.80 GHz  0.80 GHz   N/A     
  Time    User  Nice   Sys  Idle    IO  Run Ctxt/s  IRQ/s Fork Exec Exit  Watts   pkg-0   dram   core   psys   SEN3 pch_co   B0D4 INT340   SEN2   SEN4 x86_pk   SEN5 iwlwif acpitz   SEN1  CPU Freq  Freq Min  Freq Max  GPU Freq
11:19:19   0.0   0.0   0.1  99.9   0.0    1    226    199    0    0    0  39.40    3.92   1.23   0.05  34.20  53.05  49.00  62.05  20.00  57.05  66.05  62.00  63.05  53.00  62.00  63.05  0.80 GHz  0.80 GHz  0.80 GHz   N/A     
11:19:20   0.0   0.0   0.1  99.9   0.0    1    187    154    0    0    0  39.37    3.91   1.22   0.04  34.19  53.05  49.00  62.05  20.00  57.05  66.05  62.00  63.05  53.00  62.00  63.05  0.80 GHz  0.80 GHz  0.80 GHz   N/A     
11:19:21   0.1   0.0   0.1  99.8   0.0    1    578    441    2    2    2  39.70    3.96   1.23   0.07  34.44  54.05  49.00  62.05  20.00  57.05  66.05  62.00  63.05  53.00  62.00  63.05  0.80 GHz  0.80 GHz  0.80 GHz   N/A     
11:19:22   0.1   0.0   0.1  99.8   0.1    1    252    190    0    0    0  39.88    3.95   1.23   0.04  34.67  54.05  48.00  62.05  20.00  57.05  66.05  62.00  63.05  53.00  62.00  63.05  0.80 GHz  0.80 GHz  0.80 GHz   N/A     
11:19:23   0.0   0.0   0.1  99.9   0.0    1    243    220    0    0    0  39.96    3.97   1.23   0.06  34.70  54.05  49.00  62.05  20.00  57.05  66.05  62.00  64.05  53.00  62.00  63.05  0.80 GHz  0.80 GHz  0.80 GHz   N/A     
11:19:24   0.0   0.0   0.1  99.9   0.0    1    214    180    0    0    0  39.47    3.93   1.23   0.06  34.25  54.05  49.00  62.05  20.00  57.05  66.05  63.00  64.05  53.00  62.00  63.05  0.80 GHz  0.80 GHz  0.80 GHz   N/A     
11:19:25   0.0   0.0   0.1  99.9   0.1    1    225    176    0    0    0  39.91    3.96   1.23   0.06  34.67  54.05  48.00  62.05  20.00  57.05  66.05  63.00  63.05  53.00  62.00  63.05  0.80 GHz  0.80 GHz  0.80 GHz   N/A     
11:19:26   0.1   0.0   0.2  99.7   0.0    1    630    461    2    2    2  39.83    4.01   1.23   0.11  34.48  54.05  50.00  62.05  20.00  57.05  66.05  62.00  63.05  53.00  62.00  63.05  0.80 GHz  0.80 GHz  0.80 GHz   N/A     
11:19:27   0.0   0.0   0.1  99.9   0.0    1    229    196    0    0    1  39.44    3.93   1.22   0.06  34.23  53.05  49.00  62.05  20.00  57.05  66.05  62.00  64.05  53.00  62.00  64.05  0.80 GHz  0.80 GHz  0.80 GHz   N/A     
11:19:28   0.0   0.0   0.1  99.9   0.0    1    234    181    0    0    0  39.49    3.93   1.23   0.05  34.29  53.05  49.00  62.05  20.00  57.05  66.05  62.00  64.05  53.00  62.00  64.05  0.80 GHz  0.80 GHz  0.80 GHz   N/A     
11:19:29   0.1   0.0   0.1  99.9   0.0    1    208    173    0    0    0  39.43    3.91   1.22   0.04  34.25  54.05  49.00  62.05  20.00  57.05  66.05  62.00  63.05  53.00  62.00  64.05  0.80 GHz  0.80 GHz  0.80 GHz   N/A     
11:19:30   0.0   0.0   0.1  99.8   0.1    1    448    236    0    0    0  40.12    4.00   1.23   0.08  34.82  54.05  49.00  62.05  20.00  57.05  66.05  62.00  63.05  54.00  62.00  64.05  0.80 GHz  0.80 GHz  0.80 GHz   N/A     
11:19:31   0.1   0.0   0.1  99.8   0.0    1    614    478    2    2    2  39.85    4.00   1.23   0.11  34.50  54.05  48.00  62.05  20.00  57.05  66.05  63.00  64.05  54.00  62.00  64.05  0.80 GHz  0.80 GHz  0.80 GHz   N/A     
11:19:32   0.0   0.0   0.1  99.9   0.0    1    198    167    0    0    0  39.44    3.92   1.22   0.05  34.25  54.05  49.00  62.05  20.00  57.05  66.05  63.00  64.05  54.00  62.00  64.05  0.80 GHz  0.80 GHz  0.80 GHz   N/A     
11:19:33   0.1   0.0   0.1  99.8   0.0    1    273    192    0    0    0  39.98    3.96   1.23   0.05  34.74  54.05  48.00  62.05  20.00  57.05  66.05  63.00  63.05  54.00  62.00  64.05  0.80 GHz  0.80 GHz  0.80 GHz   N/A     
11:19:34   0.0   0.0   0.1  99.9   0.0    1    253    194    0    0    0  39.57    3.94   1.23   0.06  34.35  54.05  49.00  62.05  20.00  57.05  66.05  62.00  63.05  54.00  62.00  64.05  0.80 GHz  0.80 GHz  0.80 GHz   N/A     
11:19:35   0.1   0.0   0.1  99.8   0.0    1    252    219    0    0    0  39.52    3.94   1.23   0.06  34.28  54.05  48.00  62.05  20.00  57.05  66.05  62.00  64.05  54.00  62.00  64.05  0.80 GHz  0.80 GHz  0.80 GHz   N/A     
11:19:36   0.1   0.0   0.2  99.7   0.0    1    591    438    2    2    2  40.24    4.01   1.23   0.09  34.92  54.05  48.00  62.05  20.00  57.05  66.05  63.00  64.05  54.00  62.00  64.05  0.80 GHz  0.80 GHz  0.80 GHz   N/A     
11:19:37   0.1   0.0   0.1  99.8   0.1    1    267    206    1    0    0  40.39    4.00   1.23   0.06  35.10  54.05  49.00  62.05  20.00  57.05  66.05  63.00  64.05  54.00  62.00  64.05  0.80 GHz  0.80 GHz  0.83 GHz   N/A     
11:19:38   0.1   0.0   0.1  99.9   0.0    1    313    222    0    0    0  39.75    3.96   1.23   0.07  34.48  54.05  49.00  62.05  20.00  57.05  66.05  63.00  64.05  54.00  62.00  64.05  0.80 GHz  0.80 GHz  0.80 GHz   N/A     
11:19:39   0.0   0.0   0.1  99.9   0.0    1    254    221    0    0    0  39.59    3.93   1.23   0.05  34.38  54.05  49.00  62.05  20.00  57.05  67.05  63.00  64.05  55.00  62.00  64.05  0.80 GHz  0.80 GHz  0.80 GHz   N/A     
11:19:40   0.1   0.0   0.1  99.8   0.0    1    297    205    0    0    0  39.55    3.94   1.23   0.05  34.33  54.05  49.00  62.05  20.00  57.05  67.05  63.00  64.05  54.00  62.00  64.05  0.80 GHz  0.80 GHz  0.80 GHz   N/A     
11:19:41   0.1   0.0   0.2  99.7   0.0    1    646    485    2    2    2  40.01    3.98   1.23   0.08  34.72  54.05  48.00  62.05  20.00  57.05  66.05  63.00  64.05  55.00  62.00  64.05  0.80 GHz  0.80 GHz  0.84 GHz   N/A     
11:19:42   0.0   0.0   0.1  99.9   0.0    1    236    179    0    0    0  39.53    3.93   1.23   0.05  34.33  54.05  50.00  62.05  20.00  57.05  66.05  63.00  64.05  54.00  62.00  64.05  0.80 GHz  0.80 GHz  0.80 GHz   N/A     
11:19:43   0.1   0.0   0.1  99.8   0.1    1    252    224    0    0    0  40.53    4.00   1.23   0.06  35.23  54.05  49.00  62.05  20.00  57.05  67.05  63.00  64.05  54.00  62.00  64.05  0.80 GHz  0.80 GHz  0.80 GHz   N/A     
11:19:44   0.0   0.0   0.1  99.9   0.0    1    228    192    0    0    0  39.57    3.94   1.23   0.05  34.35  54.05  49.00  62.05  20.00  57.05  67.05  63.00  64.05  54.00  62.00  64.05  0.80 GHz  0.80 GHz  0.80 GHz   N/A     
11:19:45   0.0   0.0   0.1  99.9   0.0    1    208    169    0    0    0  39.53    3.91   1.22   0.04  34.35  54.05  49.00  62.05  20.00  57.05  67.05  63.00  64.05  54.00  62.00  64.05  0.80 GHz  0.80 GHz  0.80 GHz   N/A     
11:19:46   0.1   0.0   0.2  99.7   0.0    1    623    488    2    2    2  39.85    3.98   1.23   0.08  34.55  54.05  48.00  62.05  20.00  57.05  67.05  63.00  64.05  54.00  62.00  64.05  0.80 GHz  0.80 GHz  0.80 GHz   N/A     
11:19:47   0.0   0.0   0.1  99.9   0.0    1    224    183    0    0    1  39.52    3.94   1.23   0.06  34.29  54.05  49.00  62.05  20.00  57.05  66.05  63.00  64.05  54.00  62.00  64.05  0.80 GHz  0.80 GHz  0.80 GHz   N/A     
11:19:48   0.1   0.0   0.1  99.8   0.0    1    215    170    0    0    0  39.57    3.94   1.23   0.05  34.36  54.05  49.00  62.05  20.00  57.05  66.05  63.00  64.05  54.00  62.00  64.05  0.80 GHz  0.80 GHz  0.80 GHz   N/A     
11:19:49   0.0   0.0   0.1  99.9   0.0    1    237    206    0    0    0  40.07    3.97   1.23   0.06  34.81  54.05  48.00  62.05  20.00  57.05  66.05  63.00  64.05  54.00  62.00  64.05  0.80 GHz  0.80 GHz  0.80 GHz   N/A     
11:19:50   0.0   0.0   0.1  99.9   0.1    1    245    182    0    0    0  40.00    3.95   1.23   0.05  34.78  54.05  49.00  62.05  20.00  57.05  66.05  63.00  64.05  54.00  62.00  64.05  0.80 GHz  0.80 GHz  0.80 GHz   N/A     
11:19:51   0.1   0.0   0.2  99.7   0.0    1    611    461    2    2    2  40.33    4.02   1.23   0.09  34.99  54.05  49.00  62.05  20.00  58.05  67.05  63.00  64.05  54.00  62.00  64.05  0.80 GHz  0.80 GHz  0.80 GHz   N/A     
11:19:52   0.0   0.0   0.1  99.9   0.0    1    199    164    0    0    0  39.52    3.93   1.22   0.05  34.31  54.05  49.00  62.05  20.00  58.05  67.05  63.00  64.05  54.00  62.00  64.05  0.80 GHz  0.80 GHz  0.80 GHz   N/A     
11:19:53   0.0   0.0   0.1  99.9   0.0    1    221    173    0    0    0  39.98    3.95   1.23   0.05  34.75  54.05  48.00  62.05  20.00  57.05  66.05  63.00  64.05  54.00  62.00  64.05  0.80 GHz  0.80 GHz  0.80 GHz   N/A     
11:19:54   0.1   0.0   0.1  99.7   0.0    1    293    254    0    0    0  39.81    3.97   1.23   0.07  34.53  54.05  49.00  62.05  20.00  57.05  66.05  63.00  64.05  54.00  62.00  64.05  0.80 GHz  0.80 GHz  0.80 GHz   N/A     
11:19:55   0.0   0.0   0.1  99.9   0.0    1    279    270    0    0    1  39.70    3.95   1.23   0.06  34.46  54.05  48.00  62.05  20.00  57.05  67.05  63.00  64.05  54.00  62.00  64.05  0.80 GHz  0.80 GHz  0.80 GHz   N/A     
11:19:56   0.1   0.0   0.1  99.8   0.0    1    576    408    2    2    2  39.79    3.97   1.23   0.08  34.52  54.05  49.00  62.05  20.00  57.05  67.05  63.00  64.05  54.00  62.00  64.05  0.80 GHz  0.80 GHz  0.80 GHz   N/A     
11:19:57   0.0   0.0   0.1  99.8   0.1    1    224    174    0    0    0  39.99    3.95   1.23   0.05  34.77  54.05  49.00  62.05  20.00  58.05  66.05  64.00  64.05  54.00  62.00  64.05  0.80 GHz  0.80 GHz  0.80 GHz   N/A     
11:19:58   0.0   0.0   0.0 100.0   0.0    1    252    189    0    0    0  39.59    3.93   1.23   0.05  34.38  54.05  49.00  62.05  20.00  58.05  66.05  63.00  64.05  54.00  62.00  64.05  0.80 GHz  0.80 GHz  0.80 GHz   N/A     
11:19:59   0.1   0.0   0.1  99.3   0.5    1    347    299    1    0    0  40.63    4.04   1.24   0.08  35.28  54.05  49.00  62.05  20.00  58.05  67.05  63.00  64.05  54.00  62.00  64.05  0.80 GHz  0.80 GHz  0.80 GHz   N/A     
11:20:00   0.1   0.0   0.3  99.6   0.0    1    662    430    3    3    2  40.72    4.04   1.24   0.08  35.35  54.05  49.00  62.05  20.00  58.05  67.05  63.00  64.05  54.00  62.00  64.05  0.80 GHz  0.80 GHz  0.80 GHz   N/A     
11:20:01   0.1   0.0   0.2  99.7   0.0    1    774    614    4    3    3  40.13    4.03   1.23   0.12  34.75  54.05  49.00  63.05  20.00  57.05  67.05  63.00  64.05  54.00  63.00  64.05  0.80 GHz  0.80 GHz  0.80 GHz   N/A     
11:20:02   0.0   0.0   0.1  99.9   0.0    1    254    190    0    0    0  39.61    3.93   1.23   0.05  34.40  54.05  49.00  63.05  20.00  57.05  67.05  63.00  64.05  54.00  63.00  64.05  0.80 GHz  0.80 GHz  0.80 GHz   N/A     
  Time    User  Nice   Sys  Idle    IO  Run Ctxt/s  IRQ/s Fork Exec Exit  Watts   pkg-0   dram   core   psys   SEN3 pch_co   B0D4 INT340   SEN2   SEN4 x86_pk   SEN5 iwlwif acpitz   SEN1  CPU Freq  Freq Min  Freq Max  GPU Freq
11:20:03   0.0   0.0   0.1  99.9   0.0    1    227    179    0    0    0  39.63    3.93   1.23   0.05  34.42  54.05  49.00  63.05  20.00  57.05  67.05  63.00  64.05  54.00  63.00  64.05  0.80 GHz  0.80 GHz  0.80 GHz   N/A     
11:20:04   0.1   0.0   0.1  99.8   0.0    1    251    224    0    0    0  39.68    3.94   1.23   0.06  34.45  54.05  49.00  63.05  20.00  57.05  67.05  63.00  64.05  54.00  63.00  64.05  0.80 GHz  0.80 GHz  0.80 GHz   N/A     
11:20:05   0.1   0.0   0.1  99.7   0.1    2    438    324    1    0    0  41.48    4.03   1.24   0.07  36.15  54.05  49.00  63.05  20.00  58.05  67.05  67.00  64.05  54.00  63.00  64.05  1.08 GHz  0.80 GHz  2.60 GHz   N/A     
11:20:06   3.6   0.0   0.6  95.6   0.3    1   2896   5745    3    2    2  67.01   10.59   1.35   6.28  48.78  54.05  50.00  63.05  20.00  58.05  67.05  65.00  64.05  56.00  63.00  64.05  0.80 GHz  0.80 GHz  0.80 GHz   N/A     
11:20:07   0.1   0.0   0.1  99.9   0.0    1    281    238    0    0    0  39.77    3.95   1.23   0.06  34.52  55.05  49.00  63.05  20.00  58.05  67.05  63.00  64.05  55.00  63.00  64.05  0.80 GHz  0.80 GHz  0.80 GHz   N/A     
11:20:08   0.0   0.0   0.1  99.9   0.0    1    296    228    0    0    0  39.88    3.96   1.23   0.06  34.63  55.05  49.00  63.05  20.00  58.05  67.05  64.00  64.05  55.00  63.00  64.05  0.80 GHz  0.80 GHz  0.80 GHz   N/A     
11:20:09   0.1   0.0   0.1  99.7   0.0    1    299    242    0    0    0  40.18    3.97   1.23   0.06  34.92  54.05  49.00  63.05  20.00  58.05  67.05  63.00  64.05  55.00  63.00  64.05  0.80 GHz  0.80 GHz  0.80 GHz   N/A     
11:20:10   0.1   0.0   0.1  99.8   0.0    1    331    239    0    0    0  39.81    3.94   1.23   0.06  34.58  54.05  49.00  63.05  20.00  58.05  67.05  64.00  64.05  56.00  63.00  64.05  0.80 GHz  0.80 GHz  0.80 GHz   N/A     
11:20:11   0.1   0.0   0.2  99.6   0.1    1    643    480    2    2    2  40.52    4.04   1.23   0.11  35.14  54.05  49.00  63.05  20.00  58.05  67.05  64.00  64.05  55.00  63.00  64.05  0.80 GHz  0.80 GHz  0.80 GHz   N/A     
11:20:12   0.0   0.0   0.1  99.9   0.0    1    196    164    0    0    0  39.64    3.92   1.22   0.05  34.44  54.05  48.00  63.05  20.00  58.05  67.05  64.00  64.05  55.00  63.00  64.05  0.80 GHz  0.80 GHz  0.80 GHz   N/A     
11:20:13   0.0   0.0   0.1  99.9   0.0    1    219    183    0    0    0  40.06    3.95   1.22   0.04  34.85  55.05  49.00  63.05  20.00  58.05  67.05  64.00  64.05  55.00  63.00  64.05  0.80 GHz  0.80 GHz  0.80 GHz   N/A     
11:20:14   0.1   0.0   0.1  99.9   0.0    1    257    216    0    0    1  39.73    3.95   1.23   0.05  34.50  55.05  50.00  63.05  20.00  58.05  67.05  64.00  64.05  54.00  63.00  64.05  0.80 GHz  0.80 GHz  0.80 GHz   N/A     
11:20:15   0.0   0.0   0.1  99.9   0.0    1    238    215    0    0    0  39.69    3.94   1.23   0.05  34.47  55.05  49.00  63.05  20.00  58.05  67.05  63.00  64.05  54.00  63.00  64.05  0.80 GHz  0.80 GHz  0.80 GHz   N/A     
11:20:16   0.1   0.0   0.1  99.7   0.0    1    567    485    2    2    2  40.01    3.98   1.23   0.09  34.71  55.05  49.00  63.05  20.00  58.05  67.05  64.00  64.05  54.00  63.00  64.05  0.80 GHz  0.80 GHz  0.80 GHz   N/A     
11:20:17   0.0   0.0   0.1  99.9   0.1    1    221    169    0    0    0  40.06    3.95   1.22   0.04  34.85  54.05  49.00  63.05  20.00  58.05  67.05  64.00  64.05  54.00  63.00  64.05  0.80 GHz  0.80 GHz  0.80 GHz   N/A     
11:20:18   0.0   0.0   0.1  99.9   0.0    1    240    186    0    0    0  39.66    3.92   1.22   0.04  34.47  54.05  49.00  63.05  20.00  58.05  67.05  64.00  64.05  54.00  63.00  64.05  0.80 GHz  0.80 GHz  0.80 GHz   N/A     
11:20:19   0.0   0.0   0.1  99.9   0.0    1    222    206    0    0    0  39.70    3.93   1.23   0.05  34.50  54.05  50.00  63.05  20.00  58.05  67.05  64.00  65.05  54.00  63.00  65.05  0.80 GHz  0.80 GHz  0.80 GHz   N/A     
11:20:20   0.1   0.0   0.1  99.9   0.0    1    236    190    0    0    0  40.17    3.96   1.23   0.05  34.93  54.05  49.00  63.05  20.00  58.05  67.05  63.00  65.05  54.00  63.00  65.05  0.80 GHz  0.80 GHz  0.80 GHz   N/A     
11:20:21   0.1   0.0   0.1  99.8   0.0    1    582    470    2    2    2  40.09    4.02   1.23   0.12  34.72  55.05  50.00  63.05  20.00  58.05  67.05  64.00  64.05  54.00  63.00  65.05  0.80 GHz  0.80 GHz  0.80 GHz   N/A     
11:20:22   0.0   0.0   0.1  99.9   0.0    1    239    181    0    0    0  39.68    3.93   1.23   0.05  34.47  55.05  49.00  63.05  20.00  58.05  67.05  64.00  64.05  55.00  63.00  65.05  0.80 GHz  0.80 GHz  0.80 GHz   N/A     
11:20:23   0.1   0.0   0.1  99.8   0.1    1    251    216    0    0    0  40.19    3.98   1.23   0.07  34.91  54.05  49.00  63.05  20.00  58.05  67.05  64.00  65.05  54.00  63.00  65.05  0.80 GHz  0.80 GHz  0.80 GHz   N/A     
11:20:24   0.0   0.0   0.1  99.9   0.0    1    221    190    0    0    0  39.74    3.94   1.22   0.06  34.52  54.05  49.00  63.05  20.00  58.05  67.05  64.00  65.05  54.00  63.00  65.05  0.80 GHz  0.80 GHz  0.80 GHz   N/A     
11:20:25   0.1   0.0   0.1  99.9   0.0    1    228    185    0    0    0  39.73    3.94   1.22   0.06  34.50  54.05  50.00  63.05  20.00  58.05  67.05  63.00  64.05  55.00  63.00  65.05  0.80 GHz  0.80 GHz  0.80 GHz   N/A     
11:20:26   0.0   0.0   0.2  99.7   0.1    1    656    501    2    2    2  41.01    4.06   1.23   0.10  35.61  54.05  49.00  63.05  20.00  58.05  67.05  63.00  64.05  55.00  63.00  65.05  0.80 GHz  0.80 GHz  0.80 GHz   N/A     
11:20:27   0.0   0.0   0.1  99.9   0.0    1    212    185    0    0    0  39.72    3.93   1.23   0.05  34.51  55.05  49.00  63.05  20.00  58.05  67.05  64.00  65.05  55.00  63.00  65.05  0.80 GHz  0.80 GHz  0.80 GHz   N/A     
11:20:28   0.0   0.0   0.1  99.9   0.1    1    247    192    0    0    0  40.22    3.96   1.23   0.05  34.98  55.05  50.00  63.05  20.00  58.05  67.05  64.00  65.05  55.00  63.00  65.05  0.80 GHz  0.80 GHz  0.80 GHz   N/A     
11:20:29   0.1   0.0   0.1  99.9   0.0    1    208    166    0    0    0  39.66    3.92   1.22   0.05  34.46  55.05  50.00  63.05  20.00  58.05  67.05  64.00  64.05  54.00  63.00  65.05  0.80 GHz  0.80 GHz  0.80 GHz   N/A     
11:20:30   0.0   0.0   0.1  99.9   0.0    1    441    244    0    0    0  39.93    3.98   1.23   0.08  34.64  55.05  50.00  63.05  20.00  58.05  67.05  64.00  64.05  55.00  63.00  65.05  0.80 GHz  0.80 GHz  0.80 GHz   N/A     
11:20:31   0.1   0.0   0.2  99.7   0.0    1    604    455    2    2    2  40.04    3.98   1.23   0.08  34.76  55.05  50.00  63.05  20.00  58.05  67.05  64.00  65.05  55.00  63.00  65.05  0.80 GHz  0.80 GHz  0.80 GHz   N/A     
11:20:32   0.0   0.0   0.1  99.9   0.1    1    207    175    0    0    0  40.17    3.96   1.22   0.05  34.93  55.05  49.00  63.05  20.00  58.05  67.05  64.00  65.05  55.00  63.00  65.05  0.80 GHz  0.80 GHz  0.80 GHz   N/A     
11:20:33   0.0   0.0   0.1  99.9   0.0    1    228    168    0    0    0  39.70    3.92   1.23   0.05  34.50  55.05  49.00  63.05  20.00  58.05  67.05  64.00  65.05  55.00  63.00  65.05  0.80 GHz  0.80 GHz  0.80 GHz   N/A     
11:20:34   0.1   0.0   0.1  99.9   0.0    1    255    190    0    0    0  39.79    3.94   1.23   0.05  34.57  55.05  49.00  63.05  20.00  58.05  67.05  64.00  65.05  55.00  63.00  65.05  0.80 GHz  0.80 GHz  0.80 GHz   N/A     
11:20:35   0.0   0.0   0.1  99.9   0.0    1    250    209    0    0    0  39.82    3.94   1.23   0.06  34.59  55.05  51.00  63.05  20.00  58.05  67.05  64.00  65.05  55.00  63.00  65.05  0.80 GHz  0.80 GHz  0.80 GHz   N/A     
11:20:36   0.0   0.0   0.2  99.8   0.0    1    584    485    2    2    2  40.13    3.99   1.23   0.09  34.83  55.05  51.00  63.05  20.00  58.05  67.05  63.00  65.05  55.00  63.00  65.05  0.80 GHz  0.80 GHz  0.80 GHz   N/A     
11:20:37   0.1   0.0   0.1  99.9   0.0    1    234    198    0    0    1  39.74    3.94   1.22   0.06  34.51  54.05  50.00  63.05  20.00  58.05  67.05  64.00  64.05  55.00  63.00  65.05  0.80 GHz  0.80 GHz  0.80 GHz   N/A     
11:20:38   0.1   0.0   0.1  99.8   0.0    1    343    246    1    0    0  40.62    4.02   1.23   0.07  35.30  54.05  50.00  63.05  20.00  58.05  67.05  64.00  64.05  55.00  63.00  65.05  0.80 GHz  0.80 GHz  0.80 GHz   N/A     
11:20:39   0.0   0.0   0.1  99.9   0.0    1    218    183    0    0    0  39.74    3.93   1.23   0.05  34.54  55.05  50.00  63.05  20.00  58.05  67.05  64.00  65.05  55.00  63.00  65.05  0.80 GHz  0.80 GHz  0.80 GHz   N/A     
11:20:40   0.1   0.0   0.1  99.9   0.0    1    360    214    0    0    0  39.86    3.95   1.23   0.06  34.63  55.05  50.00  63.05  20.00  58.05  67.05  64.00  65.05  55.00  63.00  65.05  0.80 GHz  0.80 GHz  0.80 GHz   N/A     
11:20:41   0.1   0.0   0.2  99.7   0.0    1    659    499    2    2    2  40.39    4.04   1.23   0.13  35.00  55.05  51.00  63.05  20.00  58.05  67.05  64.00  65.05  55.00  63.00  65.05  0.80 GHz  0.80 GHz  0.80 GHz   N/A     
11:20:42   0.0   0.0   0.1  99.9   0.0    1    231    174    0    0    0  39.80    3.93   1.23   0.05  34.59  55.05  50.00  63.05  20.00  58.05  67.05  64.00  65.05  55.00  63.00  65.05  0.80 GHz  0.80 GHz  0.80 GHz   N/A     
11:20:43   0.0   0.0   0.1  99.9   0.0    1    244    218    0    0    0  40.28    3.97   1.23   0.06  35.02  55.05  50.00  63.05  20.00  58.05  67.05  64.00  65.05  55.00  63.00  65.05  0.80 GHz  0.80 GHz  0.80 GHz   N/A     
11:20:44   0.0   0.0   0.1  99.9   0.1    1    230    206    0    0    0  40.33    3.98   1.23   0.06  35.06  55.05  50.00  63.05  20.00  58.05  67.05  64.00  65.05  55.00  63.00  65.05  0.80 GHz  0.80 GHz  0.80 GHz   N/A     
11:20:45   0.1   0.0   0.1  99.9   0.0    1    224    174    0    0    0  39.82    3.94   1.23   0.06  34.60  55.05  50.00  63.05  20.00  58.05  67.05  64.00  65.05  55.00  63.00  65.05  0.80 GHz  0.80 GHz  0.80 GHz   N/A     
11:20:46   0.1   0.0   0.1  99.8   0.0    1    614    468    2    2    2  40.15    4.00   1.23   0.09  34.83  55.05  50.00  63.05  20.00  58.05  67.05  64.00  65.05  55.00  63.00  65.05  0.80 GHz  0.80 GHz  0.80 GHz   N/A     
  Time    User  Nice   Sys  Idle    IO  Run Ctxt/s  IRQ/s Fork Exec Exit  Watts   pkg-0   dram   core   psys   SEN3 pch_co   B0D4 INT340   SEN2   SEN4 x86_pk   SEN5 iwlwif acpitz   SEN1  CPU Freq  Freq Min  Freq Max  GPU Freq
11:20:47   0.1   0.0   0.1  99.9   0.0    1    227    192    0    0    0  39.81    3.94   1.23   0.05  34.59  54.05  49.00  63.05  20.00  58.05  67.05  64.00  65.05  55.00  63.00  65.05  0.80 GHz  0.80 GHz  0.80 GHz   N/A     
11:20:48   0.0   0.0   0.1  99.9   0.0    1    235    200    0    0    1  39.88    3.96   1.23   0.07  34.63  54.05  49.00  63.05  20.00  58.05  67.05  64.00  65.05  55.00  63.00  65.05  0.80 GHz  0.80 GHz  0.80 GHz   N/A     
11:20:49   0.0   0.0   0.1  99.8   0.1    1    221    169    0    0    0  40.20    3.95   1.23   0.04  34.99  55.05  50.00  63.05  20.00  58.05  67.05  64.00  65.05  55.00  63.00  65.05  0.80 GHz  0.80 GHz  0.80 GHz   N/A     
11:20:50   0.0   0.0   0.1  99.9   0.0    1    232    182    0    0    0  39.80    3.92   1.22   0.04  34.61  55.05  51.00  63.05  20.00  58.05  67.05  64.00  65.05  55.00  63.00  65.05  0.80 GHz  0.80 GHz  0.80 GHz   N/A     
-------- ----- ----- ----- ----- ----- ---- ------ ------ ---- ---- ---- ------  ------ ------ ------ ------ ------ ------ ------ ------ ------ ------ ------ ------ ------ ------ ------ --------- --------- --------- ---------
 Average   0.0   0.0   0.1  99.8   0.0  1.0  334.6  265.4  0.5  0.4  0.5  39.19    3.97   1.23   0.08  33.92  51.72  47.26  59.77  20.00  54.80  63.90  60.38  61.34  51.97  59.73  61.04  0.80 GHz  0.80 GHz  0.82 GHz   N/A     
 GeoMean   0.0   0.0   0.0  99.8   0.0  1.0  300.2  234.7  0.0  0.0  0.0  39.17    3.96   1.23   0.06  33.91  51.68  47.24  59.73  20.00  54.75  63.86  60.34  61.29  51.94  59.68  60.99  0.80 GHz  0.80 GHz  0.82 GHz   N/A     
  StdDev   0.2   0.0   0.1   0.2   0.0  0.1  205.2  296.4  0.9  0.8  0.9   1.54    0.33   0.01   0.31   0.98   2.04   1.56   2.36   0.00   2.28   2.33   2.37   2.29   1.73   2.36   2.60  0.02 GHz  0.03 MHz  0.16 GHz   N/A     
-------- ----- ----- ----- ----- ----- ---- ------ ------ ---- ---- ---- ------  ------ ------ ------ ------ ------ ------ ------ ------ ------ ------ ------ ------ ------ ------ ------ --------- --------- --------- ---------
 Minimum   0.0   0.0   0.0  95.6   0.0  1.0  187.0  154.0  0.0  0.0  0.0  37.70    3.88   1.22   0.04  32.56  48.05  44.00  55.05  20.00  50.05  59.05  56.00  57.05  49.00  55.00  56.05  0.80 GHz  0.80 GHz  0.80 GHz   N/A     
 Maximum   3.6   0.1   0.6 100.0   0.5  3.0 2896.0 5745.0  4.0  3.0  6.0  67.01   10.59   1.35   6.28  48.78  55.05  51.00  63.05  20.00  58.05  67.05  67.00  65.05  56.00  63.00  65.05  1.08 GHz  0.80 GHz  2.60 GHz   N/A     
-------- ----- ----- ----- ----- ----- ---- ------ ------ ---- ---- ---- ------  ------ ------ ------ ------ ------ ------ ------ ------ ------ ------ ------ ------ ------ ------ ------ --------- --------- --------- ---------
Summary:
CPU:  39.19 Watts on average with standard deviation 1.54  
Note: power read from RAPL domains: pkg-0, dram, core, psys.
These readings do not cover all the hardware in this device.

C-State    Resident      Count Latency 
C3_ACPI     99.369%      75808    1034
C2_ACPI      0.288%      21331     151
C1_ACPI      0.073%      25452       1
POLL         0.000%         66       0
C0           0.271%

Histogram (of 400 power measurements)

 Range (Watts)  Count
37.703 - 40.632   395 ########################################
40.633 - 43.562     4 
43.563 - 46.493     0 
46.494 - 49.423     0 
49.424 - 52.353     0 
52.354 - 55.283     0 
55.284 - 58.214     0 
58.215 - 61.144     0 
61.145 - 64.074     0 
64.075 - 67.004     1 

Histogram (of 400 CPU utilization measurements)

Range (%CPU)  Count
0.000 - 0.437   398 ########################################
0.438 - 0.876     1 
0.877 - 1.314     0 
1.315 - 1.752     0 
1.753 - 2.191     0 
2.192 - 2.629     0 
2.630 - 3.067     0 
3.068 - 3.506     0 
3.507 - 3.944     0 
3.945 - 4.382     1 

Histogram (of 400 CPU average frequencies)

Range (GHz)   Count
0.800 - 0.827   394 ########################################
0.828 - 0.855     3 
0.856 - 0.883     2 
0.884 - 0.911     0 
0.912 - 0.939     0 
0.940 - 0.967     0 
0.968 - 0.995     0 
0.996 - 1.023     0 
1.024 - 1.051     0 
1.052 - 1.079     1 

Histogram (of 400 thermal zone SEN3 readings)

 Range (°C)    Count
48.050 - 48.749    18 #########
48.750 - 49.449    54 ############################
49.450 - 50.149    67 ###################################
50.150 - 50.849     0 
50.850 - 51.549    64 ##################################
51.550 - 52.249    24 ############
52.250 - 52.949     0 
52.950 - 53.649    75 ########################################
53.650 - 54.349    70 #####################################
54.350 - 55.049    28 ##############

Histogram (of 400 thermal zone pch_cometlake readings)

 Range (°C)    Count
44.000 - 44.699     2 
44.700 - 45.399    65 ########################
45.400 - 46.099    64 ########################
46.100 - 46.799     0 
46.800 - 47.499   106 ########################################
47.500 - 48.199    50 ##################
48.200 - 48.899     0 
48.900 - 49.599    88 #################################
49.600 - 50.299    21 #######
50.300 - 50.999     4 #

Histogram (of 400 thermal zone B0D4 readings)

 Range (°C)    Count
55.050 - 55.849    16 #########
55.850 - 56.649    34 ####################
56.650 - 57.449    36 #####################
57.450 - 58.249    44 #########################
58.250 - 59.049    39 ######################
59.050 - 59.849     0 
59.850 - 60.649    58 ##################################
60.650 - 61.449    55 ################################
61.450 - 62.249    68 ########################################
62.250 - 63.049    50 #############################

Range is zero, cannot produce histogram of thermal zone INT3400 Thermal

Histogram (of 400 thermal zone SEN2 readings)

 Range (°C)    Count
50.050 - 50.849     8 #####
50.850 - 51.649    40 #########################
51.650 - 52.449    28 ##################
52.450 - 53.249    47 ##############################
53.250 - 54.049    56 ####################################
54.050 - 54.849     0 
54.850 - 55.649    54 ##################################
55.650 - 56.449    53 ##################################
56.450 - 57.249    62 ########################################
57.250 - 58.049    52 #################################

Histogram (of 400 thermal zone SEN4 readings)

 Range (°C)    Count
59.050 - 59.849    10 ######
59.850 - 60.649    34 #####################
60.650 - 61.449    32 ####################
61.450 - 62.249    50 ################################
62.250 - 63.049    41 ##########################
63.050 - 63.849     0 
63.850 - 64.649    54 ##################################
64.650 - 65.449    57 ####################################
65.450 - 66.249    60 ######################################
66.250 - 67.049    62 ########################################

Histogram (of 400 thermal zone x86_pkg_temp readings)

 Range (°C)    Count
56.000 - 57.099    58 #################################
57.100 - 58.199    47 ###########################
58.200 - 59.299    35 ####################
59.300 - 60.399    47 ###########################
60.400 - 61.499    69 ########################################
61.500 - 62.599    62 ###################################
62.600 - 63.699    42 ########################
63.700 - 64.799    38 ######################
64.800 - 65.899     1 
65.900 - 66.999     1 

Histogram (of 400 thermal zone SEN5 readings)

 Range (°C)    Count
57.050 - 57.849    22 #############
57.850 - 58.649    40 #######################
58.650 - 59.449    40 #######################
59.450 - 60.249    47 ############################
60.250 - 61.049    56 #################################
61.050 - 61.849     0 
61.850 - 62.649    46 ###########################
62.650 - 63.449    67 ########################################
63.450 - 64.249    58 ##################################
64.250 - 65.049    24 ##############

Histogram (of 400 thermal zone iwlwifi_1 readings)

 Range (°C)    Count
49.000 - 49.699    45 ################
49.700 - 50.399    23 ########
50.400 - 51.099   107 ########################################
51.100 - 51.799     0 
51.800 - 52.499    72 ##########################
52.500 - 53.199    69 #########################
53.200 - 53.899     0 
53.900 - 54.599    48 #################
54.600 - 55.299    34 ############
55.300 - 55.999     2 

Histogram (of 400 thermal zone acpitz readings)

 Range (°C)    Count
55.000 - 55.799    16 #########
55.800 - 56.599    34 ####################
56.600 - 57.399    36 #####################
57.400 - 58.199    44 #########################
58.200 - 58.999    39 ######################
59.000 - 59.799     0 
59.800 - 60.599    58 ##################################
60.600 - 61.399    55 ################################
61.400 - 62.199    68 ########################################
62.200 - 62.999    50 #############################

Histogram (of 400 thermal zone SEN1 readings)

 Range (°C)    Count
56.050 - 56.949    18 #############
56.950 - 57.849    32 #######################
57.850 - 58.749    34 ########################
58.750 - 59.649    40 #############################
59.650 - 60.549    41 #############################
60.550 - 61.449    46 #################################
61.450 - 62.349    55 ########################################
62.350 - 63.249    50 ####################################
63.250 - 64.149    52 #####################################
64.150 - 65.049    32 #######################
