Running for 400.0 seconds (400 samples at 1.0 second intervals).
Power measurements will start in 0 seconds time.

  Time    User  Nice   Sys  Idle    IO  Run Ctxt/s  IRQ/s Fork Exec Exit  Watts   pkg-0   dram   core   psys   SEN3 pch_co   B0D4 INT340   SEN2   SEN4 x86_pk   SEN5 iwlwif acpitz   SEN1  CPU Freq  Freq Min  Freq Max  GPU Freq
13:06:14  18.5   0.0   0.2  81.3   0.0   17  11507   8636   17    1    0  89.20   17.71   1.25  13.61  56.63  48.05  44.00  53.05  20.00  51.05  57.05 100.00  55.05  49.00  53.00  52.05  3.87 GHz  3.87 GHz  3.87 GHz   N/A     
13:06:15  99.9   0.0   0.1   0.0   0.0   17    307  16968    0    0    0 242.68   64.53   1.22  60.09 116.83  48.05  43.00  53.05  20.00  51.05  57.05 100.00  55.05  49.00  53.00  52.05  3.70 GHz  3.70 GHz  3.70 GHz   N/A     
13:06:16  99.9   0.0   0.1   0.0   0.0   17    830  17622    2    2    3 245.64   67.38   1.23  62.96 114.08  48.05  43.00  53.05  20.00  51.05  57.05 100.00  55.05  49.00  53.00  52.05  3.60 GHz  3.60 GHz  3.60 GHz   N/A     
13:06:17  99.9   0.0   0.1   0.0   0.0   17    238  17447    0    0    0 236.37   63.15   1.22  58.72 113.28  48.05  43.00  61.05  20.00  54.05  58.05 100.00  55.05  49.00  61.00  52.05  3.60 GHz  3.60 GHz  3.60 GHz   N/A     
13:06:18  99.9   0.0   0.1   0.0   0.0   17    278  17233    0    0    0 235.29   63.13   1.22  58.70 112.25  48.05  44.00  61.05  20.00  54.05  58.05 100.00  55.05  49.00  61.00  52.05  3.70 GHz  3.70 GHz  3.70 GHz   N/A     
13:06:19 100.0   0.0   0.0   0.0   0.0   17    288  16652    0    0    0 226.16   58.90   1.22  54.44 111.60  48.05  43.00  76.05  20.00  57.05  57.05 100.00  55.05  49.00  76.00  53.05  3.60 GHz  3.60 GHz  3.60 GHz   N/A     
13:06:20  99.9   0.0   0.1   0.0   0.0   17    253  16985    0    0    0 223.03   57.78   1.22  53.34 110.68  48.05  44.00  76.05  20.00  57.05  57.05 100.00  55.05  48.00  76.00  53.05  3.60 GHz  3.60 GHz  3.60 GHz   N/A     
13:06:21  99.9   0.0   0.1   0.0   0.0   17    623  17409    2    2    2 222.73   57.98   1.23  53.54 109.99  48.05  43.00  92.05  20.00  59.05  58.05  99.00  55.05  48.00  92.00  53.05  3.50 GHz  3.50 GHz  3.50 GHz   N/A     
13:06:22  99.9   0.0   0.1   0.0   0.0   17    292  17332    0    0    0 223.82   58.74   1.22  54.25 109.61  48.05  44.00  92.05  20.00  59.05  58.05 100.00  55.05  48.00  92.00  53.05  3.50 GHz  3.50 GHz  3.50 GHz   N/A     
13:06:23 100.0   0.0   0.0   0.0   0.0   17    235  17433    0    0    0 220.12   57.70   1.22  53.26 107.92  48.05  43.00  99.05  20.00  61.05  57.05 100.00  55.05  48.00  99.00  53.05  3.50 GHz  3.50 GHz  3.50 GHz   N/A     
13:06:24  99.9   0.0   0.1   0.0   0.0   17    265  17112    0    0    0 231.42   63.77   1.22  59.33 107.10  48.05  42.00  99.05  20.00  61.05  57.05 100.00  55.05  48.00  99.00  53.05  3.50 GHz  3.50 GHz  3.50 GHz   N/A     
13:06:25  99.9   0.0   0.1   0.0   0.0   17    247  16562    0    0    0 216.46   56.79   1.22  52.35 106.10  49.05  43.00 100.05  20.00  62.05  57.05 100.00  55.05  48.00 100.00  54.05  3.50 GHz  3.50 GHz  3.50 GHz   N/A     
13:06:26  99.8   0.0   0.2   0.0   0.0   17    662  17013    2    2    2 214.89   56.21   1.23  51.77 105.68  49.05  44.00 100.05  20.00  62.05  57.05 100.00  55.05  48.00 100.00  54.05  3.50 GHz  3.50 GHz  3.50 GHz   N/A     
13:06:27  99.9   0.0   0.1   0.0   0.0   17    244  16920    0    0    0 215.81   56.58   1.22  52.12 105.89  49.05  43.00 100.05  20.00  64.05  57.05 100.00  54.05  48.00 100.00  54.05  3.40 GHz  3.40 GHz  3.40 GHz   N/A     
13:06:28 100.0   0.0   0.0   0.0   0.0   17    243  17240    0    0    0 215.60   57.12   1.22  52.68 104.58  49.05  43.00 100.05  20.00  64.05  57.05 100.00  54.05  48.00 100.00  54.05  3.50 GHz  3.50 GHz  3.50 GHz   N/A     
13:06:29  99.9   0.0   0.1   0.0   0.0   17    267  17149    0    0    0 216.61   57.74   1.22  53.30 104.35  50.05  43.00 100.05  20.00  65.05  58.05 100.00  54.05  48.00 100.00  54.05  3.50 GHz  3.50 GHz  3.50 GHz   N/A     
13:06:30  99.9   0.0   0.1   0.0   0.0   17    272  17128    0    0    0 215.89   57.75   1.22  53.30 103.61  50.05  43.00 100.05  20.00  65.05  58.05 100.00  54.05  48.00 100.00  54.05  3.56 GHz  3.56 GHz  3.56 GHz   N/A     
13:06:31  99.9   0.0   0.1   0.0   0.0   17    618  17240    2    2    2 206.20   52.74   1.23  48.96 103.27  50.05  43.00 100.05  20.00  66.05  57.05 100.00  54.05  48.00 100.00  54.05  3.40 GHz  3.40 GHz  3.40 GHz   N/A     
13:06:32  99.9   0.0   0.1   0.0   0.0   17    363  17252    0    0    0 214.79   57.79   1.22  52.68 103.10  50.05  43.00 100.05  20.00  66.05  57.05 100.00  54.05  48.00 100.00  54.05  3.40 GHz  3.40 GHz  3.40 GHz   N/A     
13:06:33  99.9   0.0   0.1   0.0   0.0   17    227  16762    0    0    0 212.80   56.84   1.22  52.40 102.33  51.05  43.00 100.05  20.00  67.05  57.05 100.00  54.05  48.00 100.00  54.05  3.40 GHz  3.40 GHz  3.40 GHz   N/A     
13:06:34  99.9   0.0   0.1   0.0   0.0   17    325  16730    0    0    0 193.18   46.58   1.22  42.66 102.72  51.05  43.00 100.05  20.00  67.05  57.05 100.00  54.05  48.00 100.00  54.05  3.43 GHz  3.43 GHz  3.43 GHz   N/A     
13:06:35 100.0   0.0   0.0   0.0   0.0   17    368  16661    0    0    0 204.86   52.87   1.22  47.83 102.93  52.05  44.00 100.05  20.00  68.05  58.05 100.00  54.05  48.00 100.00  54.05  3.40 GHz  3.40 GHz  3.40 GHz   N/A     
13:06:36  99.8   0.0   0.2   0.0   0.0   17    605  16730    2    2    2 204.78   52.88   1.23  48.44 102.23  52.05  42.00 100.05  20.00  68.05  58.05 100.00  54.05  48.00 100.00  54.05  3.40 GHz  3.40 GHz  3.40 GHz   N/A     
13:06:37  99.9   0.0   0.1   0.0   0.0   17    301  16966    1    0    0 206.32   53.86   1.22  49.41 101.83  53.05  42.00 100.05  20.00  69.05  57.05 100.00  55.05  48.00 100.00  54.05  3.33 GHz  3.33 GHz  3.33 GHz   N/A     
13:06:38  99.9   0.0   0.1   0.0   0.0   17    318  17084    0    0    0 205.04   53.46   1.22  49.02 101.34  53.05  43.00 100.05  20.00  69.05  57.05 100.00  55.05  49.00 100.00  54.05  3.40 GHz  3.40 GHz  3.40 GHz   N/A     
13:06:39  99.9   0.0   0.1   0.0   0.0   17    571  17330    0    0    0 204.66   53.33   1.23  48.89 101.21  53.05  43.00 100.05  20.00  70.05  57.05 100.00  54.05  48.00 100.00  55.05  3.40 GHz  3.40 GHz  3.40 GHz   N/A     
13:06:40  99.9   0.0   0.1   0.0   0.0   17    279  17160    0    0    0 216.10   58.99   1.22  55.19 100.70  53.05  42.00 100.05  20.00  70.05  57.05 100.00  54.05  48.00 100.00  55.05  3.40 GHz  3.40 GHz  3.40 GHz   N/A     
13:06:41  99.9   0.0   0.1   0.0   0.0   17    766  17375    2    2    2 201.60   52.42   1.23  47.33 100.62  53.05  43.00 100.05  20.00  71.05  57.05 100.00  55.05  48.00 100.00  55.05  3.40 GHz  3.40 GHz  3.40 GHz   N/A     
13:06:42  99.9   0.0   0.1   0.0   0.0   17    296  17199    0    0    0 202.69   52.64   1.22  48.18 100.65  53.05  43.00 100.05  20.00  71.05  57.05 100.00  55.05  49.00 100.00  55.05  3.35 GHz  3.35 GHz  3.35 GHz   N/A     
13:06:43 100.0   0.0   0.0   0.0   0.0   17    249  17207    0    0    0 206.42   54.67   1.22  50.21 100.32  54.05  43.00 100.05  20.00  72.05  57.05 100.00  54.05  48.00 100.00  55.05  3.30 GHz  3.30 GHz  3.30 GHz   N/A     
13:06:44  99.9   0.0   0.1   0.0   0.0   17    284  17089    0    0    0 204.54   53.99   1.22  49.54  99.79  54.05  42.00 100.05  20.00  72.05  57.05 100.00  54.05  48.00 100.00  55.05  3.30 GHz  3.30 GHz  3.30 GHz   N/A     
13:06:45  99.9   0.0   0.1   0.0   0.0   17    367  17069    0    0    0 194.24   48.91   1.22  44.46  99.65  55.05  43.00 100.05  20.00  72.05  57.05 100.00  54.05  49.00 100.00  55.05  3.40 GHz  3.40 GHz  3.40 GHz   N/A     
13:06:46  99.9   0.0   0.1   0.0   0.0   17    665  17070    2    2    2 198.07   51.25   1.23  46.80  98.79  55.05  43.00 100.05  20.00  72.05  57.05 100.00  54.05  49.00 100.00  55.05  3.30 GHz  3.30 GHz  3.30 GHz   N/A     
13:06:47  99.9   0.0   0.1   0.0   0.0   17    257  16800    0    0    0 198.77   51.73   1.22  47.28  98.54  55.05  43.00 100.05  20.00  73.05  57.05 100.00  54.05  49.00 100.00  55.05  3.30 GHz  3.30 GHz  3.30 GHz   N/A     
13:06:48  99.9   0.0   0.1   0.0   0.0   17    238  16794    0    0    0 201.79   53.20   1.22  48.73  98.64  55.05  43.00 100.05  20.00  73.05  57.05 100.00  54.05  48.00 100.00  55.05  3.30 GHz  3.30 GHz  3.30 GHz   N/A     
13:06:49 100.0   0.0   0.0   0.0   0.0   17    257  16576    0    0    0 195.19   50.15   1.22  45.71  98.10  55.05  43.00 100.05  20.00  73.05  57.05 100.00  54.05  48.00 100.00  55.05  3.30 GHz  3.30 GHz  3.30 GHz   N/A     
13:06:50  99.9   0.0   0.1   0.0   0.0   17    288  16627    0    0    0 199.82   52.17   1.22  48.02  98.41  55.05  43.00 100.05  20.00  73.05  57.05 100.00  54.05  48.00 100.00  55.05  3.29 GHz  3.29 GHz  3.29 GHz   N/A     
13:06:51  99.8   0.0   0.2   0.0   0.0   17    627  16867    2    2    2 196.60   51.18   1.23  46.42  97.77  56.05  42.00 100.05  20.00  74.05  57.05 100.00  54.05  48.00 100.00  55.05  3.30 GHz  3.30 GHz  3.30 GHz   N/A     
13:06:52 100.0   0.0   0.0   0.0   0.0   17    266  16639    0    0    0 196.26   50.87   1.22  46.43  97.73  56.05  43.00 100.05  20.00  74.05  57.05 100.00  54.05  48.00 100.00  55.05  3.30 GHz  3.30 GHz  3.30 GHz   N/A     
13:06:53  99.9   0.0   0.1   0.0   0.0   17    230  16913    0    0    0 192.51   49.12   1.22  44.68  97.48  56.05  43.00 100.05  20.00  74.05  57.05 100.00  54.05  48.00 100.00  55.05  3.30 GHz  3.30 GHz  3.30 GHz   N/A     
13:06:54 100.0   0.0   0.0   0.0   0.0   17    290  17115    0    0    0 201.66   53.65   1.22  49.19  97.59  56.05  42.00 100.05  20.00  74.05  57.05 100.00  54.05  48.00 100.00  55.05  3.30 GHz  3.30 GHz  3.30 GHz   N/A     
13:06:55  99.9   0.0   0.1   0.0   0.0   17    350  17031    0    0    0 188.87   47.55   1.22  43.10  97.00  57.05  43.00 100.05  20.00  75.05  58.05 100.00  54.05  48.00 100.00  55.05  3.20 GHz  3.20 GHz  3.20 GHz   N/A     
13:06:56  99.9   0.0   0.1   0.0   0.0   17    738  17143    2    2    2 189.88   48.00   1.23  43.55  97.10  57.05  42.00 100.05  20.00  75.05  58.05 100.00  54.05  48.00 100.00  55.05  3.20 GHz  3.20 GHz  3.20 GHz   N/A     
13:06:57  99.9   0.0   0.1   0.0   0.0   17    242  17147    0    0    0 185.00   45.70   1.22  41.25  96.82  57.05  43.00 100.05  20.00  75.05  57.05 100.00  54.05  48.00 100.00  55.05  3.20 GHz  3.20 GHz  3.20 GHz   N/A     
  Time    User  Nice   Sys  Idle    IO  Run Ctxt/s  IRQ/s Fork Exec Exit  Watts   pkg-0   dram   core   psys   SEN3 pch_co   B0D4 INT340   SEN2   SEN4 x86_pk   SEN5 iwlwif acpitz   SEN1  CPU Freq  Freq Min  Freq Max  GPU Freq
13:06:58 100.0   0.0   0.0   0.0   0.0   17    280  17070    0    0    0 186.98   46.51   1.22  42.02  97.23  57.05  43.00 100.05  20.00  75.05  57.05 100.00  54.05  48.00 100.00  55.05  3.30 GHz  3.30 GHz  3.30 GHz   N/A     
13:06:59  99.9   0.0   0.1   0.0   0.0   17    229  17084    0    0    0 186.75   46.62   1.22  42.17  96.73  57.05  44.00 100.05  20.00  75.05  58.05 100.00  55.05  48.00 100.00  55.05  3.30 GHz  3.30 GHz  3.30 GHz   N/A     
13:07:00  99.9   0.0   0.1   0.0   0.0   17    264  17160    0    0    0 178.70   42.76   1.22  38.32  96.40  57.05  43.00 100.05  20.00  75.05  58.05  99.00  55.05  48.00 100.00  55.05  3.19 GHz  3.19 GHz  3.19 GHz   N/A     
13:07:01  99.9   0.0   0.1   0.0   0.0   17    726  17164    2    2    2 196.14   51.42   1.23  46.97  96.53  57.05  42.00 100.05  20.00  76.05  57.05 100.00  54.05  48.00 100.00  55.05  3.19 GHz  3.19 GHz  3.19 GHz   N/A     
13:07:02  99.9   0.0   0.1   0.0   0.0   17    398  17204    0    0    0 189.75   48.50   1.22  44.05  95.98  57.05  42.00 100.05  20.00  76.05  57.05 100.00  54.05  48.00 100.00  55.05  3.31 GHz  3.31 GHz  3.31 GHz   N/A     
13:07:03  99.9   0.0   0.1   0.0   0.0   17    239  17238    0    0    0 190.30   48.78   1.22  44.64  95.65  58.05  42.00 100.05  20.00  76.05  57.05 100.00  54.05  48.00 100.00  55.05  3.14 GHz  3.13 GHz  3.14 GHz   N/A     
13:07:04  99.9   0.0   0.1   0.0   0.0   17    283  17250    0    0    0 182.20   45.08   1.22  40.33  95.57  58.05  43.00 100.05  20.00  76.05  57.05 100.00  54.05  48.00 100.00  55.05  3.30 GHz  3.30 GHz  3.30 GHz   N/A     
13:07:05 100.0   0.0   0.0   0.0   0.0   17    363  17360    0    0    0 181.31   44.37   1.22  39.90  95.82  58.05  43.00 100.05  20.00  77.05  57.05 100.00  54.05  48.00 100.00  55.05  3.30 GHz  3.30 GHz  3.30 GHz   N/A     
13:07:06  99.8   0.0   0.2   0.0   0.0   17    681  17470    2    2    2 185.64   46.65   1.23  42.18  95.58  58.05  42.00 100.05  20.00  77.05  57.05 100.00  54.05  48.00 100.00  55.05  3.20 GHz  3.20 GHz  3.20 GHz   N/A     
13:07:07 100.0   0.0   0.0   0.0   0.0   17    256  17209    0    0    0 187.17   47.66   1.22  43.22  95.07  58.05  43.00 100.05  20.00  77.05  57.05 100.00  54.05  48.00 100.00  55.05  3.30 GHz  3.30 GHz  3.30 GHz   N/A     
13:07:08  99.9   0.0   0.1   0.0   0.0   17    292  17167    1    0    0 196.23   52.01   1.22  47.54  95.46  58.05  43.00 100.05  20.00  77.05  57.05 100.00  54.05  48.00 100.00  55.05  3.20 GHz  3.20 GHz  3.20 GHz   N/A     
13:07:09  99.9   0.0   0.1   0.0   0.0   17    273  17159    0    0    0 191.46   49.79   1.22  45.34  95.11  59.05  42.00 100.05  20.00  77.05  57.05 100.00  55.05  49.00 100.00  55.05  3.30 GHz  3.30 GHz  3.30 GHz   N/A     
13:07:10  99.9   0.0   0.1   0.0   0.0   17    293  17361    0    0    0 183.64   45.90   1.22  41.45  95.07  59.05  42.00 100.05  20.00  77.05  57.05 100.00  55.05  48.00 100.00  55.05  3.20 GHz  3.20 GHz  3.20 GHz   N/A     
13:07:11  99.9   0.0   0.1   0.0   0.0   17    647  17158    2    2    2 188.67   48.25   1.23  43.78  95.41  59.05  42.00 100.05  20.00  77.05  57.05 100.00  55.05  48.00 100.00  55.05  3.30 GHz  3.30 GHz  3.30 GHz   N/A     
13:07:12  99.9   0.0   0.1   0.0   0.0   17    250  17149    0    0    0 187.14   47.72   1.22  43.27  94.93  59.05  42.00 100.05  20.00  77.05  57.05 100.00  55.05  48.00 100.00  55.05  3.20 GHz  3.20 GHz  3.20 GHz   N/A     
13:07:13 100.0   0.0   0.0   0.0   0.0   17    289  17037    0    0    0 185.09   46.53   1.22  42.06  95.26  59.05  43.00 100.05  20.00  77.05  57.05 100.00  54.05  49.00 100.00  55.05  3.20 GHz  3.20 GHz  3.20 GHz   N/A     
13:07:14  99.9   0.0   0.1   0.0   0.0   17    299  16914    0    0    0 182.56   45.64   1.22  41.20  94.49  59.05  43.00 100.05  20.00  77.05  57.05 100.00  54.05  49.00 100.00  55.05  3.20 GHz  3.20 GHz  3.20 GHz   N/A     
13:07:15  99.9   0.0   0.1   0.0   0.0   17    342  17095    0    0    0 191.01   49.93   1.22  45.48  94.38  59.05  42.00 100.05  20.00  78.05  57.05 100.00  55.05  48.00 100.00  55.05  3.30 GHz  3.30 GHz  3.30 GHz   N/A     
13:07:16  99.8   0.0   0.2   0.0   0.0   17    632  17062    2    2    2 186.90   47.89   1.23  43.45  94.33  59.05  41.00 100.05  20.00  78.05  57.05 100.00  55.05  48.00 100.00  55.05  3.20 GHz  3.20 GHz  3.20 GHz   N/A     
13:07:17 100.0   0.0   0.0   0.0   0.0   17    246  16925    0    0    0 185.17   46.88   1.22  42.41  94.66  59.05  42.00 100.05  20.00  78.05  57.05 100.00  55.05  48.00 100.00  55.05  3.30 GHz  3.30 GHz  3.30 GHz   N/A     
13:07:18  99.9   0.0   0.1   0.0   0.0   17    307  16952    0    0    1 191.12   50.00   1.22  45.55  94.34  59.05  43.00 100.05  20.00  78.05  57.05 100.00  55.05  48.00 100.00  55.05  3.20 GHz  3.20 GHz  3.20 GHz   N/A     
13:07:19  99.9   0.0   0.1   0.0   0.0   17    267  16833    0    0    0 180.91   44.96   1.22  40.51  94.21  59.05  42.00 100.05  20.00  78.05  57.05 100.00  55.05  48.00 100.00  55.05  3.18 GHz  3.18 GHz  3.18 GHz   N/A     
13:07:20 100.0   0.0   0.0   0.0   0.0   17    245  16726    0    0    0 181.25   45.11   1.22  40.67  94.25  59.05  43.00 100.05  20.00  78.05  57.05 100.00  55.05  48.00 100.00  55.05  3.20 GHz  3.20 GHz  3.20 GHz   N/A     
13:07:21  99.7   0.0   0.2   0.1   0.0   17    634  17120    2    2    2 182.40   45.74   1.23  41.29  94.15  60.05  43.00 100.05  20.00  78.05  57.05 100.00  55.05  48.00 100.00  55.05  3.20 GHz  3.20 GHz  3.20 GHz   N/A     
13:07:22  99.9   0.0   0.1   0.0   0.0   17    274  17035    0    0    0 178.00   43.39   1.22  38.94  94.45  60.05  42.00 100.05  20.00  78.05  57.05 100.00  55.05  51.00 100.00  55.05  3.25 GHz  3.25 GHz  3.25 GHz   N/A     
13:07:23 100.0   0.0   0.0   0.0   0.0   17    247  16829    0    0    0 178.08   43.54   1.22  39.09  94.23  60.05  43.00 100.05  20.00  78.05  57.05 100.00  55.05  51.00 100.00  55.05  3.20 GHz  3.20 GHz  3.20 GHz   N/A     
13:07:24  99.9   0.0   0.1   0.0   0.0   17   1214  16745    0    0    0 182.35   45.50   1.23  41.01  94.61  60.05  43.00 100.05  20.00  78.05  57.05 100.00  55.05  51.00 100.00  55.05  3.20 GHz  3.20 GHz  3.20 GHz   N/A     
13:07:25 100.0   0.0   0.0   0.0   0.0   17    353  16739    0    0    0 184.93   47.36   1.22  42.91  93.44  60.05  43.00 100.05  20.00  78.05  57.05 100.00  55.05  49.00 100.00  55.05  3.20 GHz  3.20 GHz  3.20 GHz   N/A     
13:07:26  99.8   0.0   0.2   0.0   0.0   17    655  16981    2    2    2 181.53   45.65   1.23  41.20  93.46  60.05  42.00 100.05  20.00  78.05  57.05 100.00  55.05  49.00 100.00  55.05  3.20 GHz  3.20 GHz  3.20 GHz   N/A     
13:07:27  99.9   0.0   0.1   0.0   0.0   17    247  16272    0    0    0 187.77   48.82   1.22  44.36  93.36  60.05  42.00 100.05  20.00  79.05  57.05 100.00  55.05  49.00 100.00  55.05  3.20 GHz  3.20 GHz  3.20 GHz   N/A     
13:07:28  99.9   0.0   0.1   0.0   0.0   17    449  16656    0    0    0 183.62   46.78   1.22  42.33  93.29  60.05  43.00 100.05  20.00  79.05  57.05 100.00  55.05  49.00 100.00  55.05  3.15 GHz  3.15 GHz  3.15 GHz   N/A     
13:07:29 100.0   0.0   0.0   0.0   0.0   17    253  16511    0    0    0 183.29   46.22   1.23  42.11  93.73  60.05  42.00 100.05  20.00  79.05  57.05 100.00  55.05  49.00 100.00  55.05  3.20 GHz  3.20 GHz  3.20 GHz   N/A     
13:07:30  99.9   0.0   0.1   0.0   0.0   17    294  16812    0    0    0 177.66   44.04   1.22  39.23  93.17  60.05  42.00 100.05  20.00  79.05  57.05 100.00  55.05  49.00 100.00  55.05  3.20 GHz  3.20 GHz  3.20 GHz   N/A     
13:07:31  99.8   0.0   0.1   0.1   0.0   17    692  16786    2    2    2 177.09   43.47   1.23  39.02  93.37  60.05  43.00 100.05  20.00  79.05  57.05 100.00  55.05  49.00 100.00  55.05  3.20 GHz  3.20 GHz  3.20 GHz   N/A     
13:07:32  99.9   0.0   0.1   0.0   0.0   17    375  16710    0    0    0 183.51   46.65   1.22  42.48  93.15  60.05  43.00 100.05  20.00  79.05  57.05 100.00  55.05  49.00 100.00  55.05  3.20 GHz  3.20 GHz  3.20 GHz   N/A     
13:07:33 100.0   0.0   0.0   0.0   0.0   17    214  16821    0    0    0 178.62   44.45   1.22  39.72  93.23  61.05  43.00 100.05  20.00  79.05  57.05 100.00  55.05  49.00 100.00  56.05  3.20 GHz  3.20 GHz  3.20 GHz   N/A     
13:07:34  99.9   0.0   0.1   0.0   0.0   17    322  16559    0    0    0 177.98   43.80   1.22  39.33  93.63  61.05  41.00 100.05  20.00  79.05  57.05 100.00  55.05  49.00 100.00  56.05  3.20 GHz  3.20 GHz  3.20 GHz   N/A     
13:07:35 100.0   0.0   0.0   0.0   0.0   17    366  16714    0    0    0 185.03   47.57   1.22  43.12  93.12  61.05  42.00 100.05  20.00  79.05  57.05  99.00  55.05  49.00 100.00  56.05  3.10 GHz  3.10 GHz  3.10 GHz   N/A     
13:07:36  99.8   0.0   0.2   0.0   0.0   17    723  16804    2    2    2 179.44   44.50   1.23  40.03  93.67  61.05  42.00 100.05  20.00  79.05  57.05 100.00  55.05  49.00 100.00  56.05  3.10 GHz  3.10 GHz  3.10 GHz   N/A     
13:07:37  99.9   0.0   0.1   0.0   0.0   17    253  17149    0    0    0 184.87   47.80   1.22  43.35  92.49  61.05  43.00 100.05  20.00  79.05  57.05 100.00  55.05  49.00 100.00  56.05  3.20 GHz  3.20 GHz  3.20 GHz   N/A     
13:07:38  99.9   0.0   0.1   0.0   0.0   17    303  17088    0    0    0 183.87   47.14   1.22  42.69  92.81  61.05  42.00 100.05  20.00  79.05  57.05 100.00  55.05  49.00 100.00  56.05  3.27 GHz  3.27 GHz  3.27 GHz   N/A     
13:07:39 100.0   0.0   0.0   0.0   0.0   17    309  16593    0    0    1 180.00   44.95   1.22  40.54  93.28  61.05  42.00 100.05  20.00  79.05  57.05 100.00  55.05  49.00 100.00  56.05  3.20 GHz  3.20 GHz  3.20 GHz   N/A     
13:07:40  99.9   0.0   0.1   0.0   0.0   17    264  16770    0    0    0 176.60   43.41   1.22  38.93  93.03  61.05  42.00 100.05  20.00  79.05  57.05 100.00  55.05  49.00 100.00  56.05  3.20 GHz  3.20 GHz  3.20 GHz   N/A     
13:07:41  99.9   0.0   0.1   0.0   0.0   17    787  17011    2    2    2 183.72   46.99   1.23  42.54  92.95  61.05  43.00 100.05  20.00  79.05  57.05 100.00  55.05  49.00 100.00  56.05  3.20 GHz  3.20 GHz  3.20 GHz   N/A     
  Time    User  Nice   Sys  Idle    IO  Run Ctxt/s  IRQ/s Fork Exec Exit  Watts   pkg-0   dram   core   psys   SEN3 pch_co   B0D4 INT340   SEN2   SEN4 x86_pk   SEN5 iwlwif acpitz   SEN1  CPU Freq  Freq Min  Freq Max  GPU Freq
13:07:42  99.9   0.0   0.1   0.0   0.0   17    235  16619    0    0    0 171.20   40.30   1.22  36.07  93.60  61.05  43.00 100.05  20.00  79.05  57.05 100.00  55.05  49.00 100.00  56.05  3.20 GHz  3.20 GHz  3.20 GHz   N/A     
13:07:43  99.9   0.0   0.1   0.0   0.0   17    267  16807    0    0    0 187.65   48.89   1.22  44.18  93.36  61.05  43.00 100.05  20.00  80.05  57.05 100.00  55.05  49.00 100.00  56.05  3.20 GHz  3.20 GHz  3.20 GHz   N/A     
13:07:44 100.0   0.0   0.0   0.0   0.0   17    353  16942    0    0    0 171.46   40.90   1.22  36.45  92.89  61.05  41.00 100.05  20.00  80.05  57.05 100.00  55.05  49.00 100.00  56.05  3.20 GHz  3.20 GHz  3.20 GHz   N/A     
13:07:45  99.9   0.0   0.1   0.0   0.0   17    231  16887    0    0    0 183.33   46.94   1.22  42.49  92.67  61.05  42.00 100.05  20.00  80.05  57.05 100.00  55.05  49.00 100.00  56.05  3.10 GHz  3.10 GHz  3.10 GHz   N/A     
13:07:46  99.8   0.0   0.2   0.0   0.0   17    651  17212    2    2    2 176.19   43.38   1.23  38.93  92.65  61.05  41.00 100.05  20.00  80.05  57.05 100.00  55.05  49.00 100.00  56.05  3.20 GHz  3.20 GHz  3.20 GHz   N/A     
13:07:47  99.9   0.0   0.1   0.0   0.0   17    248  17019    0    0    0 181.69   45.97   1.22  41.50  92.99  61.05  43.00 100.05  20.00  80.05  57.05 100.00  55.05  49.00 100.00  56.05  3.20 GHz  3.20 GHz  3.20 GHz   N/A     
13:07:48 100.0   0.0   0.0   0.0   0.0   17    245  17022    0    0    0 182.65   46.63   1.22  42.18  92.62  61.05  43.00 100.05  20.00  80.05  57.05 100.00  55.05  49.00 100.00  56.05  3.20 GHz  3.20 GHz  3.20 GHz   N/A     
13:07:49  99.9   0.0   0.1   0.0   0.0   17    311  16823    0    0    0 177.76   43.93   1.22  39.46  93.14  62.05  43.00 100.05  20.00  80.05  57.05 100.00  55.05  49.00 100.00  56.05  3.10 GHz  3.10 GHz  3.10 GHz   N/A     
13:07:50  99.9   0.0   0.1   0.0   0.0   17    278  16905    0    0    0 177.66   44.14   1.22  39.69  92.61  62.05  43.00 100.05  20.00  80.05  57.05 100.00  55.05  49.00 100.00  56.05  3.20 GHz  3.20 GHz  3.20 GHz   N/A     
13:07:51  99.9   0.0   0.1   0.0   0.0   17    703  17200    2    2    2 179.00   44.82   1.23  40.37  92.59  62.05  43.00 100.05  20.00  80.05  57.05 100.00  55.05  49.00 100.00  56.05  3.20 GHz  3.20 GHz  3.20 GHz   N/A     
13:07:52  99.9   0.0   0.1   0.0   0.0   17    244  16761    0    0    0 177.83   44.02   1.22  39.73  92.86  62.05  42.00 100.05  20.00  80.05  57.05 100.00  55.05  49.00 100.00  56.05  3.20 GHz  3.20 GHz  3.20 GHz   N/A     
13:07:53  99.9   0.0   0.1   0.0   0.0   17    231  16694    0    0    0 177.68   44.11   1.22  39.49  92.86  62.05  42.00 100.05  20.00  80.05  57.05 100.00  55.05  49.00 100.00  56.05  3.20 GHz  3.20 GHz  3.20 GHz   N/A     
13:07:54 100.0   0.0   0.0   0.0   0.0   17    328  16795    0    0    0 178.93   44.51   1.22  40.04  93.15  62.05  42.00 100.05  20.00  80.05  57.05 100.00  55.05  49.00 100.00  56.05  3.20 GHz  3.20 GHz  3.20 GHz   N/A     
13:07:55  99.9   0.0   0.1   0.0   0.0   17    255  16897    0    0    0 175.59   43.20   1.22  38.75  92.41  62.05  42.00 100.05  20.00  80.05  57.05 100.00  55.05  49.00 100.00  56.05  3.20 GHz  3.20 GHz  3.20 GHz   N/A     
13:07:56  99.9   0.0   0.1   0.0   0.0   17    647  16996    2    2    2 177.73   44.29   1.23  39.84  92.37  62.05  43.00 100.05  20.00  80.05  57.05 100.00  55.05  49.00 100.00  56.05  3.20 GHz  3.20 GHz  3.20 GHz   N/A     
13:07:57  99.9   0.0   0.1   0.0   0.0   17    227  16883    0    0    0 177.07   43.93   1.22  39.48  92.44  62.05  41.00 100.05  20.00  80.05  57.05 100.00  55.05  49.00 100.00  56.05  3.20 GHz  3.20 GHz  3.20 GHz   N/A     
13:07:58  99.9   0.0   0.1   0.0   0.0   17    278  17008    0    0    0 178.98   44.80   1.22  40.35  92.61  62.05  43.00 100.05  20.00  80.05  57.05 100.00  55.05  49.00 100.00  56.05  3.20 GHz  3.20 GHz  3.20 GHz   N/A     
13:07:59 100.0   0.0   0.0   0.0   0.0   17    277  16934    0    0    0 171.99   41.49   1.22  37.04  92.23  62.05  43.00 100.05  20.00  80.05  57.05 100.00  55.05  49.00 100.00  56.05  3.21 GHz  3.21 GHz  3.21 GHz   N/A     
13:08:00  99.9   0.0   0.1   0.0   0.0   17    276  17036    0    0    0 178.42   44.43   1.22  39.94  92.82  62.05  42.00 100.05  20.00  80.05  57.05 100.00  55.05  49.00 100.00  56.05  3.20 GHz  3.20 GHz  3.20 GHz   N/A     
13:08:01  99.9   0.0   0.1   0.0   0.0   17    680  17169    2    2    2 177.65   44.30   1.23  39.85  92.28  62.05  43.00 100.05  20.00  80.05  57.05 100.00  55.05  49.00 100.00  56.05  3.20 GHz  3.20 GHz  3.20 GHz   N/A     
13:08:02  99.9   0.0   0.1   0.0   0.0   17    424  17130    0    0    0 183.79   47.28   1.22  42.81  92.47  62.05  43.00 100.05  20.00  80.05  57.05 100.00  55.05  49.00 100.00  56.05  3.10 GHz  3.10 GHz  3.10 GHz   N/A     
13:08:03  99.9   0.0   0.1   0.0   0.0   17    243  16960    0    0    0 175.87   43.50   1.22  39.05  92.10  62.05  42.00 100.05  20.00  80.05  57.05 100.00  55.05  49.00 100.00  56.05  3.10 GHz  3.10 GHz  3.10 GHz   N/A     
13:08:04  99.9   0.0   0.1   0.0   0.0   17    288  17038    0    0    0 180.04   45.62   1.22  41.17  92.03  62.05  42.00 100.05  20.00  81.05  57.05 100.00  55.05  49.00 100.00  56.05  3.10 GHz  3.10 GHz  3.10 GHz   N/A     
13:08:05 100.0   0.0   0.0   0.0   0.0   17    356  17168    0    0    0 179.92   45.48   1.22  41.01  92.21  62.05  43.00 100.05  20.00  81.05  57.05 100.00  55.05  49.00 100.00  56.05  3.10 GHz  3.10 GHz  3.10 GHz   N/A     
13:08:06  99.8   0.0   0.2   0.0   0.0   17    792  17337    2    2    2 176.01   43.58   1.23  39.13  92.06  62.05  43.00 100.05  20.00  81.05  57.05 100.00  55.05  49.00 100.00  56.05  3.12 GHz  3.12 GHz  3.12 GHz   N/A     
13:08:07  99.9   0.0   0.1   0.0   0.0   17    263  17048    0    0    0 177.32   44.31   1.22  39.86  91.92  62.05  42.00 100.05  20.00  81.05  57.05 100.00  55.05  49.00 100.00  56.05  3.22 GHz  3.22 GHz  3.22 GHz   N/A     
13:08:08  99.9   0.0   0.1   0.0   0.0   17    249  17028    0    0    0 177.98   44.25   1.22  40.36  92.15  62.05  42.00 100.05  20.00  81.05  57.05 100.00  55.05  49.00 100.00  56.05  3.20 GHz  3.20 GHz  3.20 GHz   N/A     
13:08:09 100.0   0.0   0.0   0.0   0.0   17    253  17282    0    0    0 180.63   46.30   1.22  41.29  91.82  62.05  43.00 100.05  20.00  81.05  57.05 100.00  55.05  49.00 100.00  56.05  3.10 GHz  3.10 GHz  3.10 GHz   N/A     
13:08:10  99.9   0.0   0.1   0.0   0.0   17    379  17174    1    0    0 178.78   44.77   1.23  40.30  92.49  62.05  43.00 100.05  20.00  80.05  57.05 100.00  55.05  49.00 100.00  56.05  3.20 GHz  3.20 GHz  3.20 GHz   N/A     
13:08:11  99.8   0.0   0.2   0.0   0.0   17    658  17146    2    2    2 177.84   44.42   1.23  39.97  92.23  62.05  42.00 100.05  20.00  80.05  57.05 100.00  55.05  49.00 100.00  56.05  3.20 GHz  3.20 GHz  3.20 GHz   N/A     
13:08:12  99.9   0.0   0.1   0.0   0.0   17    244  16989    0    0    0 178.33   44.80   1.22  40.35  91.94  62.05  42.00 100.05  20.00  81.05  57.05 100.00  55.05  49.00 100.00  56.05  3.20 GHz  3.20 GHz  3.20 GHz   N/A     
13:08:13 100.0   0.0   0.0   0.0   0.0   17    241  16981    0    0    0 177.96   44.60   1.22  40.16  91.98  62.05  41.00 100.05  20.00  81.05  57.05 100.00  55.05  49.00 100.00  56.05  3.10 GHz  3.10 GHz  3.10 GHz   N/A     
13:08:14  99.9   0.0   0.1   0.0   0.0   17    412  17124    0    0    0 183.72   47.29   1.23  42.82  92.39  62.05  41.00 100.05  20.00  81.05  57.05 100.00  55.05  49.00 100.00  56.05  3.20 GHz  3.20 GHz  3.20 GHz   N/A     
13:08:15  99.9   0.0   0.1   0.0   0.0   17    327  17024    0    0    0 176.20   43.64   1.22  39.19  92.14  62.05  42.00 100.05  20.00  81.05  57.05 100.00  55.05  49.00 100.00  56.05  3.20 GHz  3.20 GHz  3.20 GHz   N/A     
13:08:16  99.8   0.0   0.2   0.0   0.0   17    618  17190    2    2    2 179.17   45.05   1.23  40.57  92.32  63.05  43.00 100.05  20.00  80.05  57.05 100.00  55.05  49.00 100.00  56.05  3.24 GHz  3.24 GHz  3.24 GHz   N/A     
13:08:17 100.0   0.0   0.0   0.0   0.0   17    238  16922    0    0    0 176.77   43.93   1.22  39.49  92.13  63.05  42.00 100.05  20.00  80.05  57.05 100.00  55.05  49.00 100.00  56.05  3.20 GHz  3.20 GHz  3.20 GHz   N/A     
13:08:18  99.9   0.0   0.1   0.0   0.0   17    274  17099    0    0    0 172.95   42.20   1.22  37.75  91.79  62.05  42.00 100.05  20.00  80.05  57.05 100.00  55.05  49.00 100.00  56.05  3.30 GHz  3.30 GHz  3.30 GHz   N/A     
13:08:19  99.9   0.0   0.1   0.0   0.0   17    261  16927    0    0    0 174.54   42.93   1.22  38.48  91.92  62.05  43.00 100.05  20.00  80.05  57.05 100.00  55.05  49.00 100.00  56.05  3.20 GHz  3.20 GHz  3.20 GHz   N/A     
13:08:20 100.0   0.0   0.0   0.0   0.0   17    260  16969    0    0    1 180.25   45.73   1.22  41.28  92.02  62.05  42.00 100.05  20.00  81.05  57.05 100.00  56.05  49.00 100.00  56.05  3.22 GHz  3.22 GHz  3.22 GHz   N/A     
13:08:21  99.8   0.0   0.2   0.0   0.0   17    599  17241    2    2    2 177.15   44.24   1.23  39.79  91.90  62.05  41.00 100.05  20.00  81.05  57.05 100.00  56.05  49.00 100.00  56.05  3.20 GHz  3.20 GHz  3.20 GHz   N/A     
13:08:22  99.9   0.0   0.1   0.0   0.0   17    290  17233    0    0    0 176.41   43.81   1.22  39.33  92.05  62.05  43.00 100.05  20.00  81.05  57.05 100.00  55.05  49.00 100.00  56.05  3.20 GHz  3.20 GHz  3.20 GHz   N/A     
13:08:23  99.9   0.0   0.1   0.0   0.0   17    235  17178    0    0    0 174.17   42.93   1.22  38.48  91.54  62.05  42.00 100.05  20.00  81.05  57.05 100.00  55.05  49.00 100.00  56.05  3.20 GHz  3.20 GHz  3.20 GHz   N/A     
13:08:24 100.0   0.0   0.0   0.0   0.0   17    276  17292    0    0    0 172.12   41.90   1.22  37.45  91.55  62.05  41.00 100.05  20.00  81.05  57.05 100.00  55.05  49.00 100.00  56.05  3.20 GHz  3.20 GHz  3.20 GHz   N/A     
13:08:25  99.9   0.0   0.1   0.0   0.0   17    332  17224    0    0    0 171.22   41.34   1.22  36.89  91.76  62.05  42.00 100.05  20.00  81.05  57.05 100.00  55.05  49.00 100.00  56.05  3.20 GHz  3.20 GHz  3.20 GHz   N/A     
  Time    User  Nice   Sys  Idle    IO  Run Ctxt/s  IRQ/s Fork Exec Exit  Watts   pkg-0   dram   core   psys   SEN3 pch_co   B0D4 INT340   SEN2   SEN4 x86_pk   SEN5 iwlwif acpitz   SEN1  CPU Freq  Freq Min  Freq Max  GPU Freq
13:08:26  99.8   0.0   0.2   0.0   0.0   17    643  17357    2    2    2 176.03   43.70   1.23  39.23  91.87  62.05  41.00 100.05  20.00  81.05  57.05 100.00  55.05  49.00 100.00  56.05  3.10 GHz  3.10 GHz  3.10 GHz   N/A     
13:08:27 100.0   0.0   0.0   0.0   0.0   17    247  17213    0    0    0 174.91   43.27   1.22  38.82  91.60  62.05  42.00 100.05  20.00  81.05  57.05 100.00  55.05  49.00 100.00  56.05  3.10 GHz  3.10 GHz  3.10 GHz   N/A     
13:08:28  99.9   0.0   0.1   0.0   0.0   17    250  17124    0    0    0 173.07   42.12   1.22  37.64  92.09  63.05  44.00 100.05  20.00  81.05  57.05 100.00  55.05  49.00 100.00  56.05  3.10 GHz  3.10 GHz  3.10 GHz   N/A     
13:08:29  99.9   0.0   0.1   0.0   0.0   17    255  17086    0    0    0 173.36   42.53   1.22  38.08  91.52  63.05  43.00 100.05  20.00  81.05  57.05 100.00  55.05  49.00 100.00  56.05  3.10 GHz  3.10 GHz  3.10 GHz   N/A     
13:08:30 100.0   0.0   0.0   0.0   0.0   17    288  17330    0    0    0 173.14   42.45   1.22  38.00  91.47  63.05  43.00 100.05  20.00  81.05  57.05 100.00  55.05  49.00 100.00  56.05  3.10 GHz  3.10 GHz  3.10 GHz   N/A     
13:08:31  99.8   0.0   0.2   0.0   0.0   17    621  17386    2    2    2 178.44   44.81   1.22  40.78  91.62  63.05  43.00 100.05  20.00  81.05  57.05 100.00  55.05  49.00 100.00  56.05  3.20 GHz  3.20 GHz  3.20 GHz   N/A     
13:08:32  99.9   0.0   0.1   0.0   0.0   17    229  17141    0    0    0 176.62   44.33   1.22  39.46  91.60  63.05  42.00 100.05  20.00  81.05  57.05 100.00  55.05  49.00 100.00  56.05  3.10 GHz  3.10 GHz  3.10 GHz   N/A     
13:08:33  99.9   0.0   0.1   0.0   0.0   17    379  17257    0    0    0 181.40   46.44   1.22  41.99  91.74  63.05  42.00 100.05  20.00  81.05  57.05 100.00  55.05  49.00 100.00  56.05  3.10 GHz  3.10 GHz  3.10 GHz   N/A     
13:08:34  99.9   0.0   0.1   0.0   0.0   17    299  17158    0    0    0 176.72   44.10   1.22  39.74  91.65  63.05  42.00 100.05  20.00  81.05  57.05 100.00  55.05  49.00 100.00  56.05  3.10 GHz  3.10 GHz  3.10 GHz   N/A     
13:08:35  99.9   0.0   0.1   0.0   0.0   17    340  17273    0    0    0 174.22   42.93   1.22  38.39  91.68  63.05  42.00 100.05  20.00  81.05  57.05 100.00  55.05  49.00 100.00  56.05  3.20 GHz  3.20 GHz  3.20 GHz   N/A     
13:08:36  99.9   0.0   0.1   0.0   0.0   17    744  17510    2    2    2 176.98   44.37   1.23  39.92  91.48  63.05  42.00 100.05  20.00  81.05  57.05 100.00  55.05  49.00 100.00  56.05  3.20 GHz  3.20 GHz  3.20 GHz   N/A     
13:08:37  99.9   0.0   0.1   0.0   0.0   17    247  16986    0    0    0 170.76   41.07   1.22  36.69  91.78  63.05  43.00 100.05  20.00  81.05  57.05 100.00  55.05  49.00 100.00  56.05  3.03 GHz  3.03 GHz  3.03 GHz   N/A     
13:08:38  99.9   0.0   0.1   0.0   0.0   17    321  17161    0    0    0 176.82   44.05   1.22  39.51  92.03  63.05  43.00 100.05  20.00  81.05  57.05 100.00  55.05  49.00 100.00  56.05  3.03 GHz  3.03 GHz  3.03 GHz   N/A     
13:08:39 100.0   0.0   0.0   0.0   0.0   17    294  17200    1    0    0 174.96   43.09   1.22  38.61  92.04  63.05  43.00 100.05  20.00  81.05  57.05 100.00  55.05  49.00 100.00  56.05  3.20 GHz  3.20 GHz  3.20 GHz   N/A     
13:08:40  99.9   0.0   0.1   0.0   0.0   17    259  17181    0    0    0 169.89   40.80   1.22  36.35  91.51  63.05  43.00 100.05  20.00  81.05  57.05 100.00  56.05  49.00 100.00  56.05  3.10 GHz  3.10 GHz  3.10 GHz   N/A     
13:08:41  99.7   0.0   0.2   0.1   0.0   17    785  17219    2    2    2 176.14   43.81   1.23  39.36  91.75  63.05  43.00 100.05  20.00  81.05  57.05 100.00  56.05  49.00 100.00  56.05  3.10 GHz  3.10 GHz  3.10 GHz   N/A     
13:08:42 100.0   0.0   0.0   0.0   0.0   17    272  17138    0    0    0 174.57   43.22   1.22  38.77  91.36  63.05  43.00 100.05  20.00  81.05  57.05 100.00  56.05  49.00 100.00  56.05  3.20 GHz  3.20 GHz  3.20 GHz   N/A     
13:08:43  99.9   0.0   0.1   0.0   0.0   17    233  17077    0    0    0 168.87   40.48   1.22  36.03  91.14  63.05  43.00 100.05  20.00  81.05  57.05 100.00  56.05  49.00 100.00  56.05  3.10 GHz  3.10 GHz  3.10 GHz   N/A     
13:08:44  99.9   0.0   0.1   0.0   0.0   17    257  17216    0    0    0 177.67   44.86   1.22  40.41  91.17  63.05  41.00 100.05  20.00  81.05  57.05 100.00  55.05  49.00 100.00  56.05  3.20 GHz  3.20 GHz  3.20 GHz   N/A     
13:08:45 100.0   0.0   0.0   0.0   0.0   17    290  17104    0    0    0 175.31   43.42   1.22  38.95  91.71  63.05  42.00 100.05  20.00  81.05  57.05 100.00  55.05  49.00 100.00  56.05  3.10 GHz  3.10 GHz  3.10 GHz   N/A     
13:08:46  99.8   0.0   0.2   0.0   0.0   17    658  17186    2    2    2 178.88   45.11   1.23  40.64  91.90  63.05  43.00 100.05  20.00  81.05  57.05 100.00  55.05  49.00 100.00  56.05  3.16 GHz  3.16 GHz  3.16 GHz   N/A     
13:08:47  99.9   0.0   0.1   0.0   0.0   17    253  17084    0    0    0 181.32   45.97   1.22  41.73  92.39  63.05  42.00 100.05  20.00  81.05  57.05 100.00  55.05  49.00 100.00  56.05  3.10 GHz  3.10 GHz  3.10 GHz   N/A     
13:08:48 100.0   0.0   0.0   0.0   0.0   17    223  17139    0    0    0 171.30   41.74   1.22  37.04  91.29  63.05  43.00 100.05  20.00  81.05  57.05 100.00  55.05  49.00 100.00  56.05  3.10 GHz  3.10 GHz  3.10 GHz   N/A     
13:08:49  99.9   0.0   0.1   0.0   0.0   17    257  17087    0    0    0 177.96   44.93   1.22  40.48  91.34  63.05  42.00 100.05  20.00  81.05  57.05 100.00  55.05  49.00 100.00  56.05  3.10 GHz  3.10 GHz  3.10 GHz   N/A     
13:08:50  99.9   0.0   0.1   0.0   0.0   17    322  17349    0    0    0 175.41   43.69   1.22  39.24  91.25  63.05  43.00 100.05  20.00  81.05  57.05 100.00  55.05  49.00 100.00  56.05  3.29 GHz  3.29 GHz  3.29 GHz   N/A     
13:08:51  99.9   0.0   0.1   0.0   0.0   17    656  17034    2    2    2 171.63   41.81   1.23  37.36  91.23  63.05  43.00 100.05  20.00  81.05  57.05 100.00  55.05  49.00 100.00  56.05  3.20 GHz  3.20 GHz  3.20 GHz   N/A     
13:08:52  99.9   0.0   0.1   0.0   0.0   17    248  17085    0    0    0 179.24   45.15   1.22  40.65  92.21  63.05  42.00 100.05  20.00  81.05  57.05 100.00  56.05  49.00 100.00  56.05  3.20 GHz  3.20 GHz  3.20 GHz   N/A     
13:08:53  99.9   0.0   0.1   0.0   0.0   17    287  17009    0    0    0 179.82   45.67   1.22  41.22  91.70  63.05  43.00 100.05  20.00  81.05  57.05 100.00  56.05  49.00 100.00  56.05  3.20 GHz  3.20 GHz  3.20 GHz   N/A     
13:08:54 100.0   0.0   0.0   0.0   0.0   17    299  17045    0    0    0 171.81   41.64   1.22  37.54  91.41  63.05  43.00 100.05  20.00  81.05  57.05 100.00  55.05  49.00 100.00  56.05  3.20 GHz  3.20 GHz  3.20 GHz   N/A     
13:08:55  99.9   0.0   0.1   0.0   0.0   17    343  17160    0    0    0 175.31   43.70   1.22  38.90  91.49  63.05  43.00 100.05  20.00  81.05  57.05 100.00  55.05  49.00 100.00  56.05  3.10 GHz  3.10 GHz  3.10 GHz   N/A     
13:08:56  99.9   0.0   0.1   0.0   0.0   17    747  17281    2    2    2 171.54   41.72   1.23  37.27  91.32  63.05  42.00 100.05  20.00  81.05  57.05 100.00  55.05  49.00 100.00  56.05  3.01 GHz  3.01 GHz  3.01 GHz   N/A     
13:08:57  99.9   0.0   0.1   0.0   0.0   17    234  17015    0    0    0 178.83   45.15   1.22  40.67  91.78  63.05  43.00 100.05  20.00  81.05  57.05 100.00  55.05  49.00 100.00  56.05  3.10 GHz  3.10 GHz  3.10 GHz   N/A     
13:08:58  99.9   0.0   0.1   0.0   0.0   17    292  17168    0    0    0 173.06   42.13   1.22  37.66  92.05  63.05  43.00 100.05  20.00  81.05  57.05 100.00  56.05  49.00 100.00  56.05  3.00 GHz  3.00 GHz  3.00 GHz   N/A     
13:08:59 100.0   0.0   0.0   0.0   0.0   17    264  17065    0    0    0 174.19   42.73   1.22  38.26  91.98  63.05  43.00 100.05  20.00  81.05  57.05 100.00  56.05  49.00 100.00  56.05  3.10 GHz  3.10 GHz  3.10 GHz   N/A     
13:09:00  99.9   0.0   0.1   0.0   0.0   17    266  17119    0    0    0 178.43   45.02   1.22  40.57  91.61  63.05  43.00 100.05  20.00  81.05  57.05 100.00  55.05  49.00 100.00  56.05  3.20 GHz  3.20 GHz  3.20 GHz   N/A     
13:09:01  99.9   0.0   0.1   0.0   0.0   17    829  17369    2    2    2 174.87   43.28   1.23  38.83  91.53  63.05  43.00 100.05  20.00  81.05  57.05 100.00  55.05  49.00 100.00  56.05  3.20 GHz  3.20 GHz  3.20 GHz   N/A     
13:09:02  99.9   0.0   0.1   0.0   0.0   17    259  17001    0    0    0 175.23   43.37   1.22  38.92  91.72  63.05  42.00 100.05  20.00  81.05  57.05 100.00  55.05  49.00 100.00  56.05  3.20 GHz  3.20 GHz  3.20 GHz   N/A     
13:09:03  99.9   0.0   0.1   0.0   0.0   17    375  17097    0    0    0 176.83   44.25   1.22  39.79  91.56  63.05  43.00 100.05  20.00  81.05  57.05  99.00  55.05  49.00 100.00  56.05  3.10 GHz  3.10 GHz  3.10 GHz   N/A     
13:09:04  99.9   0.0   0.1   0.0   0.0   17    289  17096    0    0    0 172.60   41.94   1.22  37.80  91.64  63.05  45.00 100.05  20.00  81.05  57.05 100.00  55.05  49.00 100.00  56.05  3.20 GHz  3.20 GHz  3.20 GHz   N/A     
13:09:05 100.0   0.0   0.0   0.0   0.0   17    236  16983    0    0    0 178.27   45.03   1.22  40.24  91.78  63.05  41.00 100.05  20.00  81.05  57.05 100.00  55.05  49.00 100.00  56.05  3.20 GHz  3.20 GHz  3.20 GHz   N/A     
13:09:06  99.8   0.0   0.1   0.1   0.0   17    673  17302    2    2    2 175.00   43.39   1.23  38.94  91.45  63.05  42.00 100.05  20.00  81.05  57.05 100.00  55.05  49.00 100.00  56.05  3.10 GHz  3.10 GHz  3.10 GHz   N/A     
13:09:07  99.9   0.0   0.1   0.0   0.0   17    208  17139    0    0    0 178.54   45.15   1.22  40.70  91.47  63.05  41.00 100.05  20.00  81.05  57.05 100.00  55.05  49.00 100.00  56.05  3.10 GHz  3.10 GHz  3.10 GHz   N/A     
13:09:08  99.9   0.0   0.1   0.0   0.0   17    232  17050    0    0    0 176.75   44.25   1.22  39.80  91.46  63.05  42.00 100.05  20.00  81.05  57.05 100.00  56.05  49.00 100.00  56.05  3.20 GHz  3.20 GHz  3.20 GHz   N/A     
13:09:09 100.0   0.0   0.0   0.0   0.0   17    277  17097    0    0    0 174.49   43.22   1.22  38.77  91.27  63.05  43.00 100.05  20.00  81.05  57.05 100.00  56.05  49.00 100.00  56.05  3.10 GHz  3.10 GHz  3.10 GHz   N/A     
  Time    User  Nice   Sys  Idle    IO  Run Ctxt/s  IRQ/s Fork Exec Exit  Watts   pkg-0   dram   core   psys   SEN3 pch_co   B0D4 INT340   SEN2   SEN4 x86_pk   SEN5 iwlwif acpitz   SEN1  CPU Freq  Freq Min  Freq Max  GPU Freq
13:09:10  99.9   0.0   0.1   0.0   0.0   17    296  17009    0    0    0 166.35   39.14   1.22  34.69  91.29  63.05  42.00 100.05  20.00  82.05  57.05 100.00  56.05  49.00 100.00  56.05  3.10 GHz  3.10 GHz  3.10 GHz   N/A     
13:09:11  99.8   0.0   0.2   0.0   0.0   17    650  17264    2    2    2 178.00   45.00   1.23  40.55  91.23  63.05  43.00 100.05  20.00  82.05  57.05 100.00  56.05  49.00 100.00  56.05  3.10 GHz  3.10 GHz  3.10 GHz   N/A     
13:09:12 100.0   0.0   0.0   0.0   0.0   17    272  17167    1    0    0 177.27   44.38   1.22  39.91  91.75  63.05  43.00 100.05  20.00  81.05  57.05 100.00  56.05  49.00 100.00  56.05  3.10 GHz  3.10 GHz  3.10 GHz   N/A     
13:09:13  99.9   0.0   0.1   0.0   0.0   17    240  17013    0    0    0 173.15   42.45   1.22  38.00  91.47  63.05  43.00 100.05  20.00  81.05  57.05 100.00  56.05  49.00 100.00  56.05  3.08 GHz  3.08 GHz  3.08 GHz   N/A     
13:09:14  99.9   0.0   0.1   0.0   0.0   17    320  17019    0    0    0 173.31   42.54   1.22  38.09  91.46  63.05  42.00 100.05  20.00  81.05  57.05 100.00  56.05  49.00 100.00  56.05  3.20 GHz  3.20 GHz  3.20 GHz   N/A     
13:09:15  99.9   0.0   0.1   0.0   0.0   17    364  17112    0    0    0 174.67   43.07   1.22  38.60  91.78  63.05  43.00 100.05  20.00  81.05  57.05 100.00  56.05  49.00 100.00  56.05  3.10 GHz  3.10 GHz  3.10 GHz   N/A     
13:09:16  99.9   0.0   0.1   0.0   0.0   17    632  17327    2    2    2 178.98   45.47   1.23  41.01  91.28  63.05  43.00 100.05  20.00  81.05  57.05 100.00  56.05  49.00 100.00  56.05  3.10 GHz  3.10 GHz  3.10 GHz   N/A     
13:09:17  99.9   0.0   0.1   0.0   0.0   17    251  17062    0    0    0 171.18   41.60   1.22  37.15  91.21  63.05  43.00 100.05  20.00  81.05  57.05 100.00  56.05  49.00 100.00  56.05  3.20 GHz  3.20 GHz  3.20 GHz   N/A     
13:09:18 100.0   0.0   0.0   0.0   0.0   17    256  17037    0    0    0 170.98   41.50   1.22  37.03  91.23  63.05  42.00 100.05  20.00  82.05  57.05 100.00  56.05  49.00 100.00  56.05  3.20 GHz  3.20 GHz  3.20 GHz   N/A     
13:09:19  99.9   0.0   0.1   0.0   0.0   17    289  17354    0    0    0 176.61   44.42   1.22  39.97  91.00  63.05  42.00 100.05  20.00  82.05  57.05 100.00  56.05  49.00 100.00  56.05  3.10 GHz  3.10 GHz  3.10 GHz   N/A     
13:09:20  99.9   0.0   0.1   0.0   0.0   17    237  17082    0    0    0 178.58   45.16   1.22  40.69  91.50  63.05  43.00 100.05  20.00  82.05  57.05 100.00  56.05  49.00 100.00  56.05  3.20 GHz  3.20 GHz  3.20 GHz   N/A     
13:09:21  99.9   0.0   0.1   0.0   0.0   17    625  17167    2    2    2 176.31   44.23   1.23  39.78  91.08  63.05  43.00 100.05  20.00  82.05  57.05 100.00  56.05  49.00 100.00  56.05  3.10 GHz  3.10 GHz  3.10 GHz   N/A     
13:09:22  99.9   0.0   0.1   0.0   0.0   17    288  17074    0    0    1 179.44   45.56   1.22  41.09  91.57  63.05  43.00 100.05  20.00  82.05  57.05 100.00  55.05  49.00 100.00  56.05  3.10 GHz  3.10 GHz  3.10 GHz   N/A     
13:09:23  99.9   0.0   0.1   0.0   0.0   17    231  17078    0    0    0 174.87   43.35   1.22  38.90  91.40  63.05  43.00 100.05  20.00  82.05  57.05 100.00  55.05  49.00 100.00  56.05  3.16 GHz  3.16 GHz  3.16 GHz   N/A     
13:09:24 100.0   0.0   0.0   0.0   0.0   17    253  17054    0    0    0 178.64   45.24   1.22  40.79  91.38  63.05  42.00 100.05  20.00  81.05  57.05 100.00  56.05  49.00 100.00  56.05  3.10 GHz  3.10 GHz  3.10 GHz   N/A     
13:09:25  99.9   0.0   0.1   0.0   0.0   17    350  16999    0    0    0 169.85   40.84   1.22  36.39  91.40  63.05  43.00 100.05  20.00  81.05  57.05 100.00  56.05  49.00 100.00  56.05  3.20 GHz  3.20 GHz  3.20 GHz   N/A     
13:09:26  99.8   0.0   0.2   0.0   0.0   17    631  17199    2    2    2 175.07   43.44   1.23  39.08  91.33  63.05  43.00 100.05  20.00  81.05  57.05 100.00  55.05  49.00 100.00  56.05  3.20 GHz  3.20 GHz  3.20 GHz   N/A     
13:09:27  99.9   0.0   0.1   0.0   0.0   17    263  17026    0    0    0 171.16   41.48   1.22  36.92  91.54  63.05  42.00 100.05  20.00  81.05  57.05 100.00  55.05  49.00 100.00  56.05  3.24 GHz  3.24 GHz  3.24 GHz   N/A     
13:09:28 100.0   0.0   0.0   0.0   0.0   17    232  17115    0    0    0 179.02   45.32   1.22  40.84  91.64  63.05  43.00 100.05  20.00  81.05  57.05 100.00  56.05  49.00 100.00  56.05  3.20 GHz  3.20 GHz  3.20 GHz   N/A     
13:09:29  99.9   0.0   0.1   0.0   0.0   17    258  17084    0    0    0 176.32   44.04   1.22  39.97  91.09  63.05  42.00 100.05  20.00  81.05  57.05 100.00  56.05  49.00 100.00  56.05  3.10 GHz  3.10 GHz  3.10 GHz   N/A     
13:09:30  99.9   0.0   0.1   0.0   0.0   17    304  16889    0    0    0 176.45   44.45   1.23  39.61  91.17  64.05  42.00 100.05  20.00  81.05  57.05 100.00  56.05  49.00 100.00  56.05  3.20 GHz  3.20 GHz  3.20 GHz   N/A     
13:09:31  99.9   0.0   0.1   0.0   0.0   17    581  17068    2    2    2 178.33   45.34   1.23  40.89  90.88  64.05  43.00 100.05  20.00  81.05  57.05 100.00  56.05  49.00 100.00  56.05  3.10 GHz  3.10 GHz  3.10 GHz   N/A     
13:09:32  99.9   0.0   0.1   0.0   0.0   17    235  17046    0    0    0 175.34   43.54   1.22  39.64  90.94  63.05  43.00 100.05  20.00  82.05  57.05 100.00  55.05  49.00 100.00  56.05  3.10 GHz  3.10 GHz  3.10 GHz   N/A     
13:09:33  99.9   0.0   0.1   0.0   0.0   17    377  17083    0    0    0 175.90   44.25   1.22  39.22  91.21  63.05  44.00 100.05  20.00  82.05  57.05 100.00  55.05  49.00 100.00  56.05  3.10 GHz  3.10 GHz  3.10 GHz   N/A     
13:09:34  99.9   0.0   0.1   0.0   0.0   17    301  17033    0    0    0 173.44   42.89   1.22  38.44  90.89  63.05  44.00 100.05  20.00  82.05  57.05 100.00  56.05  49.00 100.00  56.05  3.10 GHz  3.10 GHz  3.10 GHz   N/A     
13:09:35  99.9   0.0   0.1   0.0   0.0   17    359  17034    0    0    0 177.84   45.13   1.22  40.68  90.80  63.05  43.00 100.05  20.00  82.05  57.05 100.00  56.05  49.00 100.00  56.05  3.20 GHz  3.20 GHz  3.20 GHz   N/A     
13:09:36  99.8   0.0   0.2   0.0   0.0   17    657  17188    2    2    2 180.86   46.59   1.23  42.14  90.90  63.05  42.00 100.05  20.00  82.05  57.05 100.00  56.05  49.00 100.00  56.05  3.10 GHz  3.10 GHz  3.10 GHz   N/A     
13:09:37 100.0   0.0   0.0   0.0   0.0   17    247  17086    0    0    0 173.21   42.87   1.22  38.42  90.69  63.05  43.00 100.05  20.00  82.05  57.05 100.00  56.05  49.00 100.00  56.05  3.20 GHz  3.20 GHz  3.20 GHz   N/A     
13:09:38  99.9   0.0   0.1   0.0   0.0   17    329  17189    0    0    0 178.29   45.08   1.22  40.60  91.39  63.05  43.00 100.05  20.00  81.05  57.05 100.00  55.05  49.00 100.00  56.05  3.10 GHz  3.10 GHz  3.10 GHz   N/A     
13:09:39  99.9   0.0   0.1   0.0   0.0   17    250  17087    0    0    0 177.01   44.59   1.22  40.14  91.06  63.05  43.00 100.05  20.00  81.05  57.05 100.00  55.05  49.00 100.00  56.05  3.10 GHz  3.10 GHz  3.10 GHz   N/A     
13:09:40 100.0   0.0   0.0   0.0   0.0   17    356  17030    0    0    0 171.79   41.98   1.22  37.53  91.06  64.05  43.00 100.05  20.00  82.05  57.05 100.00  55.05  49.00 100.00  56.05  3.04 GHz  3.04 GHz  3.04 GHz   N/A     
13:09:41  99.8   0.0   0.2   0.0   0.0   17    764  17187    2    2    2 177.15   44.40   1.23  39.93  91.59  64.05  43.00 100.05  20.00  82.05  57.05 100.00  55.05  51.00 100.00  56.05  3.20 GHz  3.20 GHz  3.20 GHz   N/A     
13:09:42  99.9   0.0   0.1   0.0   0.0   17    270  17134    0    0    0 174.91   43.51   1.22  39.06  91.12  63.05  43.00 100.05  20.00  81.05  57.05 100.00  56.05  49.00 100.00  56.05  3.20 GHz  3.20 GHz  3.20 GHz   N/A     
13:09:43  99.9   0.0   0.1   0.0   0.0   17    284  17009    0    0    0 168.32   40.25   1.22  35.79  91.05  63.05  44.00 100.05  20.00  81.05  57.05 100.00  56.05  49.00 100.00  56.05  3.10 GHz  3.10 GHz  3.10 GHz   N/A     
13:09:44  99.9   0.0   0.1   0.0   0.0   17    282  17098    0    0    0 173.40   42.72   1.22  38.27  91.19  64.05  42.00 100.05  20.00  82.05  57.05 100.00  56.05  51.00 100.00  56.05  3.10 GHz  3.10 GHz  3.10 GHz   N/A     
13:09:45 100.0   0.0   0.0   0.0   0.0   17    308  17344    0    0    0 174.48   43.33   1.22  38.98  90.95  64.05  43.00 100.05  20.00  82.05  57.05 100.00  56.05  49.00 100.00  56.05  3.16 GHz  3.16 GHz  3.16 GHz   N/A     
13:09:46  99.8   0.0   0.2   0.0   0.0   17    677  17117    2    2    2 175.48   43.82   1.23  39.24  91.20  63.05  42.00 100.05  20.00  81.05  57.05 100.00  56.05  49.00 100.00  56.05  3.13 GHz  3.13 GHz  3.13 GHz   N/A     
13:09:47 100.0   0.0   0.0   0.0   0.0   17    235  17141    0    0    0 176.53   44.40   1.22  39.95  90.95  63.05  43.00 100.05  20.00  81.05  57.05 100.00  56.05  49.00 100.00  56.05  3.20 GHz  3.20 GHz  3.20 GHz   N/A     
13:09:48  99.9   0.0   0.1   0.0   0.0   17    245  17159    0    0    0 174.45   43.35   1.22  38.90  90.97  63.05  43.00 100.05  20.00  82.05  57.05 100.00  56.05  49.00 100.00  56.05  3.20 GHz  3.20 GHz  3.20 GHz   N/A     
13:09:49  99.9   0.0   0.1   0.0   0.0   17    260  16960    0    0    0 175.96   44.01   1.22  39.54  91.19  63.05  43.00 100.05  20.00  82.05  57.05  99.00  56.05  49.00 100.00  56.05  3.10 GHz  3.10 GHz  3.10 GHz   N/A     
13:09:50 100.0   0.0   0.0   0.0   0.0   17    252  16948    0    0    0 177.77   45.00   1.22  40.53  91.01  63.05  43.00 100.05  20.00  82.05  57.05 100.00  56.05  49.00 100.00  56.05  3.10 GHz  3.10 GHz  3.10 GHz   N/A     
13:09:51  99.7   0.0   0.2   0.1   0.0   17    609  17086    2    2    2 173.97   43.30   1.23  38.82  90.63  63.05  43.00 100.05  20.00  82.05  57.05 100.00  56.05  49.00 100.00  56.05  3.10 GHz  3.10 GHz  3.10 GHz   N/A     
13:09:52  99.9   0.0   0.1   0.0   0.0   17    235  16926    0    0    0 170.06   41.34   1.22  37.11  90.38  64.05  42.00 100.05  20.00  81.05  57.05 100.00  56.05  49.00 100.00  56.05  3.20 GHz  3.20 GHz  3.20 GHz   N/A     
13:09:53  99.9   0.0   0.1   0.0   0.0   17    243  17048    0    0    0 176.10   44.58   1.22  39.91  90.38  64.05  43.00 100.05  20.00  81.05  57.05 100.00  56.05  49.00 100.00  56.05  3.10 GHz  3.10 GHz  3.10 GHz   N/A     
  Time    User  Nice   Sys  Idle    IO  Run Ctxt/s  IRQ/s Fork Exec Exit  Watts   pkg-0   dram   core   psys   SEN3 pch_co   B0D4 INT340   SEN2   SEN4 x86_pk   SEN5 iwlwif acpitz   SEN1  CPU Freq  Freq Min  Freq Max  GPU Freq
13:09:54  99.9   0.0   0.1   0.0   0.0   17    328  17108    0    0    0 169.29   41.01   1.23  36.55  90.50  63.05  41.00 100.05  20.00  81.05  57.05 100.00  55.05  49.00 100.00  56.05  3.10 GHz  3.10 GHz  3.10 GHz   N/A     
13:09:55 100.0   0.0   0.0   0.0   0.0   17    367  16976    0    0    0 173.25   42.79   1.22  38.31  90.93  63.05  42.00 100.05  20.00  81.05  57.05 100.00  55.05  49.00 100.00  56.05  3.20 GHz  3.20 GHz  3.20 GHz   N/A     
13:09:56  99.8   0.0   0.2   0.0   0.0   17    598  17149    2    2    2 175.49   43.98   1.23  39.53  90.76  63.05  42.00 100.05  20.00  82.05  57.05 100.00  56.05  49.00 100.00  56.05  3.08 GHz  3.08 GHz  3.08 GHz   N/A     
13:09:57  99.9   0.0   0.1   0.0   0.0   17    234  17076    0    0    0 170.12   41.29   1.22  36.84  90.76  63.05  41.00 100.05  20.00  82.05  57.05 100.00  56.05  49.00 100.00  56.05  3.20 GHz  3.20 GHz  3.20 GHz   N/A     
13:09:58 100.0   0.0   0.0   0.0   0.0   17    291  16945    0    0    0 173.17   42.65   1.22  38.18  91.12  64.05  43.00 100.05  20.00  82.05  57.05 100.00  55.05  49.00 100.00  56.05  3.10 GHz  3.10 GHz  3.10 GHz   N/A     
13:09:59  99.9   0.0   0.1   0.0   0.0   17    312  17047    1    0    0 171.77   42.07   1.22  37.62  90.86  64.05  42.00 100.05  20.00  82.05  57.05 100.00  55.05  49.00 100.00  56.05  3.10 GHz  3.10 GHz  3.10 GHz   N/A     
13:10:00  99.9   0.0   0.1   0.0   0.0   17    594  17410    3    3    2 174.10   43.22   1.23  38.76  90.89  63.05  42.00 100.05  20.00  82.05  57.05 100.00  55.05  49.00 100.00  56.05  3.10 GHz  3.10 GHz  3.10 GHz   N/A     
13:10:01  99.7   0.0   0.2   0.1   0.0   17    784  17250    4    2    4 172.23   42.06   1.23  37.57  91.38  63.05  43.00 100.05  20.00  82.05  57.05 100.00  55.05  49.00 100.00  56.05  3.20 GHz  3.20 GHz  3.20 GHz   N/A     
13:10:02  99.9   0.0   0.1   0.0   0.0   17    279  17202    0    0    0 169.54   40.98   1.22  36.53  90.81  64.05  44.00 100.05  20.00  82.05  57.05 100.00  56.05  49.00 100.00  56.05  3.10 GHz  3.10 GHz  3.10 GHz   N/A     
13:10:03  99.9   0.0   0.1   0.0   0.0   17    394  17203    0    0    0 173.19   42.82   1.22  38.37  90.78  64.05  43.00 100.05  20.00  82.05  57.05 100.00  56.05  49.00 100.00  56.05  3.17 GHz  3.17 GHz  3.17 GHz   N/A     
13:10:04 100.0   0.0   0.0   0.0   0.0   17    276  16999    0    0    0 177.01   44.48   1.22  40.00  91.31  63.05  42.00 100.05  20.00  82.05  57.05 100.00  56.05  49.00 100.00  56.05  3.20 GHz  3.20 GHz  3.20 GHz   N/A     
13:10:05  99.9   0.0   0.1   0.0   0.0   17    335  17286    0    0    0 172.98   42.51   1.22  38.17  91.08  63.05  43.00 100.05  20.00  82.05  57.05 100.00  56.05  49.00 100.00  56.05  3.20 GHz  3.20 GHz  3.20 GHz   N/A     
13:10:06  99.8   0.0   0.2   0.0   0.0   17    662  17223    2    2    2 177.30   44.89   1.23  40.31  90.88  64.05  43.00 100.05  20.00  82.05  57.05 100.00  56.05  49.00 100.00  56.05  3.10 GHz  3.10 GHz  3.10 GHz   N/A     
13:10:07  99.9   0.0   0.1   0.0   0.0   17    253  17119    0    0    0 174.97   43.77   1.22  39.31  90.67  64.05  43.00 100.05  20.00  82.05  57.05 100.00  56.05  49.00 100.00  56.05  3.10 GHz  3.10 GHz  3.10 GHz   N/A     
13:10:08 100.0   0.0   0.0   0.0   0.0   17    262  16897    0    0    0 171.56   41.98   1.22  37.54  90.82  64.05  42.00 100.05  20.00  82.05  57.05 100.00  56.05  49.00 100.00  56.05  3.10 GHz  3.10 GHz  3.10 GHz   N/A     
13:10:09  99.9   0.0   0.1   0.0   0.0   17    263  16992    0    0    0 180.89   46.78   1.22  42.29  90.59  64.05  42.00 100.05  20.00  82.05  57.05 100.00  56.05  49.00 100.00  56.05  3.20 GHz  3.20 GHz  3.20 GHz   N/A     
13:10:10  99.9   0.0   0.1   0.0   0.0   17    338  17023    0    0    0 169.83   41.26   1.23  36.81  90.54  64.05  43.00 100.05  20.00  82.05  57.05 100.00  56.05  49.00 100.00  56.05  3.10 GHz  3.10 GHz  3.10 GHz   N/A     
13:10:11  99.8   0.0   0.2   0.0   0.0   17    743  17171    2    2    2 174.40   43.67   1.23  39.22  90.29  64.05  43.00 100.05  20.00  82.05  57.05 100.00  56.05  49.00 100.00  56.05  3.19 GHz  3.19 GHz  3.19 GHz   N/A     
13:10:12 100.0   0.0   0.0   0.0   0.0   17    254  17030    0    0    0 168.67   40.59   1.22  36.12  90.73  64.05  43.00 100.05  20.00  82.05  57.05 100.00  56.05  49.00 100.00  56.05  3.10 GHz  3.10 GHz  3.10 GHz   N/A     
13:10:13  99.9   0.0   0.1   0.0   0.0   17    244  17113    0    0    0 175.23   43.92   1.22  39.46  90.63  64.05  42.00 100.05  20.00  82.05  57.05 100.00  56.05  49.00 100.00  56.05  3.10 GHz  3.10 GHz  3.10 GHz   N/A     
13:10:14  99.9   0.0   0.1   0.0   0.0   17    841  17042    1    0    1 164.75   38.39   1.23  33.89  91.24  64.05  43.00 100.05  20.00  82.05  57.05 100.00  56.05  49.00 100.00  56.05  3.10 GHz  3.10 GHz  3.10 GHz   N/A     
13:10:15  99.9   0.0   0.1   0.0   0.0   17    265  17027    0    0    0 175.51   44.01   1.22  39.56  90.73  64.05  43.00 100.05  20.00  82.05  57.05 100.00  56.05  49.00 100.00  56.05  3.10 GHz  3.10 GHz  3.10 GHz   N/A     
13:10:16  99.9   0.0   0.1   0.0   0.0   17    623  17158    2    2    2 176.57   44.56   1.23  40.11  90.67  64.05  43.00 100.05  20.00  82.05  57.05 100.00  56.05  49.00 100.00  56.05  3.20 GHz  3.20 GHz  3.20 GHz   N/A     
13:10:17  99.9   0.0   0.1   0.0   0.0   17    228  17081    0    0    0 174.97   43.75   1.22  39.67  90.33  64.05  43.00 100.05  20.00  82.05  57.05 100.00  56.05  49.00 100.00  56.05  3.20 GHz  3.20 GHz  3.20 GHz   N/A     
13:10:18  99.9   0.0   0.1   0.0   0.0   17    276  16980    0    0    0 181.96   47.51   1.22  42.69  90.53  64.05  43.00 100.05  20.00  82.05  57.05 100.00  56.05  49.00 100.00  56.05  3.20 GHz  3.20 GHz  3.20 GHz   N/A     
13:10:19 100.0   0.0   0.0   0.0   0.0   17    282  16867    0    0    0 171.26   41.94   1.22  37.48  90.62  64.05  42.00 100.05  20.00  82.05  57.05 100.00  56.05  49.00 100.00  56.05  3.10 GHz  3.10 GHz  3.10 GHz   N/A     
13:10:20  99.9   0.0   0.1   0.0   0.0   17    253  16962    0    0    0 170.83   41.42   1.22  36.92  91.26  64.05  43.00 100.05  20.00  82.05  57.05 100.00  56.05  49.00 100.00  56.05  3.01 GHz  3.01 GHz  3.01 GHz   N/A     
13:10:21  99.8   0.0   0.2   0.0   0.0   17    609  17049    2    2    2 168.02   40.50   1.23  36.05  90.25  64.05  42.00 100.05  20.00  82.05  57.05 100.00  56.05  49.00 100.00  56.05  3.10 GHz  3.10 GHz  3.10 GHz   N/A     
13:10:22 100.0   0.0   0.0   0.0   0.0   17    283  16978    0    0    0 167.18   40.02   1.22  35.57  90.38  64.05  41.00 100.05  20.00  82.05  57.05 100.00  56.05  49.00 100.00  56.05  3.20 GHz  3.20 GHz  3.20 GHz   N/A     
13:10:23  99.9   0.0   0.1   0.0   0.0   17    228  17109    0    0    0 172.61   42.80   1.22  38.35  90.24  63.05  42.00 100.05  20.00  82.05  57.05 100.00  56.05  49.00 100.00  56.05  3.21 GHz  3.21 GHz  3.21 GHz   N/A     
13:10:24  99.9   0.0   0.1   0.0   0.0   17    282  16970    0    0    1 174.22   43.56   1.22  39.11  90.33  63.05  42.00 100.05  20.00  82.05  57.05 100.00  56.05  49.00 100.00  56.05  3.20 GHz  3.20 GHz  3.20 GHz   N/A     
13:10:25  99.9   0.0   0.1   0.0   0.0   17    344  17003    0    0    0 172.30   42.45   1.22  38.00  90.63  64.05  42.00 100.05  20.00  81.05  57.05 100.00  56.05  49.00 100.00  56.05  3.20 GHz  3.20 GHz  3.20 GHz   N/A     
13:10:26  99.9   0.0   0.1   0.0   0.0   17    664  17112    2    2    2 175.01   43.59   1.23  39.11  91.10  64.05  43.00 100.05  20.00  81.05  57.05 100.00  56.05  49.00 100.00  56.05  3.20 GHz  3.20 GHz  3.20 GHz   N/A     
13:10:27  99.9   0.0   0.1   0.0   0.0   17    266  16932    1    0    0 166.14   39.43   1.22  34.97  90.51  64.05  42.00 100.05  20.00  82.05  57.05 100.00  56.05  50.00 100.00  56.05  3.10 GHz  3.10 GHz  3.10 GHz   N/A     
13:10:28  99.9   0.0   0.1   0.0   0.0   17    235  17174    0    0    0 175.84   44.24   1.22  39.79  90.57  64.05  43.00 100.05  20.00  82.05  57.05 100.00  56.05  49.00 100.00  56.05  3.02 GHz  3.02 GHz  3.02 GHz   N/A     
13:10:29 100.0   0.0   0.0   0.0   0.0   17    263  16935    0    0    0 174.03   43.40   1.22  38.95  90.46  64.05  42.00 100.05  20.00  82.05  57.05 100.00  56.05  49.00 100.00  56.05  3.10 GHz  3.10 GHz  3.10 GHz   N/A     
13:10:30  99.9   0.0   0.1   0.0   0.0   17    277  16970    0    0    0 171.69   42.05   1.22  37.58  90.83  64.05  44.00 100.05  20.00  82.05  57.05 100.00  56.05  49.00 100.00  56.05  3.10 GHz  3.10 GHz  3.10 GHz   N/A     
13:10:31  99.9   0.0   0.1   0.0   0.0   17    613  17173    2    2    2 173.54   43.03   1.23  38.58  90.71  64.05  42.00 100.05  20.00  82.05  57.05 100.00  56.05  49.00 100.00  56.05  3.20 GHz  3.20 GHz  3.20 GHz   N/A     
13:10:32  99.9   0.0   0.1   0.0   0.0   17    255  16982    0    0    0 173.87   43.15   1.22  38.67  90.82  64.05  43.00 100.05  20.00  82.05  57.05 100.00  56.05  49.00 100.00  56.05  3.10 GHz  3.10 GHz  3.10 GHz   N/A     
13:10:33  99.9   0.0   0.1   0.0   0.0   17    367  17068    0    0    0 182.54   47.60   1.22  43.14  90.58  64.05  43.00 100.05  20.00  82.05  57.05 100.00  56.05  49.00 100.00  56.05  3.10 GHz  3.10 GHz  3.10 GHz   N/A     
13:10:34  99.9   0.0   0.1   0.0   0.0   17    315  16952    0    0    0 167.74   40.29   1.22  35.84  90.37  64.05  43.00 100.05  20.00  82.05  57.05 100.00  56.05  49.00 100.00  56.05  3.10 GHz  3.10 GHz  3.10 GHz   N/A     
13:10:35  99.9   0.0   0.1   0.0   0.0   17    354  17048    0    0    0 172.76   42.76   1.22  38.31  90.47  64.05  43.00 100.05  20.00  82.05  57.05 100.00  56.05  49.00 100.00  56.05  3.10 GHz  3.10 GHz  3.10 GHz   N/A     
13:10:36  99.8   0.0   0.1   0.1   0.0   17    646  17170    2    2    2 178.91   45.83   1.23  41.38  90.48  64.05  41.00 100.05  20.00  82.05  57.05 100.00  56.05  49.00 100.00  56.05  3.10 GHz  3.10 GHz  3.10 GHz   N/A     
13:10:37  99.9   0.0   0.1   0.0   0.0   17    235  17080    0    0    0 172.23   42.27   1.22  38.16  90.58  64.05  43.00 100.05  20.00  82.05  57.05 100.00  56.05  49.00 100.00  56.05  3.10 GHz  3.10 GHz  3.10 GHz   N/A     
  Time    User  Nice   Sys  Idle    IO  Run Ctxt/s  IRQ/s Fork Exec Exit  Watts   pkg-0   dram   core   psys   SEN3 pch_co   B0D4 INT340   SEN2   SEN4 x86_pk   SEN5 iwlwif acpitz   SEN1  CPU Freq  Freq Min  Freq Max  GPU Freq
13:10:38  99.9   0.0   0.1   0.0   0.0   17    320  17060    0    0    0 169.98   41.31   1.22  36.49  90.95  64.05  42.00 100.05  20.00  82.05  57.05 100.00  56.05  49.00 100.00  56.05  3.13 GHz  3.13 GHz  3.13 GHz   N/A     
13:10:39 100.0   0.0   0.0   0.0   0.0   17    285  16947    0    0    0 177.44   45.14   1.22  40.69  90.37  63.05  42.00 100.05  20.00  81.05  57.05 100.00  56.05  49.00 100.00  56.05  3.20 GHz  3.20 GHz  3.20 GHz   N/A     
13:10:40  99.9   0.0   0.1   0.0   0.0   17    264  16979    0    0    0 171.60   42.30   1.22  37.85  90.23  63.05  42.00 100.05  20.00  81.05  57.05 100.00  56.05  49.00 100.00  56.05  3.10 GHz  3.10 GHz  3.10 GHz   N/A     
13:10:41  99.8   0.0   0.2   0.0   0.0   17    704  17266    2    2    2 164.86   38.91   1.23  34.46  90.27  64.05  42.00 100.05  20.00  82.05  58.05 100.00  56.05  49.00 100.00  56.05  3.10 GHz  3.10 GHz  3.10 GHz   N/A     
13:10:42  99.9   0.0   0.1   0.0   0.0   17    273  17107    0    0    0 169.34   41.06   1.22  36.61  90.45  64.05  42.00 100.05  20.00  82.05  58.05 100.00  56.05  49.00 100.00  56.05  3.20 GHz  3.20 GHz  3.20 GHz   N/A     
13:10:43 100.0   0.0   0.0   0.0   0.0   17    318  17012    0    0    0 177.11   44.70   1.22  40.22  90.96  63.05  44.00 100.05  20.00  82.05  57.05 100.00  56.05  49.00 100.00  56.05  3.10 GHz  3.10 GHz  3.10 GHz   N/A     
13:10:44  99.9   0.0   0.1   0.0   0.0   17    279  17030    0    0    0 173.45   42.81   1.22  38.33  91.08  63.05  43.00 100.05  20.00  82.05  57.05 100.00  56.05  49.00 100.00  56.05  3.22 GHz  3.22 GHz  3.22 GHz   N/A     
13:10:45  99.9   0.0   0.1   0.0   0.0   17    390  17013    0    0    0 168.57   40.57   1.22  36.12  90.65  64.05  43.00 100.05  20.00  82.05  57.05 100.00  55.05  51.00 100.00  56.05  3.16 GHz  3.16 GHz  3.16 GHz   N/A     
13:10:46  99.7   0.0   0.1   0.2   0.0   17    777  17004    2    2    2 174.45   43.56   1.23  39.11  90.55  64.05  43.00 100.05  20.00  82.05  57.05 100.00  55.05  49.00 100.00  56.05  3.10 GHz  3.10 GHz  3.10 GHz   N/A     
13:10:47  99.9   0.0   0.1   0.0   0.0   17    255  16904    0    0    0 173.43   42.94   1.22  38.47  90.80  64.05  44.00 100.05  20.00  82.05  57.05 100.00  56.05  49.00 100.00  56.05  3.10 GHz  3.10 GHz  3.10 GHz   N/A     
13:10:48  99.9   0.0   0.1   0.0   0.0   17    229  16867    0    0    0 176.09   44.41   1.22  39.96  90.49  64.05  43.00 100.05  20.00  82.05  57.05 100.00  56.05  49.00 100.00  56.05  3.10 GHz  3.10 GHz  3.10 GHz   N/A     
13:10:49 100.0   0.0   0.0   0.0   0.0   17    249  16929    0    0    0 177.14   45.06   1.22  40.60  90.26  64.05  43.00 100.05  20.00  82.05  57.05 100.00  56.05  49.00 100.00  56.05  3.10 GHz  3.10 GHz  3.10 GHz   N/A     
13:10:50  99.9   0.0   0.1   0.0   0.0   17    289  17144    0    0    0 168.05   40.24   1.22  35.76  90.82  64.05  43.00 100.05  20.00  82.05  57.05 100.00  56.05  49.00 100.00  56.05  3.10 GHz  3.10 GHz  3.10 GHz   N/A     
13:10:51  99.7   0.0   0.2   0.1   0.0   17    545  17048    2    2    2 173.09   42.95   1.23  38.50  90.42  64.05  43.00 100.05  20.00  82.05  57.05 100.00  56.05  49.00 100.00  56.05  3.10 GHz  3.10 GHz  3.10 GHz   N/A     
13:10:52 100.0   0.0   0.0   0.0   0.0   17    245  16986    0    0    0 173.04   42.92   1.22  38.47  90.42  64.05  44.00 100.05  20.00  82.05  57.05 100.00  56.05  49.00 100.00  56.05  3.10 GHz  3.10 GHz  3.10 GHz   N/A     
13:10:53  99.9   0.0   0.1   0.0   0.0   17    235  17061    0    0    0 177.00   44.91   1.22  40.46  90.41  64.05  43.00 100.05  20.00  82.05  57.05 100.00  56.05  49.00 100.00  56.05  3.10 GHz  3.10 GHz  3.10 GHz   N/A     
13:10:54  99.9   0.0   0.1   0.0   0.0   17    281  16885    0    0    0 165.84   39.37   1.22  34.92  90.34  64.05  43.00 100.05  20.00  82.05  57.05 100.00  56.05  49.00 100.00  56.05  3.10 GHz  3.10 GHz  3.10 GHz   N/A     
13:10:55  99.9   0.0   0.1   0.0   0.0   17    363  17012    0    0    0 169.41   41.12   1.22  36.67  90.39  63.05  42.00 100.05  20.00  81.05  57.05 100.00  56.05  49.00 100.00  56.05  3.20 GHz  3.20 GHz  3.20 GHz   N/A     
13:10:56  99.9   0.0   0.1   0.0   0.0   17    725  17105    2    2    2 173.48   42.76   1.23  38.28  91.21  63.05  43.00 100.05  20.00  81.05  57.05 100.00  56.05  49.00 100.00  56.05  3.20 GHz  3.20 GHz  3.20 GHz   N/A     
13:10:57  99.9   0.0   0.1   0.0   0.0   17    238  16987    0    0    0 175.22   43.91   1.23  39.45  90.63  64.05  43.00 100.05  20.00  82.05  57.05 100.00  56.05  49.00 100.00  56.05  3.10 GHz  3.10 GHz  3.10 GHz   N/A     
13:10:58 100.0   0.0   0.0   0.0   0.0   17    264  17037    0    0    0 176.31   44.37   1.22  39.92  90.79  64.05  43.00 100.05  20.00  82.05  57.05 100.00  56.05  49.00 100.00  56.05  3.20 GHz  3.20 GHz  3.20 GHz   N/A     
13:10:59  99.9   0.0   0.1   0.0   0.0   17    272  16997    0    0    0 166.06   39.38   1.22  34.93  90.53  64.05  43.00 100.05  20.00  82.05  57.05 100.00  56.05  49.00 100.00  56.05  3.20 GHz  3.20 GHz  3.20 GHz   N/A     
13:11:00  99.9   0.0   0.1   0.0   0.0   17    267  16935    0    0    0 172.80   42.78   1.22  38.33  90.47  64.05  43.00 100.05  20.00  82.05  57.05 100.00  56.05  49.00 100.00  56.05  3.10 GHz  3.10 GHz  3.10 GHz   N/A     
13:11:01  99.9   0.0   0.1   0.0   0.0   17    732  17165    2    2    2 176.61   44.48   1.23  40.01  90.89  64.05  43.00 100.05  20.00  81.05  57.05 100.00  56.05  49.00 100.00  56.05  3.10 GHz  3.10 GHz  3.10 GHz   N/A     
13:11:02  99.9   0.0   0.1   0.0   0.0   17    264  17033    0    0    0 171.65   42.30   1.22  37.85  90.27  64.05  43.00 100.05  20.00  81.05  57.05 100.00  56.05  49.00 100.00  56.05  3.20 GHz  3.20 GHz  3.20 GHz   N/A     
13:11:03  99.9   0.0   0.1   0.0   0.0   17    382  16858    0    0    0 171.16   41.85   1.22  37.37  90.71  63.05  43.00 100.05  20.00  82.05  57.05 100.00  56.05  49.00 100.00  56.05  3.10 GHz  3.10 GHz  3.10 GHz   N/A     
13:11:04  99.9   0.0   0.1   0.0   0.0   17    276  17077    0    0    0 168.17   40.42   1.22  35.97  90.56  63.05  43.00 100.05  20.00  82.05  57.05 100.00  56.05  49.00 100.00  56.05  3.10 GHz  3.10 GHz  3.10 GHz   N/A     
13:11:05  99.9   0.0   0.1   0.0   0.0   17    375  16966    0    0    0 169.84   40.97   1.22  36.48  91.17  64.05  43.00 100.05  20.00  81.05  57.05 100.00  56.05  49.00 100.00  56.05  3.20 GHz  3.20 GHz  3.20 GHz   N/A     
13:11:06  99.9   0.0   0.1   0.0   0.0   17    635  17085    2    2    2 175.72   44.21   1.23  39.88  90.40  64.05  42.00 100.05  20.00  81.05  57.05 100.00  56.05  49.00 100.00  56.05  3.20 GHz  3.20 GHz  3.20 GHz   N/A     
13:11:07  99.9   0.0   0.1   0.0   0.0   17    233  17015    0    0    0 172.95   42.84   1.22  38.27  90.62  64.05  43.00 100.05  20.00  82.05  57.05 100.00  56.05  49.00 100.00  56.05  3.10 GHz  3.10 GHz  3.10 GHz   N/A     
13:11:08 100.0   0.0   0.0   0.0   0.0   17    243  16995    0    0    0 173.93   43.24   1.22  38.79  90.68  64.05  44.00 100.05  20.00  82.05  57.05 100.00  56.05  49.00 100.00  56.05  3.10 GHz  3.10 GHz  3.10 GHz   N/A     
13:11:09  99.9   0.0   0.1   0.0   0.0   17    257  16996    0    0    0 174.27   43.52   1.22  39.22  90.30  64.05  43.00 100.05  20.00  81.05  57.05 100.00  56.05  49.00 100.00  56.05  3.13 GHz  3.13 GHz  3.13 GHz   N/A     
13:11:10  99.9   0.0   0.1   0.0   0.0   17    286  16902    0    0    0 174.81   43.95   1.22  39.35  90.28  64.05  43.00 100.05  20.00  81.05  57.05 100.00  56.05  49.00 100.00  56.05  3.10 GHz  3.10 GHz  3.10 GHz   N/A     
13:11:11  99.9   0.0   0.1   0.0   0.0   17    734  17182    2    2    2 170.09   41.55   1.23  37.10  90.21  64.05  43.00 100.05  20.00  82.05  57.05 100.00  56.05  49.00 100.00  56.05  3.20 GHz  3.20 GHz  3.20 GHz   N/A     
13:11:12  99.9   0.0   0.1   0.0   0.0   17    244  16900    0    0    1 173.71   43.43   1.22  38.98  90.07  64.05  43.00 100.05  20.00  82.05  57.05 100.00  56.05  49.00 100.00  56.05  3.10 GHz  3.10 GHz  3.10 GHz   N/A     
13:11:13  99.9   0.0   0.1   0.0   0.0   17    253  17027    0    0    0 173.49   43.40   1.22  38.95  89.91  64.05  43.00 100.05  20.00  82.05  57.05 100.00  56.05  49.00 100.00  56.05  3.10 GHz  3.10 GHz  3.10 GHz   N/A     
13:11:14  99.9   0.0   0.1   0.0   0.0   17    307  16796    0    0    0 163.40   38.28   1.22  33.80  90.09  64.05  43.00 100.05  20.00  82.05  57.05 100.00  56.05  49.00 100.00  56.05  3.20 GHz  3.20 GHz  3.20 GHz   N/A     
13:11:15  99.9   0.0   0.1   0.0   0.0   17    233  16862    0    0    0 169.20   41.21   1.22  36.76  90.02  64.05  43.00 100.05  20.00  82.05  57.05 100.00  56.05  49.00 100.00  56.05  3.16 GHz  3.16 GHz  3.16 GHz   N/A     
13:11:16  99.9   0.0   0.1   0.0   0.0   17    653  17021    3    2    2 174.53   43.71   1.23  39.24  90.35  64.05  43.00 100.05  20.00  82.05  57.05 100.00  56.05  49.00 100.00  56.05  3.10 GHz  3.10 GHz  3.10 GHz   N/A     
13:11:17  99.9   0.0   0.1   0.0   0.0   17    243  17036    0    0    0 169.08   41.13   1.22  36.68  90.05  64.05  43.00 100.05  20.00  82.05  57.05 100.00  56.05  49.00 100.00  56.05  3.20 GHz  3.20 GHz  3.20 GHz   N/A     
13:11:18  99.9   0.0   0.1   0.0   0.0   17    267  17005    0    0    0 168.83   40.81   1.22  36.36  90.43  64.05  42.00 100.05  20.00  82.05  57.05 100.00  56.05  49.00 100.00  56.05  3.10 GHz  3.10 GHz  3.10 GHz   N/A     
13:11:19 100.0   0.0   0.0   0.0   0.0   17    265  17001    0    0    0 167.83   39.98   1.22  35.51  91.12  64.05  43.00 100.05  20.00  82.05  57.05 100.00  56.05  49.00 100.00  56.05  3.20 GHz  3.20 GHz  3.20 GHz   N/A     
13:11:20  99.9   0.0   0.1   0.0   0.0   17    234  16985    0    0    0 174.24   43.51   1.22  39.06  90.45  64.05  42.00 100.05  20.00  82.05  57.05 100.00  56.05  49.00 100.00  56.05  3.10 GHz  3.10 GHz  3.10 GHz   N/A     
13:11:21  99.8   0.0   0.2   0.0   0.0   17    628  17262    2    2    2 168.72   40.83   1.23  36.38  90.28  64.05  43.00 100.05  20.00  82.05  57.05 100.00  56.05  49.00 100.00  56.05  3.20 GHz  3.20 GHz  3.20 GHz   N/A     
  Time    User  Nice   Sys  Idle    IO  Run Ctxt/s  IRQ/s Fork Exec Exit  Watts   pkg-0   dram   core   psys   SEN3 pch_co   B0D4 INT340   SEN2   SEN4 x86_pk   SEN5 iwlwif acpitz   SEN1  CPU Freq  Freq Min  Freq Max  GPU Freq
13:11:22  99.9   0.0   0.1   0.0   0.0   17    326  17061    0    0    0 174.82   43.47   1.22  38.97  91.15  64.05  43.00 100.05  20.00  82.05  57.05 100.00  56.05  49.00 100.00  56.05  3.10 GHz  3.10 GHz  3.10 GHz   N/A     
13:11:23 100.0   0.0   0.0   0.0   0.0   17    233  16955    0    0    0 174.32   43.72   1.22  39.27  90.10  64.05  42.00 100.05  20.00  82.05  57.05 100.00  56.05  49.00 100.00  56.05  3.10 GHz  3.10 GHz  3.10 GHz   N/A     
13:11:24  99.9   0.0   0.1   0.0   0.0   17    249  17058    0    0    0 171.67   42.35   1.22  37.89  90.20  64.05  43.00 100.05  20.00  82.05  57.05 100.00  56.05  49.00 100.00  56.05  3.10 GHz  3.10 GHz  3.10 GHz   N/A     
13:11:25  99.9   0.0   0.1   0.0   0.0   17    315  17027    0    0    0 178.25   45.62   1.22  41.17  90.24  64.05  43.00 100.05  20.00  82.05  57.05 100.00  56.05  49.00 100.00  56.05  3.10 GHz  3.10 GHz  3.10 GHz   N/A     
13:11:26  99.8   0.0   0.2   0.0   0.0   17    636  16946    2    2    3 174.70   43.77   1.23  39.31  90.39  64.05  44.00 100.05  20.00  82.05  57.05 100.00  56.05  49.00 100.00  56.05  3.10 GHz  3.10 GHz  3.10 GHz   N/A     
13:11:27 100.0   0.0   0.0   0.0   0.0   17    233  17031    0    0    0 170.24   41.54   1.22  37.08  90.40  64.05  42.00 100.05  20.00  81.05  57.05 100.00  56.05  49.00 100.00  56.05  3.10 GHz  3.10 GHz  3.10 GHz   N/A     
13:11:28  99.9   0.0   0.1   0.0   0.0   17    242  16893    0    0    0 174.90   43.87   1.22  39.56  90.24  64.05  43.00 100.05  20.00  81.05  57.05 100.00  56.05  49.00 100.00  56.05  3.10 GHz  3.10 GHz  3.10 GHz   N/A     
13:11:29  99.9   0.0   0.1   0.0   0.0   17    234  16980    0    0    0 173.54   43.41   1.22  38.82  90.09  64.05  43.00 100.05  20.00  82.05  57.05 100.00  56.05  49.00 100.00  56.05  3.10 GHz  3.10 GHz  3.10 GHz   N/A     
13:11:30 100.0   0.0   0.0   0.0   0.0   17    252  16812    0    0    0 172.72   42.84   1.22  38.39  90.26  64.05  43.00 100.05  20.00  82.05  57.05 100.00  56.05  49.00 100.00  56.05  3.10 GHz  3.10 GHz  3.10 GHz   N/A     
13:11:31  99.8   0.0   0.2   0.0   0.0   17    694  17190    2    2    2 170.48   41.31   1.23  37.32  90.62  64.05  43.00 100.05  20.00  82.05  57.05 100.00  56.05  49.00 100.00  56.05  3.10 GHz  3.10 GHz  3.10 GHz   N/A     
13:11:32  99.9   0.0   0.1   0.0   0.0   17    237  16840    0    0    0 173.58   43.34   1.22  38.38  90.64  64.05  43.00 100.05  20.00  82.05  57.05 100.00  56.05  49.00 100.00  56.05  3.10 GHz  3.10 GHz  3.10 GHz   N/A     
13:11:33  99.9   0.0   0.1   0.0   0.0   17    364  16938    0    0    0 170.97   42.07   1.22  37.61  90.07  64.05  43.00 100.05  20.00  82.05  57.05 100.00  56.05  49.00 100.00  56.05  3.10 GHz  3.10 GHz  3.10 GHz   N/A     
13:11:34  99.9   0.0   0.1   0.0   0.0   17    349  16831    0    0    0 170.90   42.06   1.22  37.71  89.91  64.05  44.00 100.05  20.00  82.05  57.05 100.00  56.05  49.00 100.00  56.05  3.20 GHz  3.20 GHz  3.20 GHz   N/A     
13:11:35 100.0   0.0   0.0   0.0   0.0   17    259  16933    0    0    0 168.93   41.07   1.22  36.52  90.10  64.05  43.00 100.05  20.00  82.05  57.05 100.00  56.05  49.00 100.00  56.05  3.10 GHz  3.10 GHz  3.10 GHz   N/A     
13:11:36  99.8   0.0   0.2   0.0   0.0   17    728  17068    2    2    2 168.98   40.67   1.23  36.17  90.91  64.05  43.00 100.05  20.00  82.05  57.05 100.00  56.05  49.00 100.00  56.05  3.10 GHz  3.10 GHz  3.10 GHz   N/A     
13:11:37  99.9   0.0   0.1   0.0   0.0   17    250  16958    0    0    0 177.09   45.12   1.22  40.67  90.07  64.05  43.00 100.05  20.00  82.05  57.05 100.00  56.05  49.00 100.00  56.05  3.19 GHz  3.19 GHz  3.19 GHz   N/A     
13:11:38 100.0   0.0   0.0   0.0   0.0   17    326  16752    0    0    0 177.55   45.35   1.23  40.90  90.07  64.05  43.00 100.05  20.00  82.05  57.05 100.00  56.05  49.00 100.00  56.05  3.10 GHz  3.10 GHz  3.10 GHz   N/A     
13:11:39  99.9   0.0   0.1   0.0   0.0   17    631  16883    0    0    0 171.94   42.58   1.23  38.13  90.00  64.05  44.00 100.05  20.00  82.05  57.05 100.00  56.05  49.00 100.00  56.05  3.10 GHz  3.10 GHz  3.10 GHz   N/A     
13:11:40  99.9   0.0   0.1   0.0   0.0   17    280  16813    0    0    0 170.72   42.00   1.22  37.55  89.94  64.05  44.00 100.05  20.00  82.05  57.05 100.00  56.05  49.00 100.00  56.05  3.10 GHz  3.10 GHz  3.10 GHz   N/A     
13:11:41  99.8   0.0   0.2   0.0   0.0   17    698  17190    2    2    2 174.10   43.48   1.23  39.01  90.38  64.05  44.00 100.05  20.00  82.05  57.05 100.00  56.05  49.00 100.00  56.05  3.20 GHz  3.20 GHz  3.20 GHz   N/A     
13:11:42 100.0   0.0   0.0   0.0   0.0   17    294  17148    0    0    0 169.40   41.02   1.22  36.55  90.61  64.05  43.00 100.05  20.00  82.05  57.05 100.00  56.05  51.00 100.00  56.05  3.10 GHz  3.10 GHz  3.10 GHz   N/A     
13:11:43  99.9   0.0   0.1   0.0   0.0   17    259  16891    0    0    0 171.78   42.54   1.22  38.09  89.93  64.05  43.00 100.05  20.00  82.05  57.05 100.00  56.05  49.00 100.00  56.05  3.10 GHz  3.10 GHz  3.10 GHz   N/A     
13:11:44  99.9   0.0   0.1   0.0   0.0   17    269  16763    0    0    0 168.57   40.96   1.22  36.51  89.88  64.05  43.00 100.05  20.00  82.05  57.05 100.00  56.05  49.00 100.00  56.05  3.10 GHz  3.10 GHz  3.10 GHz   N/A     
13:11:45 100.0   0.0   0.0   0.0   0.0   17    281  16917    0    0    0 171.81   42.51   1.22  38.07  90.01  64.05  43.00 100.05  20.00  82.05  57.05 100.00  56.05  49.00 100.00  56.05  3.10 GHz  3.10 GHz  3.10 GHz   N/A     
13:11:46  99.8   0.0   0.2   0.0   0.0   17    771  17120    2    2    2 168.98   40.97   1.23  36.52  90.26  64.05  43.00 100.05  20.00  82.05  57.05 100.00  56.05  49.00 100.00  56.05  3.10 GHz  3.10 GHz  3.10 GHz   N/A     
13:11:47 100.0   0.0   0.0   0.0   0.0   17    290  17100    0    0    0 162.80   37.45   1.22  33.41  90.72  64.05  43.00 100.05  20.00  81.05  57.05 100.00  56.05  49.00 100.00  56.05  3.10 GHz  3.10 GHz  3.10 GHz   N/A     
13:11:48  99.9   0.0   0.1   0.0   0.0   17    254  16959    0    0    0 173.51   43.30   1.22  38.39  90.60  64.05  42.00 100.05  20.00  81.05  57.05 100.00  56.05  49.00 100.00  56.05  3.10 GHz  3.10 GHz  3.10 GHz   N/A     
13:11:49  99.9   0.0   0.1   0.0   0.0   17    252  16891    0    0    0 170.24   41.66   1.22  37.21  90.14  64.05  42.00 100.05  20.00  82.05  57.05 100.00  56.05  49.00 100.00  56.05  3.10 GHz  3.10 GHz  3.10 GHz   N/A     
13:11:50 100.0   0.0   0.0   0.0   0.0   17    272  17134    0    0    0 172.27   42.73   1.22  38.28  90.04  64.05  43.00 100.05  20.00  82.05  57.05 100.00  56.05  49.00 100.00  56.05  3.10 GHz  3.10 GHz  3.10 GHz   N/A     
13:11:51  99.8   0.0   0.2   0.0   0.0   17    607  17221    2    2    2 169.28   41.26   1.23  36.81  89.97  64.05  43.00 100.05  20.00  82.05  57.05 100.00  56.05  49.00 100.00  56.05  3.10 GHz  3.10 GHz  3.10 GHz   N/A     
13:11:52  99.9   0.0   0.1   0.0   0.0   17    246  17053    0    0    0 186.35   49.51   1.22  45.03  90.59  64.05  42.00 100.05  20.00  82.05  57.05 100.00  56.05  49.00 100.00  56.05  3.10 GHz  3.10 GHz  3.10 GHz   N/A     
13:11:53  99.9   0.0   0.1   0.0   0.0   17    236  16890    0    0    0 178.65   45.57   1.22  41.10  90.75  64.05  43.00 100.05  20.00  82.05  57.05 100.00  56.05  49.00 100.00  56.05  3.03 GHz  3.03 GHz  3.03 GHz   N/A     
13:11:54 100.0   0.0   0.0   0.0   0.0   17    326  17111    0    0    0 171.63   42.20   1.22  37.72  90.49  64.05  44.00 100.05  20.00  82.05  57.05 100.00  56.05  49.00 100.00  56.05  3.10 GHz  3.10 GHz  3.10 GHz   N/A     
13:11:55  99.9   0.0   0.1   0.0   0.0   17    336  16911    0    0    0 171.65   42.41   1.22  37.96  90.07  64.05  42.00 100.05  20.00  82.05  57.05 100.00  56.05  49.00 100.00  56.05  3.10 GHz  3.10 GHz  3.10 GHz   N/A     
13:11:56  99.8   0.0   0.2   0.1   0.0   17    710  17273    2    2    2 176.11   44.54   1.23  40.09  90.26  64.05  43.00 100.05  20.00  82.05  57.05 100.00  56.05  49.00 100.00  56.05  3.10 GHz  3.10 GHz  3.10 GHz   N/A     
13:11:57 100.0   0.0   0.0   0.0   0.0   17    246  16956    0    0    0 174.11   43.60   1.22  39.15  90.13  64.05  43.00 100.05  20.00  82.05  57.05 100.00  56.05  49.00 100.00  56.05  3.10 GHz  3.10 GHz  3.10 GHz   N/A     
13:11:58  99.9   0.0   0.1   0.0   0.0   17    266  17075    0    0    0 165.46   39.23   1.22  34.78  90.23  64.05  43.00 100.05  20.00  82.05  57.05 100.00  56.05  49.00 100.00  56.05  3.20 GHz  3.20 GHz  3.20 GHz   N/A     
13:11:59  99.9   0.0   0.1   0.0   0.0   17    248  16966    0    0    0 181.47   47.27   1.22  42.82  90.16  64.05  43.00 100.05  20.00  82.05  57.05 100.00  56.05  49.00 100.00  56.05  3.10 GHz  3.10 GHz  3.10 GHz   N/A     
13:12:00  99.9   0.0   0.1   0.0   0.0   17    263  16900    0    0    0 168.49   40.54   1.22  36.06  90.67  64.05  43.00 100.05  20.00  82.05  57.05 100.00  56.05  49.00 100.00  56.05  3.20 GHz  3.20 GHz  3.20 GHz   N/A     
13:12:01  99.8   0.0   0.2   0.0   0.0   17    834  17309    2    2    3 169.02   41.09   1.23  36.64  90.06  64.05  43.00 100.05  20.00  82.05  57.05 100.00  56.05  49.00 100.00  56.05  3.10 GHz  3.10 GHz  3.10 GHz   N/A     
13:12:02 100.0   0.0   0.0   0.0   0.0   17    274  17068    0    0    0 173.83   43.37   1.22  38.92  90.32  64.05  42.00 100.05  20.00  82.05  57.05 100.00  56.05  49.00 100.00  56.05  3.10 GHz  3.10 GHz  3.10 GHz   N/A     
13:12:03  99.9   0.0   0.1   0.0   0.0   17    395  16941    0    0    0 174.64   43.63   1.22  39.16  90.62  64.05  43.00 100.05  20.00  82.05  57.05 100.00  56.05  49.00 100.00  56.05  3.21 GHz  3.21 GHz  3.21 GHz   N/A     
13:12:04  99.9   0.0   0.1   0.0   0.0   17    267  17118    0    0    0 169.63   41.22   1.22  36.78  90.40  64.05  44.00 100.05  20.00  82.05  57.05 100.00  56.05  49.00 100.00  56.05  3.10 GHz  3.10 GHz  3.10 GHz   N/A     
13:12:05  99.9   0.0   0.1   0.0   0.0   17    324  17033    0    0    0 171.95   42.42   1.22  37.97  90.33  64.05  44.00 100.05  20.00  82.05  57.05 100.00  56.05  49.00 100.00  56.05  3.09 GHz  3.09 GHz  3.09 GHz   N/A     
  Time    User  Nice   Sys  Idle    IO  Run Ctxt/s  IRQ/s Fork Exec Exit  Watts   pkg-0   dram   core   psys   SEN3 pch_co   B0D4 INT340   SEN2   SEN4 x86_pk   SEN5 iwlwif acpitz   SEN1  CPU Freq  Freq Min  Freq Max  GPU Freq
13:12:06  99.9   0.0   0.1   0.0   0.0   17    740  17221    2    2    2 167.57   40.26   1.23  35.81  90.27  64.05  43.00 100.05  20.00  82.05  57.05 100.00  56.05  49.00 100.00  56.05  3.10 GHz  3.10 GHz  3.10 GHz   N/A     
13:12:07  99.9   0.0   0.1   0.0   0.0   17    279  17028    0    0    0 175.89   44.38   1.22  39.93  90.36  64.05  43.00 100.05  20.00  82.05  57.05 100.00  56.05  49.00 100.00  56.05  3.10 GHz  3.10 GHz  3.10 GHz   N/A     
13:12:08  99.9   0.0   0.1   0.0   0.0   17    283  16991    0    0    0 169.16   41.09   1.22  36.64  90.21  64.05  42.00 100.05  20.00  82.05  57.05 100.00  56.05  49.00 100.00  56.05  3.10 GHz  3.10 GHz  3.10 GHz   N/A     
13:12:09 100.0   0.0   0.0   0.0   0.0   17    254  16960    0    0    0 173.24   43.21   1.22  38.76  90.05  64.05  42.00 100.05  20.00  82.05  57.05 100.00  56.05  49.00 100.00  56.05  3.10 GHz  3.10 GHz  3.10 GHz   N/A     
13:12:10  99.9   0.0   0.1   0.0   0.0   17    310  16954    0    0    0 177.52   45.20   1.22  40.75  90.35  64.05  43.00 100.05  20.00  82.05  57.05 100.00  56.05  49.00 100.00  56.05  3.10 GHz  3.10 GHz  3.10 GHz   N/A     
13:12:11  99.8   0.0   0.2   0.0   0.0   17    645  17017    2    2    2 173.29   43.17   1.23  38.72  90.16  64.05  43.00 100.05  20.00  82.05  57.05 100.00  56.05  49.00 100.00  56.05  3.20 GHz  3.20 GHz  3.20 GHz   N/A     
13:12:12  99.9   0.0   0.1   0.0   0.0   17    326  17045    2    0    0 172.18   42.46   1.23  37.98  90.52  64.05  43.00 100.05  20.00  82.05  57.05 100.00  56.05  51.00 100.00  56.05  3.10 GHz  3.10 GHz  3.10 GHz   N/A     
13:12:13 100.0   0.0   0.0   0.0   0.0   17    243  17063    0    0    0 173.75   43.46   1.22  39.02  90.04  64.05  43.00 100.05  20.00  82.05  57.05 100.00  56.05  49.00 100.00  56.05  3.05 GHz  3.05 GHz  3.05 GHz   N/A     
13:12:14  99.9   0.0   0.1   0.0   0.0   17    462  17000    0    0    0 170.42   41.38   1.23  37.54  90.27  64.05  43.00 100.05  20.00  82.05  57.05 100.00  56.05  49.00 100.00  56.05  3.20 GHz  3.20 GHz  3.20 GHz   N/A     
13:12:15  99.9   0.0   0.1   0.0   0.0   17    362  17008    0    0    0 178.17   45.89   1.22  40.81  90.25  64.05  43.00 100.05  20.00  82.05  57.05 100.00  56.05  49.00 100.00  56.05  3.10 GHz  3.10 GHz  3.10 GHz   N/A     
13:12:16  99.8   0.0   0.1   0.1   0.0   17    670  17080    2    2    2 171.80   42.31   1.23  37.85  90.41  64.05  43.00 100.05  20.00  82.05  57.05 100.00  56.05  49.00 100.00  56.05  3.10 GHz  3.10 GHz  3.10 GHz   N/A     
13:12:17  99.9   0.0   0.1   0.0   0.0   17    256  16986    0    0    0 169.69   41.22   1.23  37.18  90.06  64.05  42.00 100.05  20.00  82.05  57.05 100.00  56.05  49.00 100.00  56.05  3.10 GHz  3.10 GHz  3.10 GHz   N/A     
13:12:18  99.9   0.0   0.1   0.0   0.0   17    348  17133    1    0    0 173.85   43.50   1.22  38.59  90.54  64.05  43.00 100.05  20.00  82.05  57.05 100.00  56.05  49.00 100.00  56.05  3.10 GHz  3.10 GHz  3.10 GHz   N/A     
13:12:19 100.0   0.0   0.0   0.0   0.0   17    285  16997    0    0    0 181.38   47.16   1.22  42.71  90.29  64.05  43.00 100.05  20.00  82.05  57.05 100.00  56.05  49.00 100.00  56.05  3.20 GHz  3.20 GHz  3.20 GHz   N/A     
13:12:20  99.9   0.0   0.1   0.0   0.0   17    256  16807    0    0    0 170.56   41.84   1.22  37.39  90.12  64.05  43.00 100.05  20.00  82.05  57.05 100.00  56.05  49.00 100.00  56.05  3.10 GHz  3.10 GHz  3.10 GHz   N/A     
13:12:21  99.8   0.0   0.2   0.0   0.0   17    692  17170    2    2    2 173.05   42.87   1.23  38.42  90.53  64.05  43.00 100.05  20.00  82.05  57.05 100.00  56.05  49.00 100.00  56.05  3.10 GHz  3.10 GHz  3.10 GHz   N/A     
13:12:22 100.0   0.0   0.0   0.0   0.0   17    275  17072    0    0    0 179.84   46.36   1.22  41.91  90.34  64.05  44.00 100.05  20.00  82.05  57.05 100.00  56.05  49.00 100.00  56.05  3.10 GHz  3.10 GHz  3.10 GHz   N/A     
13:12:23  99.9   0.0   0.1   0.0   0.0   17    250  17161    0    0    0 173.15   43.08   1.22  38.63  90.21  64.05  43.00 100.05  20.00  82.05  57.05 100.00  56.05  49.00 100.00  56.05  3.20 GHz  3.20 GHz  3.20 GHz   N/A     
13:12:24  99.9   0.0   0.1   0.0   0.0   17    295  16820    0    0    0 168.95   40.66   1.22  36.22  90.84  64.05  44.00 100.05  20.00  82.05  57.05 100.00  56.05  51.00 100.00  56.05  3.10 GHz  3.10 GHz  3.10 GHz   N/A     
13:12:25  99.9   0.0   0.1   0.0   0.0   17   1043  17201    0    0    0 175.76   44.36   1.23  39.85  90.32  64.05  42.00 100.05  20.00  82.05  57.05 100.00  56.05  49.00 100.00  56.05  3.10 GHz  3.10 GHz  3.10 GHz   N/A     
13:12:26  99.7   0.0   0.2   0.1   0.0   17    672  17088    2    2    2 173.64   43.33   1.23  38.88  90.19  64.05  43.00 100.05  20.00  82.05  57.05 100.00  56.05  49.00 100.00  56.05  3.20 GHz  3.20 GHz  3.20 GHz   N/A     
13:12:27 100.0   0.0   0.0   0.0   0.0   17    250  17002    0    0    0 170.37   41.69   1.22  37.26  90.19  64.05  43.00 100.05  20.00  82.05  57.05 100.00  56.05  49.00 100.00  56.05  3.10 GHz  3.10 GHz  3.10 GHz   N/A     
13:12:28  99.9   0.0   0.1   0.0   0.0   17    455  17032    0    0    1 172.86   43.01   1.23  38.54  90.09  64.05  43.00 100.05  20.00  82.05  57.05 100.00  56.05  49.00 100.00  56.05  3.10 GHz  3.10 GHz  3.10 GHz   N/A     
13:12:29  99.9   0.0   0.1   0.0   0.0   17    270  16797    0    0    0 168.73   40.81   1.22  36.33  90.37  64.05  43.00 100.05  20.00  82.05  57.05 100.00  56.05  49.00 100.00  56.05  3.10 GHz  3.10 GHz  3.10 GHz   N/A     
13:12:30 100.0   0.0   0.0   0.0   0.0   17    315  16925    0    0    0 172.78   42.96   1.22  38.51  90.10  64.05  43.00 100.05  20.00  82.05  57.05 100.00  56.05  49.00 100.00  56.05  3.10 GHz  3.10 GHz  3.10 GHz   N/A     
13:12:31  99.8   0.0   0.2   0.0   0.0   17    595  17116    2    2    2 172.29   42.68   1.23  38.23  90.15  64.05  43.00 100.05  20.00  82.05  57.05 100.00  56.05  49.00 100.00  56.05  3.10 GHz  3.10 GHz  3.10 GHz   N/A     
13:12:32 100.0   0.0   0.0   0.0   0.0   17    237  17015    0    0    0 174.99   43.90   1.22  39.45  90.41  64.05  42.00 100.05  20.00  82.05  57.05 100.00  56.05  49.00 100.00  56.05  3.20 GHz  3.20 GHz  3.20 GHz   N/A     
13:12:33  99.9   0.0   0.1   0.0   0.0   17    405  17007    0    0    0 174.14   43.66   1.22  39.21  90.04  64.05  42.00 100.05  20.00  82.05  57.05 100.00  56.05  49.00 100.00  56.05  3.20 GHz  3.20 GHz  3.20 GHz   N/A     
13:12:34 100.0   0.0   0.0   0.0   0.0   17    316  16884    0    0    0 170.20   41.43   1.22  36.96  90.58  64.05  43.00 100.05  20.00  82.05  57.05 100.00  56.05  49.00 100.00  56.05  3.10 GHz  3.10 GHz  3.10 GHz   N/A     
13:12:35  99.9   0.0   0.1   0.0   0.0   17    351  16873    0    0    0 167.51   40.27   1.22  35.82  90.20  64.05  43.00 100.05  20.00  82.05  57.05 100.00  56.05  49.00 100.00  56.05  3.10 GHz  3.10 GHz  3.10 GHz   N/A     
13:12:36  99.8   0.0   0.2   0.0   0.0   17    605  17000    2    2    2 169.92   41.37   1.23  36.92  90.39  64.05  43.00 100.05  20.00  82.05  57.05 100.00  56.05  49.00 100.00  56.05  3.10 GHz  3.10 GHz  3.10 GHz   N/A     
13:12:37 100.0   0.0   0.0   0.0   0.0   17    254  16808    0    0    0 175.68   44.29   1.22  40.07  90.10  64.05  42.00 100.05  20.00  82.05  57.05 100.00  56.05  49.00 100.00  56.05  3.10 GHz  3.10 GHz  3.10 GHz   N/A     
13:12:38  99.9   0.0   0.1   0.0   0.0   17    324  17033    0    0    0 176.14   44.78   1.22  40.11  90.03  64.05  41.00 100.05  20.00  82.05  57.05 100.00  56.05  49.00 100.00  56.05  3.10 GHz  3.10 GHz  3.10 GHz   N/A     
13:12:39  99.9   0.0   0.1   0.0   0.0   17    292  16944    0    0    0 167.51   40.31   1.22  35.86  90.11  64.05  43.00 100.05  20.00  82.05  57.05 100.00  56.05  49.00 100.00  56.05  3.10 GHz  3.10 GHz  3.10 GHz   N/A     
13:12:40 100.0   0.0   0.0   0.0   0.0   17    269  17030    0    0    0 171.85   42.49   1.22  38.04  90.10  64.05  43.00 100.05  20.00  82.05  57.05 100.00  56.05  49.00 100.00  56.05  3.10 GHz  3.10 GHz  3.10 GHz   N/A     
13:12:41  99.8   0.0   0.2   0.0   0.0   17    672  17098    2    2    2 166.03   39.54   1.23  35.09  90.17  64.05  43.00 100.05  20.00  82.05  57.05 100.00  56.05  49.00 100.00  56.05  3.20 GHz  3.20 GHz  3.20 GHz   N/A     
13:12:42  99.9   0.0   0.1   0.0   0.0   17    296  16864    0    0    0 174.96   44.12   1.22  39.67  89.95  64.05  43.00 100.05  20.00  82.05  57.05 100.00  56.05  49.00 100.00  56.05  3.19 GHz  3.19 GHz  3.19 GHz   N/A     
13:12:43 100.0   0.0   0.0   0.0   0.0   17    265  16762    0    0    0 174.51   43.57   1.22  39.07  90.65  64.05  45.00 100.05  20.00  82.05  57.05 100.00  56.05  49.00 100.00  56.05  3.10 GHz  3.10 GHz  3.10 GHz   N/A     
13:12:44  99.9   0.0   0.1   0.0   0.0   17    261  17026    0    0    0 168.75   40.99   1.22  36.54  90.00  64.05  42.00 100.05  20.00  82.05  57.05 100.00  56.05  49.00 100.00  56.05  3.20 GHz  3.20 GHz  3.20 GHz   N/A     
13:12:45  99.9   0.0   0.1   0.0   0.0   17    338  16937    0    0    0 166.98   40.09   1.22  35.64  90.02  64.05  44.00 100.05  20.00  82.05  57.05 100.00  56.05  49.00 100.00  56.05  3.10 GHz  3.10 GHz  3.10 GHz   N/A     
13:12:46  99.9   0.0   0.1   0.0   0.0   17    712  17132    2    2    2 174.61   43.93   1.23  39.48  89.98  64.05  42.00 100.05  20.00  82.05  57.05 100.00  56.05  50.00 100.00  56.05  3.11 GHz  3.11 GHz  3.11 GHz   N/A     
13:12:47  99.9   0.0   0.1   0.0   0.0   17    245  17106    0    0    0 165.35   39.09   1.22  34.62  90.41  64.05  44.00 100.05  20.00  82.05  57.05 100.00  56.05  49.00 100.00  56.05  3.20 GHz  3.20 GHz  3.20 GHz   N/A     
13:12:48  99.9   0.0   0.1   0.0   0.0   17    239  16891    0    0    0 173.79   43.55   1.22  39.10  89.92  64.05  43.00 100.05  20.00  82.05  57.05 100.00  56.05  49.00 100.00  56.05  3.10 GHz  3.10 GHz  3.10 GHz   N/A     
13:12:49 100.0   0.0   0.0   0.0   0.0   17    313  16976    0    0    0 172.92   43.18   1.22  38.73  89.78  64.05  43.00 100.05  20.00  82.05  57.05 100.00  56.05  49.00 100.00  56.05  3.20 GHz  3.20 GHz  3.20 GHz   N/A     
  Time    User  Nice   Sys  Idle    IO  Run Ctxt/s  IRQ/s Fork Exec Exit  Watts   pkg-0   dram   core   psys   SEN3 pch_co   B0D4 INT340   SEN2   SEN4 x86_pk   SEN5 iwlwif acpitz   SEN1  CPU Freq  Freq Min  Freq Max  GPU Freq
13:12:50  99.9   0.0   0.1   0.0   0.0   17    265  16943    0    0    0 170.06   41.40   1.22  37.46  89.98  64.05  42.00 100.05  20.00  82.05  57.05 100.00  56.05  49.00 100.00  56.05  3.20 GHz  3.20 GHz  3.20 GHz   N/A     
13:12:51  99.9   0.0   0.1   0.0   0.0   17    680  17405    2    2    2 173.77   43.39   1.23  38.39  90.77  64.05  42.00 100.05  20.00  82.05  57.05 100.00  56.05  49.00 100.00  56.05  3.20 GHz  3.20 GHz  3.20 GHz   N/A     
13:12:52  99.9   0.0   0.1   0.0   0.0   17    256  16985    0    0    0 177.91   45.20   1.22  40.73  90.76  64.05  43.00 100.05  20.00  82.05  57.05 100.00  56.05  49.00 100.00  56.05  3.10 GHz  3.10 GHz  3.10 GHz   N/A     
13:12:53  99.9   0.0   0.1   0.0   0.0   17    265  16958    0    0    0 174.67   43.89   1.22  39.44  90.12  64.05  42.00 100.05  20.00  82.05  57.05 100.00  56.05  49.00 100.00  56.05  3.10 GHz  3.10 GHz  3.10 GHz   N/A     
-------- ----- ----- ----- ----- ----- ---- ------ ------ ---- ---- ---- ------  ------ ------ ------ ------ ------ ------ ------ ------ ------ ------ ------ ------ ------ ------ ------ --------- --------- --------- ---------
 Average  99.7   0.0   0.1   0.2   0.0 17.0  398.0 17020.4  0.5  0.4  0.4 178.82   44.73   1.22  40.27  92.59  61.71  42.70  99.34  20.00  79.47  57.08  99.99  55.50  48.91  99.29  55.75  3.18 GHz  3.18 GHz  3.18 GHz   N/A     
 GeoMean  99.5   0.0   0.0   0.0   0.0 17.0  341.7 17011.7  0.0  0.0  0.0 178.33   44.50   1.22  40.02  92.48  61.58  42.69  99.15  20.00  79.25  57.08  99.99  55.50  48.91  99.10  55.75  3.18 GHz  3.18 GHz  3.18 GHz   N/A     
  StdDev   4.1   0.0   0.1   4.1   0.0  0.0  583.6  452.8  1.2  0.8  0.8  13.50    4.59   0.00   4.58   4.63   3.91   0.69   5.18   0.00   5.35   0.18   0.11   0.66   0.47   5.18   0.72  0.11 GHz  0.11 GHz  0.11 GHz   N/A     
-------- ----- ----- ----- ----- ----- ---- ------ ------ ---- ---- ---- ------  ------ ------ ------ ------ ------ ------ ------ ------ ------ ------ ------ ------ ------ ------ ------ --------- --------- --------- ---------
 Minimum  18.5   0.0   0.0   0.0   0.0 17.0  208.0 8636.0  0.0  0.0  0.0  89.20   17.71   1.22  13.61  56.63  48.05  41.00  53.05  20.00  51.05  57.05  99.00  54.05  48.00  53.00  52.05  3.00 GHz  3.00 GHz  3.00 GHz   N/A     
 Maximum 100.0   0.0   0.2  81.3   0.0 17.0 11507.0 17622.0 17.0  3.0  4.0 245.64   67.38   1.25  62.96 116.83  64.05  45.00 100.05  20.00  82.05  58.05 100.00  56.05  51.00 100.00  56.05  3.87 GHz  3.87 GHz  3.87 GHz   N/A     
-------- ----- ----- ----- ----- ----- ---- ------ ------ ---- ---- ---- ------  ------ ------ ------ ------ ------ ------ ------ ------ ------ ------ ------ ------ ------ ------ ------ --------- --------- --------- ---------
Summary:
CPU: 178.82 Watts on average with standard deviation 13.50 
Note: power read from RAPL domains: pkg-0, dram, core, psys.
These readings do not cover all the hardware in this device.

C-State    Resident      Count Latency 
C3_ACPI      0.196%        656    1034
C2_ACPI      0.009%        670     151
C1_ACPI      0.002%       3575       1
POLL         0.000%       1531       0
C0          99.793%

Histogram (of 400 power measurements)

  Range (Watts)   Count
 89.205 - 104.847     1 
104.848 - 120.491     0 
120.492 - 136.135     0 
136.136 - 151.779     0 
151.780 - 167.422    13 #
167.423 - 183.066   312 ########################################
183.067 - 198.710    41 #####
198.711 - 214.354    15 #
214.355 - 229.997    13 #
229.998 - 245.641     5 

Histogram (of 400 CPU utilization measurements)

  Range (%CPU)    Count
 18.711 -  26.839     1 
 26.840 -  34.968     0 
 34.969 -  43.097     0 
 43.098 -  51.226     0 
 51.227 -  59.354     0 
 59.355 -  67.483     0 
 67.484 -  75.612     0 
 75.613 -  83.741     0 
 83.742 -  91.870     0 
 91.871 -  99.999   399 ########################################

Histogram (of 400 CPU average frequencies)

Range (GHz)   Count
3.000 - 3.086    11 ##
3.087 - 3.173   185 ########################################
3.174 - 3.261   150 ################################
3.262 - 3.348    25 #####
3.349 - 3.435    13 ##
3.436 - 3.523     8 #
3.524 - 3.610     5 #
3.611 - 3.697     0 
3.698 - 3.784     2 
3.785 - 3.872     1 

Histogram (of 400 thermal zone SEN3 readings)

 Range (°C)    Count
48.050 - 49.649    15 ##
49.650 - 51.249     6 
51.250 - 52.849     2 
52.850 - 54.449     8 #
54.450 - 56.049    10 #
56.050 - 57.649     8 #
57.650 - 59.249    18 ##
59.250 - 60.849    12 #
60.850 - 62.449    53 #######
62.450 - 64.049   268 ########################################

Histogram (of 400 thermal zone pch_cometlake readings)

 Range (°C)    Count
41.000 - 41.399    18 ###
41.400 - 41.799     0 
41.800 - 42.199   117 ####################
42.200 - 42.599     0 
42.600 - 42.999   234 ########################################
43.000 - 43.399     0 
43.400 - 43.799     0 
43.800 - 44.199    29 ####
44.200 - 44.599     0 
44.600 - 44.999     2 

Histogram (of 400 thermal zone B0D4 readings)

  Range (°C)     Count
 53.050 -  57.749     3 
 57.750 -  62.449     2 
 62.450 -  67.149     0 
 67.150 -  71.849     0 
 71.850 -  76.549     2 
 76.550 -  81.249     0 
 81.250 -  85.949     0 
 85.950 -  90.649     0 
 90.650 -  95.349     2 
 95.350 - 100.049   391 ########################################

Range is zero, cannot produce histogram of thermal zone INT3400 Thermal

Histogram (of 400 thermal zone SEN2 readings)

 Range (°C)    Count
51.050 - 54.149     5 
54.150 - 57.249     2 
57.250 - 60.349     2 
60.350 - 63.449     4 
63.450 - 66.549     6 
66.550 - 69.649     6 
69.650 - 72.749     8 
72.750 - 75.849    14 #
75.850 - 78.949    26 ###
78.950 - 82.049   327 ########################################

Histogram (of 400 thermal zone SEN4 readings)

 Range (°C)    Count
57.050 - 57.149   386 ########################################
57.150 - 57.249     0 
57.250 - 57.349     0 
57.350 - 57.449     0 
57.450 - 57.549     0 
57.550 - 57.649     0 
57.650 - 57.749     0 
57.750 - 57.849     0 
57.850 - 57.949     0 
57.950 - 58.049    14 #

Histogram (of 400 thermal zone x86_pkg_temp readings)

  Range (°C)     Count
 99.000 -  99.099     5 
 99.100 -  99.199     0 
 99.200 -  99.299     0 
 99.300 -  99.399     0 
 99.400 -  99.499     0 
 99.500 -  99.599     0 
 99.600 -  99.699     0 
 99.700 -  99.799     0 
 99.800 -  99.899     0 
 99.900 -  99.999   395 ########################################

Histogram (of 400 thermal zone SEN5 readings)

 Range (°C)    Count
54.050 - 54.249    38 ######
54.250 - 54.449     0 
54.450 - 54.649     0 
54.650 - 54.849     0 
54.850 - 55.049   144 ##########################
55.050 - 55.249     0 
55.250 - 55.449     0 
55.450 - 55.649     0 
55.650 - 55.849     0 
55.850 - 56.049   218 ########################################

Histogram (of 400 thermal zone iwlwifi_1 readings)

 Range (°C)    Count
48.000 - 48.299    54 ######
48.300 - 48.599     0 
48.600 - 48.899     0 
48.900 - 49.199   335 ########################################
49.200 - 49.499     0 
49.500 - 49.799     0 
49.800 - 50.099     2 
50.100 - 50.399     0 
50.400 - 50.699     0 
50.700 - 50.999     9 #

Histogram (of 400 thermal zone acpitz readings)

  Range (°C)     Count
 53.000 -  57.699     3 
 57.700 -  62.399     2 
 62.400 -  67.099     0 
 67.100 -  71.799     0 
 71.800 -  76.499     2 
 76.500 -  81.199     0 
 81.200 -  85.899     0 
 85.900 -  90.599     0 
 90.600 -  95.299     2 
 95.300 -  99.999   391 ########################################

Histogram (of 400 thermal zone SEN1 readings)

 Range (°C)    Count
52.050 - 52.449     5 
52.450 - 52.849     0 
52.850 - 53.249     6 
53.250 - 53.649     0 
53.650 - 54.049    14 #
54.050 - 54.449     0 
54.450 - 54.849     0 
54.850 - 55.249    54 ######
55.250 - 55.649     0 
55.650 - 56.049   321 ########################################
