Running for 400.0 seconds (400 samples at 1.0 second intervals).
Power measurements will start in 0 seconds time.

  Time    User  Nice   Sys  Idle    IO  Run Ctxt/s  IRQ/s Fork Exec Exit  Watts   pkg-0   dram   core   psys   SEN3 pch_co   B0D4 INT340   SEN2   SEN4 x86_pk   SEN5 iwlwif acpitz   SEN1  CPU Freq  Freq Min  Freq Max  GPU Freq
12:39:31  50.1   0.0   0.2  49.7   0.0    9   1051  10356    2    2    2 258.35   70.64   1.23  66.23 120.25  46.05  41.00  51.05  20.00  49.05  56.05 100.00  53.05  47.00  51.00  51.05  2.42 GHz  0.80 GHz  4.01 GHz   N/A     
12:39:32  50.0   0.0   0.0  50.0   0.0    9    301   9469    0    0    0 256.79   70.83   1.22  66.42 118.32  46.05  40.00  51.05  20.00  49.05  56.05 100.00  53.05  47.00  51.00  51.05  2.42 GHz  0.80 GHz  4.04 GHz   N/A     
12:39:33  50.0   0.0   0.0  50.0   0.0    9    241   9019    0    0    0 245.45   65.57   1.22  61.15 117.52  46.05  41.00  67.05  20.00  53.05  57.05 100.00  53.05  47.00  67.00  51.05  1.81 GHz  0.80 GHz  4.10 GHz   N/A     
12:39:34  50.0   0.0   0.1  49.9   0.0    9    269   9056    0    0    0 250.18   68.04   1.22  63.62 117.30  46.05  41.00  67.05  20.00  53.05  57.05 100.00  53.05  47.00  67.00  51.05  1.98 GHz  0.80 GHz  4.02 GHz   N/A     
12:39:35  50.0   0.0   0.0  49.9   0.1    9    297   8839    0    0    0 244.42   64.72   1.22  60.28 118.20  46.05  41.00  83.05  20.00  56.05  56.05 100.00  53.05  47.00  83.00  52.05  2.19 GHz  0.80 GHz  4.00 GHz   N/A     
12:39:36  50.1   0.0   0.1  49.8   0.0    9    687   9507    2    2    2 236.74   61.76   1.23  57.34 116.42  46.05  41.00  83.05  20.00  56.05  56.05  99.00  53.05  47.00  83.00  52.05  2.93 GHz  0.80 GHz  4.00 GHz   N/A     
12:39:37  50.1   0.0   0.0  49.9   0.0    9    277   9410    0    0    0 228.95   58.03   1.23  53.60 116.09  47.05  41.00  99.05  20.00  58.05  57.05 100.00  53.05  47.00  99.00  52.05  1.98 GHz  0.80 GHz  4.00 GHz   N/A     
12:39:38  50.0   0.0   0.0  50.0   0.0    9    273   9330    0    0    0 238.90   63.63   1.22  59.20 114.84  47.05  41.00  99.05  20.00  58.05  57.05 100.00  53.05  47.00  99.00  52.05  1.95 GHz  0.80 GHz  3.90 GHz   N/A     
12:39:39  50.0   0.0   0.1  49.9   0.0    9    328   9227    0    0    0 243.24   66.22   1.22  62.25 113.54  47.05  41.00 100.05  20.00  60.05  57.05 100.00  53.05  47.00 100.00  52.05  1.95 GHz  0.80 GHz  3.90 GHz   N/A     
12:39:40  50.0   0.0   0.0  50.0   0.0    9    314   9151    0    0    0 243.55   67.29   1.22  62.40 112.63  47.05  42.00 100.05  20.00  60.05  57.05 100.00  53.05  48.00 100.00  52.05  2.15 GHz  0.80 GHz  3.91 GHz   N/A     
12:39:41  50.1   0.0   0.1  49.7   0.0    9    781  10062    2    2    2 244.47   68.02   1.23  63.58 111.64  47.05  41.00 100.05  20.00  61.05  56.05 100.00  53.05  47.00 100.00  53.05  2.62 GHz  0.80 GHz  3.90 GHz   N/A     
12:39:42  50.0   0.0   0.1  49.9   0.0    9    295  10074    0    0    0 234.17   63.01   1.22  58.94 111.00  47.05  41.00 100.05  20.00  61.05  56.05 100.00  53.05  48.00 100.00  53.05  1.94 GHz  0.80 GHz  3.90 GHz   N/A     
12:39:43  50.1   0.0   0.0  49.9   0.0    9    290   9639    0    0    0 226.86   59.89   1.22  55.07 110.67  48.05  41.00 100.05  20.00  62.05  57.05 100.00  54.05  47.00 100.00  53.05  2.12 GHz  0.80 GHz  3.85 GHz   N/A     
12:39:44  50.0   0.0   0.1  49.9   0.1    9    257   9547    0    0    0 232.12   62.83   1.22  58.37 109.69  48.05  41.00 100.05  20.00  62.05  57.05 100.00  54.05  47.00 100.00  53.05  2.12 GHz  0.80 GHz  3.85 GHz   N/A     
12:39:45  50.0   0.0   0.0  50.0   0.0    9    251   9191    0    0    0 225.29   59.80   1.22  55.71 108.56  49.05  41.00 100.05  20.00  64.05  56.05 100.00  53.05  47.00 100.00  53.05  2.12 GHz  0.80 GHz  3.80 GHz   N/A     
12:39:46  50.1   0.0   0.1  49.8   0.0    9    695   9377    2    2    2 204.07   49.65   1.23  44.86 108.33  49.05  41.00 100.05  20.00  64.05  56.05  99.00  53.05  48.00 100.00  53.05  2.57 GHz  0.80 GHz  3.80 GHz   N/A     
12:39:47  50.0   0.0   0.1  49.9   0.0    9    309   9218    0    0    0 224.17   59.42   1.22  54.98 108.54  49.05  41.00 100.05  20.00  65.05  57.05  99.00  53.05  47.00 100.00  53.05  1.90 GHz  0.80 GHz  3.79 GHz   N/A     
12:39:48  50.0   0.0   0.0  50.0   0.0    9    267   9171    0    0    0 217.45   56.38   1.22  51.94 107.91  49.05  42.00 100.05  20.00  65.05  57.05  99.00  53.05  47.00 100.00  53.05  1.90 GHz  0.80 GHz  3.77 GHz   N/A     
12:39:49  50.0   0.0   0.1  50.0   0.0    9    233   9224    0    0    0 219.31   57.41   1.22  52.97 107.70  50.05  41.00 100.05  20.00  66.05  56.05 100.00  53.05  47.00 100.00  54.05  2.09 GHz  0.80 GHz  3.80 GHz   N/A     
12:39:50  50.1   0.0   0.0  49.9   0.0    9    256   9302    0    0    0 218.19   56.82   1.22  52.36 107.79  50.05  42.00 100.05  20.00  66.05  56.05 100.00  53.05  47.00 100.00  54.05  1.89 GHz  0.80 GHz  3.74 GHz   N/A     
12:39:51  50.1   0.0   0.1  49.7   0.1    9    709   9724    2    2    2 215.43   55.64   1.23  51.15 107.42  50.05  41.00 100.05  20.00  68.05  57.05 100.00  53.05  47.00 100.00  54.05  2.52 GHz  0.80 GHz  3.70 GHz   N/A     
12:39:52  50.0   0.0   0.1  49.9   0.0    9    250  10033    0    0    0 206.99   52.00   1.22  47.56 106.21  50.05  41.00 100.05  20.00  68.05  57.05 100.00  53.05  47.00 100.00  54.05  1.89 GHz  0.80 GHz  3.70 GHz   N/A     
12:39:53  50.0   0.0   0.0  50.0   0.0    9    264   9709    0    0    0 204.81   51.03   1.22  46.59 105.96  51.05  42.00 100.05  20.00  69.05  57.05 100.00  53.05  47.00 100.00  54.05  1.89 GHz  0.80 GHz  3.70 GHz   N/A     
12:39:54  50.0   0.0   0.0  50.0   0.0    9    239   9056    0    0    0 217.79   57.64   1.22  53.20 105.72  51.05  41.00 100.05  20.00  69.05  57.05 100.00  53.05  47.00 100.00  54.05  1.89 GHz  0.80 GHz  3.70 GHz   N/A     
12:39:55  50.1   0.0   0.1  49.8   0.0    9    303   9286    0    0    0 217.93   57.98   1.23  53.53 105.20  51.05  41.00 100.05  20.00  69.05  56.05 100.00  53.05  47.00 100.00  54.05  1.89 GHz  0.80 GHz  3.70 GHz   N/A     
12:39:56  50.1   0.0   0.1  49.8   0.0    9    681   9672    2    2    2 215.79   56.98   1.23  52.54 105.05  51.05  41.00 100.05  20.00  69.05  56.05 100.00  53.05  47.00 100.00  54.05  2.29 GHz  0.80 GHz  3.71 GHz   N/A     
12:39:57  50.1   0.0   0.0  49.9   0.0    9    259   9139    0    0    0 209.62   53.89   1.22  49.43 105.08  53.05  41.00 100.05  20.00  71.05  57.05 100.00  53.05  47.00 100.00  54.05  1.89 GHz  0.80 GHz  3.70 GHz   N/A     
12:39:58  50.0   0.0   0.1  49.9   0.0    9    257   9151    0    0    0 211.14   54.89   1.22  50.44 104.59  53.05  41.00 100.05  20.00  71.05  57.05 100.00  53.05  47.00 100.00  54.05  2.06 GHz  0.80 GHz  3.70 GHz   N/A     
12:39:59  50.0   0.0   0.0  50.0   0.0    9    278   9067    0    0    0 222.38   60.61   1.22  56.16 104.38  53.05  41.00 100.05  20.00  71.05  56.05 100.00  53.05  47.00 100.00  54.05  1.86 GHz  0.80 GHz  3.60 GHz   N/A     
12:40:00  50.0   0.0   0.0  49.8   0.2    9    347   9209    1    0    0 209.26   53.63   1.22  49.13 105.28  53.05  42.00 100.05  20.00  71.05  56.05 100.00  53.05  47.00 100.00  54.05  1.87 GHz  0.80 GHz  3.70 GHz   N/A     
12:40:01  50.2   0.0   0.3  49.6   0.0    9   1080  10126    5    5    4 208.41   53.58   1.23  49.12 104.48  53.05  40.00 100.05  20.00  72.05  56.05 100.00  54.05  47.00 100.00  54.05  2.52 GHz  0.80 GHz  3.70 GHz   N/A     
12:40:02  50.1   0.0   0.0  49.8   0.1    9    416   9462    2    0    2 212.67   55.88   1.23  51.40 104.16  53.05  41.00 100.05  20.00  72.05  56.05 100.00  54.05  47.00 100.00  54.05  2.05 GHz  0.80 GHz  3.67 GHz   N/A     
12:40:03  50.0   0.0   0.1  50.0   0.0    9    296   9469    0    0    0 199.25   49.57   1.22  45.13 103.32  53.05  40.00 100.05  20.00  72.05  56.05 100.00  54.05  47.00 100.00  54.05  1.86 GHz  0.80 GHz  3.60 GHz   N/A     
12:40:04  50.0   0.0   0.1  49.9   0.0    9    244   9602    0    0    0 206.92   53.58   1.22  49.14 102.97  54.05  41.00 100.05  20.00  73.05  56.05 100.00  53.05  47.00 100.00  54.05  1.86 GHz  0.80 GHz  3.60 GHz   N/A     
12:40:05  50.1   0.0   0.0  49.9   0.0    9    261   9192    0    0    0 205.38   53.02   1.22  48.58 102.55  54.05  41.00 100.05  20.00  73.05  56.05 100.00  53.05  47.00 100.00  54.05  1.87 GHz  0.80 GHz  3.64 GHz   N/A     
12:40:06  50.1   0.0   0.1  49.8   0.1    9    776   9700    3    2    2 209.21   54.83   1.23  50.35 102.79  55.05  42.00 100.05  20.00  73.05  56.05 100.00  54.05  47.00 100.00  54.05  2.75 GHz  0.80 GHz  3.70 GHz   N/A     
12:40:07  50.0   0.0   0.1  49.9   0.0    9    334  10204    0    0    0 206.78   53.66   1.22  49.86 102.03  55.05  41.00 100.05  20.00  73.05  56.05 100.00  54.05  48.00 100.00  54.05  1.86 GHz  0.80 GHz  3.60 GHz   N/A     
12:40:08  50.1   0.0   0.0  49.9   0.0    9    455  10025    0    0    0 201.02   51.79   1.22  46.69 101.31  55.05  42.00 100.05  20.00  74.05  56.05 100.00  53.05  49.00 100.00  54.05  2.05 GHz  0.80 GHz  3.60 GHz   N/A     
12:40:09  50.0   0.0   0.1  49.9   0.0    9    260  10026    0    0    0 209.06   55.75   1.22  51.30 100.79  55.05  41.00 100.05  20.00  74.05  56.05 100.00  53.05  48.00 100.00  54.05  1.86 GHz  0.80 GHz  3.60 GHz   N/A     
12:40:10  50.0   0.0   0.1  49.9   0.1    9    280   8973    0    0    0 194.01   47.93   1.22  43.88 100.98  55.05  41.00 100.05  20.00  74.05  56.05 100.00  53.05  47.00 100.00  55.05  1.86 GHz  0.80 GHz  3.60 GHz   N/A     
12:40:11  50.1   0.0   0.1  49.7   0.0    9    756   9545    2    2    2 187.30   45.00   1.23  40.13 100.94  55.05  41.00 100.05  20.00  74.05  56.05 100.00  53.05  47.00 100.00  55.05  2.72 GHz  0.80 GHz  3.61 GHz   N/A     
12:40:12  50.0   0.0   0.0  50.0   0.0    9    282   9196    0    0    0 210.65   56.63   1.22  52.16 100.64  56.05  40.00 100.05  20.00  75.05  56.05 100.00  53.05  47.00 100.00  55.05  1.86 GHz  0.80 GHz  3.60 GHz   N/A     
12:40:13  50.1   0.0   0.1  49.9   0.0    9    362   8882    0    0    0 203.56   53.03   1.23  49.14 100.17  56.05  41.00 100.05  20.00  75.05  56.05 100.00  53.05  47.00 100.00  55.05  2.64 GHz  0.80 GHz  3.50 GHz   N/A     
  Time    User  Nice   Sys  Idle    IO  Run Ctxt/s  IRQ/s Fork Exec Exit  Watts   pkg-0   dram   core   psys   SEN3 pch_co   B0D4 INT340   SEN2   SEN4 x86_pk   SEN5 iwlwif acpitz   SEN1  CPU Freq  Freq Min  Freq Max  GPU Freq
12:40:14  50.0   0.0   0.1  49.9   0.0    9    266  10185    0    0    0 191.60   47.71   1.22  42.71  99.96  56.05  41.00 100.05  20.00  75.05  56.05 100.00  53.05  47.00 100.00  55.05  1.86 GHz  0.80 GHz  3.60 GHz   N/A     
12:40:15  50.0   0.0   0.0  50.0   0.0    9    304  10027    0    0    1 191.65   47.54   1.22  43.09  99.80  56.05  41.00 100.05  20.00  75.05  56.05 100.00  53.05  47.00 100.00  55.05  2.05 GHz  0.80 GHz  3.60 GHz   N/A     
12:40:16  50.1   0.0   0.1  49.7   0.1    9    676   9841    2    2    2 211.28   57.20   1.23  52.73 100.13  56.05  41.00 100.05  20.00  75.05  56.05 100.00  53.05  47.00 100.00  55.05  2.47 GHz  0.80 GHz  3.60 GHz   N/A     
12:40:17  50.0   0.0   0.1  49.9   0.0    9    324   9449    1    0    0 195.82   49.60   1.23  45.13  99.86  56.05  41.00 100.05  20.00  75.05  56.05 100.00  53.05  48.00 100.00  55.05  3.59 GHz  3.57 GHz  3.60 GHz   N/A     
12:40:18  50.0   0.0   0.1  49.9   0.0    9    249   9273    0    0    0 189.53   46.71   1.22  42.26  99.34  57.05  41.00 100.05  20.00  76.05  56.05 100.00  54.05  47.00 100.00  55.05  2.05 GHz  0.80 GHz  3.60 GHz   N/A     
12:40:19  50.0   0.0   0.0  50.0   0.0    9    259   9326    0    0    0 194.88   49.34   1.22  45.10  99.21  57.05  43.00 100.05  20.00  76.05  56.05 100.00  54.05  47.00 100.00  55.05  1.86 GHz  0.80 GHz  3.60 GHz   N/A     
12:40:20  50.0   0.0   0.1  49.9   0.0    9    264   9317    0    0    0 196.84   50.64   1.22  45.99  98.98  57.05  41.00 100.05  20.00  76.05  56.05 100.00  54.05  47.00 100.00  55.05  1.86 GHz  0.80 GHz  3.60 GHz   N/A     
12:40:21  50.1   0.0   0.1  49.8   0.0    9    659   9705    2    2    3 195.32   49.85   1.23  45.40  98.84  57.05  42.00 100.05  20.00  76.05  56.05 100.00  54.05  47.00 100.00  55.05  2.65 GHz  0.80 GHz  3.50 GHz   N/A     
12:40:22  50.0   0.0   0.1  49.9   0.0    9    278  10244    0    0    0 190.62   47.43   1.22  42.98  99.00  57.05  41.00 100.05  20.00  77.05  56.05 100.00  54.05  47.00 100.00  55.05  1.83 GHz  0.80 GHz  3.50 GHz   N/A     
12:40:23  50.0   0.0   0.0  49.9   0.1    9    311   9884    0    0    0 197.76   51.18   1.22  46.69  98.67  57.05  41.00 100.05  20.00  77.05  56.05 100.00  54.05  47.00 100.00  55.05  1.86 GHz  0.80 GHz  3.60 GHz   N/A     
12:40:24  50.0   0.0   0.1  49.9   0.0    9    258   9438    0    0    0 197.67   51.30   1.22  46.86  98.29  58.05  43.00 100.05  20.00  77.05  56.05 100.00  54.05  47.00 100.00  55.05  1.83 GHz  0.80 GHz  3.57 GHz   N/A     
12:40:25  50.0   0.0   0.0  50.0   0.0    9    253   9615    0    0    0 188.93   46.86   1.22  42.81  98.03  58.05  41.00 100.05  20.00  77.05  56.05 100.00  54.05  47.00 100.00  55.05  1.86 GHz  0.80 GHz  3.60 GHz   N/A     
12:40:26  50.1   0.0   0.2  49.8   0.0    9    657   9394    2    2    2 190.15   48.00   1.23  43.17  97.76  58.05  42.00 100.05  20.00  77.05  56.05 100.00  54.05  47.00 100.00  55.05  2.65 GHz  0.80 GHz  3.50 GHz   N/A     
12:40:27  50.0   0.0   0.1  49.9   0.0    9    367   9265    0    0    1 197.62   51.37   1.22  46.90  98.13  58.05  41.00 100.05  20.00  77.05  56.05 100.00  54.05  48.00 100.00  55.05  1.86 GHz  0.80 GHz  3.60 GHz   N/A     
12:40:28  50.0   0.0   0.0  50.0   0.0    9    267   9052    0    0    0 194.54   49.91   1.22  45.83  97.58  58.05  42.00 100.05  20.00  77.05  56.05 100.00  54.05  47.00 100.00  55.05  2.47 GHz  0.80 GHz  3.60 GHz   N/A     
12:40:29  50.0   0.0   0.1  49.9   0.0    9    278   8978    0    0    0 194.17   50.22   1.22  45.41  97.31  58.05  41.00 100.05  20.00  77.05  56.05 100.00  54.05  47.00 100.00  55.05  1.86 GHz  0.80 GHz  3.60 GHz   N/A     
12:40:30  50.0   0.0   0.0  50.0   0.0    9    247   8903    0    0    0 189.46   47.63   1.22  43.19  97.42  59.05  40.00 100.05  20.00  78.05  56.05 100.00  54.05  47.00 100.00  55.05  1.82 GHz  0.80 GHz  3.60 GHz   N/A     
12:40:31  50.1   0.0   0.2  49.7   0.0    9    865   9356    2    2    2 185.91   45.53   1.23  41.72  97.43  59.05  42.00 100.05  20.00  78.05  56.05 100.00  54.05  47.00 100.00  55.05  2.42 GHz  0.80 GHz  3.51 GHz   N/A     
12:40:32  50.0   0.0   0.1  49.9   0.0    9    292   9152    0    0    0 190.73   48.23   1.22  43.10  98.17  59.05  43.00 100.05  20.00  78.05  56.05 100.00  54.05  47.00 100.00  55.05  1.86 GHz  0.80 GHz  3.60 GHz   N/A     
12:40:33  50.0   0.0   0.0  49.9   0.1    9    245   9135    0    0    0 194.35   50.09   1.22  45.62  97.42  59.05  42.00 100.05  20.00  78.05  56.05 100.00  54.05  47.00 100.00  55.05  2.42 GHz  0.80 GHz  3.55 GHz   N/A     
12:40:34  50.0   0.0   0.1  49.9   0.0    9    262   9449    0    0    0 180.08   42.89   1.22  39.10  96.87  59.05  42.00 100.05  20.00  78.05  56.05 100.00  54.05  47.00 100.00  55.05  1.86 GHz  0.80 GHz  3.59 GHz   N/A     
12:40:35  50.0   0.0   0.0  50.0   0.0    9    322   9234    0    0    0 187.70   47.32   1.22  42.22  96.93  59.05  42.00 100.05  20.00  78.05  56.05 100.00  54.05  47.00 100.00  55.05  1.83 GHz  0.80 GHz  3.50 GHz   N/A     
12:40:36  50.1   0.0   0.2  49.8   0.0    9    674   9540    2    2    2 191.97   49.02   1.23  44.57  97.15  59.05  42.00 100.05  20.00  78.05  56.05 100.00  54.05  47.00 100.00  55.05  2.46 GHz  0.80 GHz  3.59 GHz   N/A     
12:40:37  50.0   0.0   0.0  50.0   0.0    9    259   8736    0    0    0 192.20   49.39   1.22  44.95  96.63  59.05  42.00 100.05  20.00  78.05  56.05 100.00  54.05  47.00 100.00  55.05  1.84 GHz  0.80 GHz  3.52 GHz   N/A     
12:40:38  50.0   0.0   0.1  49.9   0.0    9    276   8930    0    0    0 186.43   46.59   1.22  42.15  96.47  59.05  42.00 100.05  20.00  78.05  56.05 100.00  54.05  47.00 100.00  55.05  1.84 GHz  0.80 GHz  3.51 GHz   N/A     
12:40:39  50.0   0.0   0.1  49.9   0.0    9    311   9538    0    0    0 193.35   50.11   1.22  45.66  96.35  59.05  42.00 100.05  20.00  78.05  56.05 100.00  54.05  47.00 100.00  55.05  1.81 GHz  0.80 GHz  3.50 GHz   N/A     
12:40:40  50.1   0.0   0.0  49.9   0.0    9    282   9029    0    0    0 190.82   48.89   1.22  44.45  96.26  60.05  41.00 100.05  20.00  79.05  56.05 100.00  54.05  47.00 100.00  55.05  1.83 GHz  0.80 GHz  3.50 GHz   N/A     
12:40:41  50.1   0.0   0.1  49.7   0.0    9    805  10086    2    2    2 181.88   44.24   1.23  39.80  96.61  60.05  42.00 100.05  20.00  79.05  56.05 100.00  54.05  47.00 100.00  55.05  3.19 GHz  0.80 GHz  3.50 GHz   N/A     
12:40:42  50.0   0.0   0.1  49.9   0.0    9    257   9415    0    0    0 190.25   48.50   1.22  44.06  96.46  60.05  42.00 100.05  20.00  79.05  56.05 100.00  54.05  47.00 100.00  55.05  2.01 GHz  0.80 GHz  3.50 GHz   N/A     
12:40:43  50.0   0.0   0.1  49.9   0.0    9    264   9394    0    0    0 188.18   47.55   1.22  43.10  96.30  60.05  41.00 100.05  20.00  79.05  56.05 100.00  54.05  47.00 100.00  55.05  1.84 GHz  0.80 GHz  3.50 GHz   N/A     
12:40:44  50.0   0.0   0.0  49.9   0.1    9    268   9365    0    0    0 191.13   48.81   1.22  44.34  96.75  60.05  41.00 100.05  20.00  79.05  57.05 100.00  54.05  47.00 100.00  55.05  1.84 GHz  0.80 GHz  3.50 GHz   N/A     
12:40:45  50.0   0.0   0.1  49.9   0.0    9    314   9103    0    0    0 191.69   49.05   1.22  44.58  96.83  60.05  42.00 100.05  20.00  79.05  57.05 100.00  54.05  48.00 100.00  55.05  1.84 GHz  0.80 GHz  3.50 GHz   N/A     
12:40:46  50.1   0.0   0.1  49.8   0.0    9    731   9735    2    2    2 192.86   49.44   1.23  45.50  96.69  60.05  42.00 100.05  20.00  79.05  56.05 100.00  54.05  48.00 100.00  55.05  2.65 GHz  0.80 GHz  3.50 GHz   N/A     
12:40:47  50.0   0.0   0.1  49.9   0.0    9    280   8915    0    0    0 186.47   46.98   1.22  42.04  96.23  60.05  42.00 100.05  20.00  79.05  56.05 100.00  54.05  48.00 100.00  55.05  1.84 GHz  0.80 GHz  3.51 GHz   N/A     
12:40:48  50.0   0.0   0.1  49.9   0.0    9    292   8967    0    0    0 188.10   47.42   1.23  42.97  96.48  60.05  42.00 100.05  20.00  79.05  57.05 100.00  54.05  48.00 100.00  55.05  1.83 GHz  0.80 GHz  3.50 GHz   N/A     
12:40:49  50.0   0.0   0.1  49.9   0.0    9    255   8901    0    0    0 193.90   50.38   1.22  45.94  96.35  60.05  41.00 100.05  20.00  79.05  57.05 100.00  54.05  48.00 100.00  55.05  1.84 GHz  0.80 GHz  3.50 GHz   N/A     
12:40:50  50.0   0.0   0.0  50.0   0.0    9    266   9343    0    0    0 198.57   52.58   1.22  48.11  96.65  60.05  43.00 100.05  20.00  79.05  57.05 100.00  54.05  47.00 100.00  55.05  1.83 GHz  0.80 GHz  3.50 GHz   N/A     
12:40:51  50.1   0.0   0.2  49.7   0.1    9    597   9491    2    2    2 182.13   44.42   1.23  39.95  96.53  60.05  41.00 100.05  20.00  79.05  57.05 100.00  54.05  47.00 100.00  55.05  2.65 GHz  0.80 GHz  3.51 GHz   N/A     
12:40:52  50.0   0.0   0.1  49.9   0.0    9    261   8866    0    0    0 193.16   50.11   1.22  45.66  96.17  61.05  42.00 100.05  20.00  80.05  56.05 100.00  54.05  47.00 100.00  55.05  1.84 GHz  0.80 GHz  3.50 GHz   N/A     
12:40:53  50.0   0.0   0.0  50.0   0.0    9    307   9290    0    0    0 185.41   46.24   1.22  41.80  96.15  61.05  42.00 100.05  20.00  80.05  56.05 100.00  54.05  47.00 100.00  55.05  1.84 GHz  0.80 GHz  3.50 GHz   N/A     
12:40:54  50.0   0.0   0.1  49.9   0.0    9    251   8928    0    0    0 195.43   51.42   1.22  46.98  95.80  61.05  42.00 100.05  20.00  80.05  56.05 100.00  54.05  47.00 100.00  56.05  1.83 GHz  0.80 GHz  3.50 GHz   N/A     
12:40:55  50.0   0.0   0.0  50.0   0.0    9    297  10152    0    0    0 187.44   47.37   1.22  42.93  95.92  61.05  42.00 100.05  20.00  80.05  56.05 100.00  54.05  47.00 100.00  56.05  2.01 GHz  0.80 GHz  3.50 GHz   N/A     
12:40:56  50.1   0.0   0.1  49.8   0.0    9    676  10359    2    2    2 189.58   48.47   1.23  44.03  95.85  61.05  42.00 100.05  20.00  80.05  57.05 100.00  55.05  47.00 100.00  56.05  2.65 GHz  0.80 GHz  3.50 GHz   N/A     
12:40:57  50.0   0.0   0.1  49.9   0.0    9    240   9829    0    0    0 185.69   46.58   1.22  42.14  95.75  61.05  42.00 100.05  20.00  80.05  57.05 100.00  55.05  47.00 100.00  56.05  1.84 GHz  0.80 GHz  3.50 GHz   N/A     
  Time    User  Nice   Sys  Idle    IO  Run Ctxt/s  IRQ/s Fork Exec Exit  Watts   pkg-0   dram   core   psys   SEN3 pch_co   B0D4 INT340   SEN2   SEN4 x86_pk   SEN5 iwlwif acpitz   SEN1  CPU Freq  Freq Min  Freq Max  GPU Freq
12:40:58  50.1   0.0   0.0  49.9   0.0    9    287   9673    0    0    0 185.87   46.50   1.22  42.03  96.11  61.05  41.00 100.05  20.00  80.05  56.05 100.00  54.05  47.00 100.00  56.05  1.81 GHz  0.80 GHz  3.40 GHz   N/A     
12:40:59  50.0   0.0   0.1  49.9   0.1    9    299   9350    0    0    0 181.30   44.29   1.22  39.82  95.97  61.05  42.00 100.05  20.00  80.05  56.05 100.00  54.05  48.00 100.00  56.05  1.84 GHz  0.80 GHz  3.50 GHz   N/A     
12:41:00  50.0   0.0   0.1  49.9   0.0    9    290   9821    0    0    0 178.91   43.38   1.22  38.93  95.38  61.05  41.00 100.05  20.00  80.05  57.05 100.00  54.05  47.00 100.00  56.05  3.44 GHz  3.40 GHz  3.50 GHz   N/A     
12:41:01  50.1   0.0   0.2  49.7   0.0    9    808   9586    2    2    2 181.71   44.77   1.23  40.32  95.40  61.05  42.00 100.05  20.00  80.05  57.05 100.00  54.05  47.00 100.00  56.05  3.17 GHz  0.80 GHz  3.51 GHz   N/A     
12:41:02  50.1   0.0   0.0  49.9   0.0    9    353  10006    0    0    0 188.41   48.15   1.23  43.69  95.35  61.05  43.00 100.05  20.00  80.05  56.05 100.00  54.05  48.00 100.00  56.05  1.84 GHz  0.80 GHz  3.50 GHz   N/A     
12:41:03  50.0   0.0   0.1  49.9   0.0    9    315   9565    0    0    0 183.69   45.38   1.22  40.88  96.20  61.05  42.00 100.05  20.00  80.05  56.05 100.00  54.05  48.00 100.00  56.05  1.81 GHz  0.80 GHz  3.40 GHz   N/A     
12:41:04  50.0   0.0   0.0  50.0   0.0    9    270   9527    0    0    0 183.47   45.73   1.22  41.29  95.22  62.05  42.00 100.05  20.00  80.05  56.05 100.00  55.05  48.00 100.00  56.05  1.81 GHz  0.80 GHz  3.40 GHz   N/A     
12:41:05  50.0   0.0   0.1  49.9   0.0    9    269   9704    0    0    0 194.11   51.14   1.22  46.70  95.05  62.05  41.00 100.05  20.00  80.05  56.05 100.00  55.05  48.00 100.00  56.05  2.01 GHz  0.80 GHz  3.51 GHz   N/A     
12:41:06  50.1   0.0   0.2  49.7   0.1    9    777  10014    2    2    2 180.01   44.19   1.23  39.72  94.88  61.05  41.00 100.05  20.00  81.05  57.05  99.00  54.05  48.00 100.00  56.05  2.83 GHz  0.80 GHz  3.49 GHz   N/A     
12:41:07  50.0   0.0   0.0  50.0   0.0    9    280   9295    0    0    0 189.96   49.04   1.22  44.60  95.09  61.05  41.00 100.05  20.00  81.05  57.05 100.00  54.05  47.00 100.00  56.05  1.83 GHz  0.80 GHz  3.50 GHz   N/A     
12:41:08  50.0   0.0   0.1  49.9   0.0    9    274   9591    0    0    0 187.57   47.75   1.22  43.30  95.29  62.05  41.00 100.05  20.00  80.05  57.05 100.00  54.05  47.00 100.00  56.05  2.01 GHz  0.80 GHz  3.51 GHz   N/A     
12:41:09  50.1   0.0   0.0  49.9   0.0    9    255   9453    0    0    0 184.35   46.22   1.22  41.77  95.14  62.05  42.00 100.05  20.00  80.05  57.05 100.00  54.05  48.00 100.00  56.05  1.83 GHz  0.80 GHz  3.50 GHz   N/A     
12:41:10  50.0   0.0   0.1  49.9   0.0    9    251   9581    0    0    0 187.75   47.88   1.22  43.43  95.21  62.05  42.00 100.05  20.00  81.05  57.05 100.00  55.05  48.00 100.00  56.05  1.83 GHz  0.80 GHz  3.50 GHz   N/A     
12:41:11  50.1   0.0   0.1  49.8   0.0    9    735   9996    2    2    2 185.04   46.91   1.23  42.46  94.44  62.05  41.00 100.05  20.00  81.05  57.05  99.00  55.05  48.00 100.00  56.05  2.60 GHz  0.80 GHz  3.50 GHz   N/A     
12:41:12  50.0   0.0   0.1  49.9   0.0    9    256  10239    0    0    0 192.15   50.25   1.22  45.80  94.87  62.05  43.00  99.05  20.00  81.05  57.05 100.00  55.05  48.00  99.00  56.05  1.83 GHz  0.80 GHz  3.50 GHz   N/A     
12:41:13  50.1   0.0   0.0  49.9   0.0    9    243  10220    0    0    0 184.05   46.28   1.22  41.83  94.72  62.05  43.00  99.05  20.00  81.05  57.05 100.00  55.05  48.00  99.00  56.05  1.98 GHz  0.80 GHz  3.49 GHz   N/A     
12:41:14  50.0   0.0   0.0  50.0   0.0    9    301  10309    1    0    0 186.10   47.27   1.22  42.83  94.77  62.05  43.00  99.05  20.00  81.05  57.05 100.00  55.05  48.00  99.00  56.05  1.84 GHz  0.80 GHz  3.50 GHz   N/A     
12:41:15  50.0   0.0   0.1  49.9   0.0    9    302  10148    0    0    0 185.62   47.09   1.22  42.65  94.66  62.05  43.00  99.05  20.00  81.05  57.05 100.00  55.05  48.00  99.00  56.05  1.80 GHz  0.80 GHz  3.40 GHz   N/A     
12:41:16  50.2   0.0   0.2  49.6   0.0    9    833   9813    2    2    2 188.18   48.37   1.23  43.90  94.68  62.05  43.00 100.05  20.00  81.05  57.05  99.00  55.05  48.00 100.00  56.05  2.37 GHz  0.80 GHz  3.40 GHz   N/A     
12:41:17  50.0   0.0   0.1  49.8   0.1    9    274   9583    0    0    0 187.99   48.22   1.22  43.75  94.79  62.05  43.00 100.05  20.00  81.05  57.05 100.00  55.05  48.00 100.00  56.05  1.65 GHz  0.80 GHz  3.40 GHz   N/A     
12:41:18  50.0   0.0   0.0  50.0   0.0    9    258   9521    0    0    0 178.64   43.55   1.22  39.08  94.78  62.05  43.00  99.05  20.00  81.05  57.05 100.00  55.05  48.00  99.00  56.05  1.81 GHz  0.80 GHz  3.40 GHz   N/A     
12:41:19  50.1   0.0   0.1  49.9   0.0    9    352   9642    1    0    0 189.40   48.84   1.22  44.37  94.97  62.05  43.00  99.05  20.00  81.05  57.05 100.00  55.05  48.00  99.00  56.05  1.81 GHz  0.80 GHz  3.50 GHz   N/A     
12:41:20  50.0   0.0   0.1  49.9   0.0    9    265   9356    0    0    0 185.54   47.18   1.22  42.74  94.39  62.05  41.00 100.05  20.00  81.05  57.05 100.00  55.05  48.00 100.00  56.05  1.85 GHz  0.80 GHz  3.59 GHz   N/A     
12:41:21  50.1   0.0   0.2  49.8   0.0    9    701   9622    2    2    2 188.49   48.61   1.23  44.17  94.48  62.05  43.00 100.05  20.00  81.05  57.05 100.00  55.05  48.00 100.00  56.05  2.89 GHz  0.80 GHz  3.50 GHz   N/A     
12:41:22  50.0   0.0   0.0  50.0   0.0    9    258   9949    0    0    0 185.44   47.23   1.22  42.79  94.20  62.05  42.00 100.05  20.00  81.05  57.05 100.00  55.05  48.00 100.00  56.05  1.81 GHz  0.80 GHz  3.40 GHz   N/A     
12:41:23  50.0   0.0   0.1  49.9   0.0    9    315  10290    0    0    0 186.00   47.58   1.22  43.13  94.07  62.05  43.00 100.05  20.00  81.05  57.05 100.00  55.05  48.00 100.00  56.05  1.80 GHz  0.80 GHz  3.40 GHz   N/A     
12:41:24  50.0   0.0   0.1  49.8   0.1    9    303  10316    0    0    0 193.10   50.97   1.22  46.50  94.40  62.05  43.00  99.05  20.00  81.05  57.05 100.00  55.05  48.00  99.00  56.05  1.81 GHz  0.80 GHz  3.40 GHz   N/A     
12:41:25  50.0   0.0   0.0  50.0   0.0    9    262   9727    0    0    0 180.26   44.79   1.22  40.35  93.90  62.05  41.00  99.05  20.00  81.05  57.05 100.00  55.05  48.00  99.00  56.05  1.81 GHz  0.80 GHz  3.50 GHz   N/A     
12:41:26  50.1   0.0   0.2  49.7   0.0    9    798  10226    2    2    2 184.61   46.92   1.23  42.48  93.98  62.05  43.00 100.05  20.00  81.05  57.05  99.00  55.05  48.00 100.00  56.05  2.38 GHz  0.80 GHz  3.49 GHz   N/A     
12:41:27  50.0   0.0   0.1  49.9   0.0    9    339   9627    0    0    0 186.17   47.56   1.23  43.12  94.26  62.05  43.00 100.05  20.00  81.05  57.05 100.00  55.05  48.00 100.00  56.05  1.81 GHz  0.80 GHz  3.41 GHz   N/A     
12:41:28  50.1   0.0   0.0  49.9   0.0    9    617   9647    0    0    0 180.61   44.79   1.22  40.34  94.26  62.05  42.00 100.05  20.00  81.05  57.05 100.00  55.05  48.00 100.00  56.05  1.81 GHz  0.80 GHz  3.40 GHz   N/A     
12:41:29  50.0   0.0   0.1  49.9   0.0    9    289   9762    0    0    1 179.97   44.59   1.22  40.15  94.00  62.05  42.00 100.05  20.00  81.05  57.05 100.00  55.05  48.00 100.00  56.05  2.01 GHz  0.80 GHz  3.50 GHz   N/A     
12:41:30  50.0   0.0   0.1  49.9   0.0    9    248   9739    0    0    0 181.86   45.44   1.22  41.00  94.19  63.05  43.00 100.05  20.00  81.05  57.05 100.00  55.05  48.00 100.00  56.05  1.83 GHz  0.80 GHz  3.50 GHz   N/A     
12:41:31  50.1   0.0   0.1  49.8   0.0    9    712  10139    2    2    2 191.25   50.21   1.23  45.76  94.06  63.05  42.00 100.05  20.00  81.05  57.05  99.00  55.05  48.00 100.00  56.05  2.59 GHz  0.80 GHz  3.40 GHz   N/A     
12:41:32  50.1   0.0   0.1  49.9   0.0    9    447   9466    0    0    0 187.56   48.36   1.22  43.91  94.07  62.05  42.00 100.05  20.00  81.05  57.05 100.00  55.05  48.00 100.00  56.05  2.20 GHz  0.80 GHz  3.50 GHz   N/A     
12:41:33  50.0   0.0   0.0  49.9   0.1    9    250   9893    0    0    0 181.83   45.32   1.22  40.85  94.44  62.05  42.00 100.05  20.00  81.05  57.05 100.00  55.05  48.00 100.00  56.05  1.81 GHz  0.80 GHz  3.40 GHz   N/A     
12:41:34  50.1   0.0   0.1  49.9   0.0    9    298   9719    0    0    0 181.48   45.28   1.22  40.83  94.14  62.05  42.00 100.05  20.00  81.05  57.05 100.00  55.05  48.00 100.00  56.05  1.83 GHz  0.80 GHz  3.50 GHz   N/A     
12:41:35  50.0   0.0   0.0  50.0   0.0    9    325   9336    0    0    0 182.94   46.06   1.22  41.61  94.05  62.05  42.00 100.05  20.00  81.05  57.05 100.00  55.05  48.00 100.00  56.05  1.84 GHz  0.80 GHz  3.50 GHz   N/A     
12:41:36  50.1   0.0   0.2  49.8   0.0    9    710   9773    2    2    2 181.10   45.11   1.23  40.66  94.10  63.05  43.00 100.05  20.00  81.05  57.05 100.00  55.05  48.00 100.00  56.05  2.63 GHz  0.80 GHz  3.49 GHz   N/A     
12:41:37  50.0   0.0   0.0  50.0   0.0    9    259   9839    0    0    0 181.08   45.11   1.22  40.64  94.11  63.05  41.00 100.05  20.00  81.05  57.05 100.00  55.05  48.00 100.00  56.05  2.17 GHz  0.80 GHz  3.45 GHz   N/A     
12:41:38  50.1   0.0   0.1  49.9   0.0    9    280   9281    0    0    0 179.35   44.12   1.23  39.65  94.34  63.05  42.00 100.05  20.00  81.05  57.05 100.00  55.05  48.00 100.00  56.05  1.80 GHz  0.80 GHz  3.44 GHz   N/A     
12:41:39  50.0   0.0   0.1  49.9   0.0    9    335   9473    0    0    0 178.65   43.87   1.22  39.39  94.17  63.05  42.00 100.05  20.00  81.05  57.05 100.00  55.05  48.00 100.00  56.05  1.85 GHz  0.80 GHz  3.58 GHz   N/A     
12:41:40  50.0   0.0   0.0  49.9   0.1    9    275   9344    0    0    0 175.96   42.53   1.22  38.06  94.14  63.05  42.00 100.05  20.00  81.05  57.05 100.00  55.05  48.00 100.00  56.05  1.83 GHz  0.80 GHz  3.50 GHz   N/A     
12:41:41  50.1   0.0   0.2  49.8   0.0    9    794   9475    2    2    2 174.72   42.21   1.23  37.76  93.52  63.05  43.00 100.05  20.00  81.05  57.05 100.00  55.05  48.00 100.00  56.05  2.59 GHz  0.80 GHz  3.40 GHz   N/A     
  Time    User  Nice   Sys  Idle    IO  Run Ctxt/s  IRQ/s Fork Exec Exit  Watts   pkg-0   dram   core   psys   SEN3 pch_co   B0D4 INT340   SEN2   SEN4 x86_pk   SEN5 iwlwif acpitz   SEN1  CPU Freq  Freq Min  Freq Max  GPU Freq
12:41:42  50.1   0.0   0.0  49.9   0.0    9    279   9594    0    0    0 184.17   46.82   1.22  42.37  93.75  62.05  43.00 100.05  20.00  81.05  57.05 100.00  55.05  48.00 100.00  56.05  1.84 GHz  0.80 GHz  3.50 GHz   N/A     
12:41:43  50.0   0.0   0.1  50.0   0.0    9    230   9989    0    0    0 178.06   43.66   1.22  39.21  93.97  62.05  41.00 100.05  20.00  81.05  57.05 100.00  55.05  48.00 100.00  56.05  1.81 GHz  0.80 GHz  3.40 GHz   N/A     
12:41:44  50.0   0.0   0.0  50.0   0.0    9    275   9388    0    0    0 180.95   45.21   1.22  40.76  93.75  63.05  42.00 100.05  20.00  81.05  57.05 100.00  55.05  48.00 100.00  56.05  1.81 GHz  0.80 GHz  3.40 GHz   N/A     
12:41:45  50.0   0.0   0.1  49.9   0.0    9    281   9442    0    0    0 182.52   46.02   1.22  41.57  93.70  63.05  43.00 100.05  20.00  81.05  57.05 100.00  55.05  49.00 100.00  56.05  1.98 GHz  0.80 GHz  3.45 GHz   N/A     
12:41:46  50.1   0.0   0.1  49.8   0.0    9    758   9401    2    2    2 180.96   45.21   1.23  40.75  93.77  63.05  43.00 100.05  20.00  81.05  57.05 100.00  55.05  48.00 100.00  56.05  2.16 GHz  0.80 GHz  3.40 GHz   N/A     
12:41:47  50.1   0.0   0.0  49.9   0.1    9    313   9410    0    0    0 178.48   43.98   1.22  39.51  93.77  63.05  42.00 100.05  20.00  81.05  57.05 100.00  55.05  48.00 100.00  56.05  1.98 GHz  0.80 GHz  3.49 GHz   N/A     
12:41:48  50.0   0.0   0.1  49.9   0.0    9    255   9864    0    0    0 177.25   43.69   1.22  39.25  93.09  63.05  43.00 100.05  20.00  81.05  57.05 100.00  55.05  48.00 100.00  56.05  1.81 GHz  0.80 GHz  3.40 GHz   N/A     
12:41:49  50.0   0.0   0.0  50.0   0.0    9    231  10198    0    0    0 178.47   44.16   1.22  39.71  93.38  63.05  42.00 100.05  20.00  81.05  57.05 100.00  55.05  48.00 100.00  56.05  2.01 GHz  0.80 GHz  3.50 GHz   N/A     
12:41:50  50.0   0.0   0.1  50.0   0.0    9    311   9624    0    0    0 173.18   41.44   1.22  36.99  93.52  63.05  41.00 100.05  20.00  81.05  57.05 100.00  55.05  49.00 100.00  56.05  1.98 GHz  0.80 GHz  3.40 GHz   N/A     
12:41:51  50.1   0.0   0.1  49.7   0.0    9    737   9671    2    2    2 177.07   43.47   1.23  39.02  93.36  63.05  41.00 100.05  20.00  81.05  57.05 100.00  55.05  49.00 100.00  56.05  2.19 GHz  0.80 GHz  3.47 GHz   N/A     
12:41:52  50.0   0.0   0.0  50.0   0.0    9    259   9417    0    0    0 181.07   45.27   1.22  40.82  93.76  63.05  43.00 100.05  20.00  81.05  57.05 100.00  55.05  48.00 100.00  56.05  1.81 GHz  0.80 GHz  3.47 GHz   N/A     
12:41:53  50.0   0.0   0.1  49.9   0.0    9    254   9241    0    0    0 177.29   43.53   1.22  39.09  93.45  63.05  42.00 100.05  20.00  81.05  57.05 100.00  55.05  48.00 100.00  56.05  1.98 GHz  0.80 GHz  3.45 GHz   N/A     
12:41:54  50.0   0.0   0.0  50.0   0.0    9    258  10018    0    0    0 183.73   46.97   1.22  42.53  93.01  63.05  43.00 100.05  20.00  81.05  57.05 100.00  55.05  48.00 100.00  56.05  1.81 GHz  0.80 GHz  3.40 GHz   N/A     
12:41:55  50.0   0.0   0.1  49.8   0.1    9    326   9293    0    0    0 178.32   43.98   1.22  39.49  93.62  63.05  42.00 100.05  20.00  81.05  57.05 100.00  55.05  48.00 100.00  56.05  1.81 GHz  0.80 GHz  3.40 GHz   N/A     
12:41:56  50.1   0.0   0.2  49.8   0.0    9    792   9342    2    2    2 178.92   44.54   1.23  40.09  93.06  63.05  42.00 100.05  20.00  81.05  57.05 100.00  55.05  48.00 100.00  56.05  2.35 GHz  0.80 GHz  3.40 GHz   N/A     
12:41:57  50.0   0.0   0.0  50.0   0.0    9    241   9603    0    0    0 175.64   43.07   1.22  38.62  92.74  63.05  42.00 100.05  20.00  81.05  57.05 100.00  55.05  48.00 100.00  56.05  1.81 GHz  0.80 GHz  3.40 GHz   N/A     
12:41:58  50.0   0.0   0.1  49.9   0.0    9    251   9174    0    0    0 177.41   43.88   1.22  39.43  92.88  63.05  41.00 100.05  20.00  81.05  57.05 100.00  55.05  48.00 100.00  56.05  1.81 GHz  0.80 GHz  3.40 GHz   N/A     
12:41:59  50.0   0.0   0.1  49.9   0.0    9    297   9129    0    0    0 177.12   43.65   1.22  39.20  93.05  63.05  41.00 100.05  20.00  81.05  57.05 100.00  55.05  48.00 100.00  56.05  1.81 GHz  0.80 GHz  3.40 GHz   N/A     
12:42:00  50.1   0.0   0.0  49.9   0.1    9    314   9192    0    0    0 185.23   47.36   1.22  42.89  93.76  63.05  43.00 100.05  20.00  81.05  57.05 100.00  55.05  48.00 100.00  56.05  1.81 GHz  0.80 GHz  3.40 GHz   N/A     
12:42:01  50.1   0.0   0.1  49.8   0.0    9    709   9413    2    2    2 181.72   45.84   1.23  41.39  93.26  63.05  43.00 100.05  20.00  81.05  57.05 100.00  55.05  48.00 100.00  56.05  3.11 GHz  0.80 GHz  3.41 GHz   N/A     
12:42:02  50.1   0.0   0.1  49.9   0.0    9    537   9428    0    0    0 179.91   45.08   1.23  40.63  92.97  63.05  42.00 100.05  20.00  82.05  57.05 100.00  55.05  48.00 100.00  56.05  1.83 GHz  0.80 GHz  3.50 GHz   N/A     
12:42:03  50.0   0.0   0.1  49.8   0.1    9    275   8903    0    0    0 176.05   43.04   1.22  38.57  93.22  63.05  43.00 100.05  20.00  82.05  57.05 100.00  55.05  48.00 100.00  56.05  1.81 GHz  0.80 GHz  3.41 GHz   N/A     
12:42:04  50.0   0.0   0.1  49.9   0.0    9    274   9041    0    0    0 176.32   43.13   1.22  38.68  93.29  63.05  43.00 100.05  20.00  82.05  57.05 100.00  55.05  48.00 100.00  56.05  1.83 GHz  0.80 GHz  3.50 GHz   N/A     
12:42:05  50.0   0.0   0.0  50.0   0.0    9    299   9385    0    0    0 184.63   47.27   1.22  42.80  93.33  63.05  43.00 100.05  20.00  82.05  57.05 100.00  55.05  48.00 100.00  56.05  1.81 GHz  0.80 GHz  3.40 GHz   N/A     
12:42:06  50.1   0.0   0.2  49.7   0.1    9    819   9400    2    2    2 177.97   43.79   1.23  39.31  93.65  63.05  43.00 100.05  20.00  81.05  57.05  99.00  55.05  48.00 100.00  56.05  2.16 GHz  0.80 GHz  3.40 GHz   N/A     
12:42:07  50.0   0.0   0.0  50.0   0.0    9    281   9547    0    0    0 179.29   44.58   1.22  40.13  93.35  63.05  41.00 100.05  20.00  81.05  57.05  99.00  55.05  48.00 100.00  56.05  1.81 GHz  0.80 GHz  3.40 GHz   N/A     
12:42:08  50.0   0.0   0.1  49.9   0.0    9    258   9171    0    0    0 176.57   43.28   1.22  38.83  93.24  63.05  42.00 100.05  20.00  82.05  57.05 100.00  55.05  48.00 100.00  56.05  1.81 GHz  0.80 GHz  3.40 GHz   N/A     
12:42:09  50.1   0.0   0.0  49.9   0.0    9    328   9386    0    0    0 175.20   42.60   1.22  38.15  93.23  63.05  43.00 100.05  20.00  82.05  57.05 100.00  55.05  49.00 100.00  56.05  2.01 GHz  0.80 GHz  3.50 GHz   N/A     
12:42:10  50.0   0.0   0.1  50.0   0.0    9    271   9250    0    0    0 182.98   46.32   1.22  41.85  93.58  63.05  43.00 100.05  20.00  82.05  57.05 100.00  55.05  49.00 100.00  56.05  1.98 GHz  0.80 GHz  3.50 GHz   N/A     
12:42:11  50.2   0.0   0.1  49.7   0.0    9    764   9736    2    2    2 181.05   45.54   1.23  41.10  93.18  63.05  42.00 100.05  20.00  82.05  57.05  99.00  55.05  48.00 100.00  56.05  2.34 GHz  0.80 GHz  3.40 GHz   N/A     
12:42:12  50.0   0.0   0.1  49.9   0.0    9    274   9539    0    0    0 187.65   48.68   1.22  44.23  93.52  63.05  43.00 100.05  20.00  81.05  57.05  99.00  55.05  49.00 100.00  56.05  1.81 GHz  0.80 GHz  3.42 GHz   N/A     
12:42:13  50.1   0.0   0.0  49.9   0.1    9    267   8926    0    0    0 180.12   44.87   1.22  40.40  93.62  63.05  42.00 100.05  20.00  81.05  57.05 100.00  55.05  48.00 100.00  56.05  1.98 GHz  0.80 GHz  3.47 GHz   N/A     
12:42:14  50.0   0.0   0.1  49.9   0.0    9    447   9507    0    0    0 184.33   47.11   1.23  42.64  93.35  63.05  41.00 100.05  20.00  82.05  57.05 100.00  55.05  49.00 100.00  56.05  2.37 GHz  0.80 GHz  3.41 GHz   N/A     
12:42:15  50.0   0.0   0.1  49.9   0.0    9    292   9975    0    0    0 179.51   44.95   1.22  40.50  92.84  63.05  42.00 100.05  20.00  82.05  57.05 100.00  55.05  50.00 100.00  56.05  1.81 GHz  0.80 GHz  3.41 GHz   N/A     
12:42:16  50.1   0.0   0.1  49.8   0.0    9    787   9471    2    2    2 173.52   41.66   1.23  37.22  93.41  63.05  42.00 100.05  20.00  82.05  57.05 100.00  55.05  52.00 100.00  56.05  2.59 GHz  0.80 GHz  3.41 GHz   N/A     
12:42:17  50.2   0.0   0.1  49.7   0.0    9   1344  10060    0    0    0 175.36   42.66   1.23  38.22  93.25  63.05  43.00 100.05  20.00  82.05  57.05 100.00  55.05  51.00 100.00  56.05  1.98 GHz  0.80 GHz  3.45 GHz   N/A     
12:42:18  50.0   0.0   0.1  49.9   0.0    9    283   9737    0    0    0 172.58   41.46   1.22  37.01  92.88  63.05  43.00 100.05  20.00  82.05  57.05 100.00  55.05  49.00 100.00  56.05  1.81 GHz  0.80 GHz  3.41 GHz   N/A     
12:42:19  50.0   0.0   0.0  49.9   0.1    9    290   9617    0    0    0 182.31   46.10   1.22  41.62  93.37  63.05  42.00 100.05  20.00  82.05  57.05 100.00  55.05  49.00 100.00  56.05  1.81 GHz  0.80 GHz  3.40 GHz   N/A     
12:42:20  50.0   0.0   0.1  49.9   0.0    9    277   9183    0    0    0 185.96   48.12   1.22  43.67  92.94  63.05  42.00 100.05  20.00  82.05  57.05 100.00  55.05  49.00 100.00  56.05  1.81 GHz  0.80 GHz  3.40 GHz   N/A     
12:42:21  50.1   0.0   0.2  49.7   0.0    9    733   9252    3    2    2 180.37   45.10   1.23  40.63  93.41  63.05  43.00 100.05  20.00  82.05  57.05 100.00  55.05  49.00 100.00  56.05  2.37 GHz  0.80 GHz  3.40 GHz   N/A     
12:42:22  50.0   0.0   0.0  50.0   0.0    9    266   9261    0    0    0 174.55   42.45   1.22  38.00  92.88  63.05  43.00 100.05  20.00  82.05  57.05 100.00  55.05  49.00 100.00  56.05  1.81 GHz  0.80 GHz  3.46 GHz   N/A     
12:42:23  50.0   0.0   0.1  49.9   0.0    9    484   9331    0    0    0 174.09   42.14   1.23  37.69  93.03  63.05  43.00 100.05  20.00  82.05  57.05 100.00  55.05  49.00 100.00  56.05  1.81 GHz  0.80 GHz  3.40 GHz   N/A     
12:42:24  50.0   0.0   0.1  49.9   0.0    9    268   9298    0    0    0 175.69   43.03   1.22  38.58  92.87  63.05  42.00 100.05  20.00  81.05  57.05 100.00  55.05  49.00 100.00  56.05  1.81 GHz  0.80 GHz  3.40 GHz   N/A     
12:42:25  50.1   0.0   0.0  49.9   0.0    9    259   8886    0    0    0 182.46   46.50   1.22  42.06  92.68  63.05  42.00 100.05  20.00  81.05  57.05 100.00  55.05  49.00 100.00  56.05  3.46 GHz  3.40 GHz  3.50 GHz   N/A     
  Time    User  Nice   Sys  Idle    IO  Run Ctxt/s  IRQ/s Fork Exec Exit  Watts   pkg-0   dram   core   psys   SEN3 pch_co   B0D4 INT340   SEN2   SEN4 x86_pk   SEN5 iwlwif acpitz   SEN1  CPU Freq  Freq Min  Freq Max  GPU Freq
12:42:26  50.1   0.0   0.2  49.8   0.0    9    766   9711    2    2    2 178.94   44.54   1.23  40.07  93.11  64.05  43.00 100.05  20.00  82.05  57.05  99.00  55.05  49.00 100.00  56.05  2.58 GHz  0.80 GHz  3.40 GHz   N/A     
12:42:27  50.0   0.0   0.1  49.9   0.1    9    296   9790    0    0    0 184.69   47.24   1.22  42.77  93.45  64.05  43.00 100.05  20.00  82.05  57.05 100.00  55.05  49.00 100.00  56.05  1.98 GHz  0.80 GHz  3.42 GHz   N/A     
12:42:28  50.0   0.0   0.0  50.0   0.0    9    260   9453    0    0    0 181.42   45.93   1.22  41.48  92.79  63.05  42.00 100.05  20.00  82.05  57.05 100.00  55.05  49.00 100.00  56.05  1.81 GHz  0.80 GHz  3.40 GHz   N/A     
12:42:29  50.0   0.0   0.1  49.9   0.0    9    257   9506    0    0    0 186.58   48.69   1.22  44.24  92.42  63.05  42.00 100.05  20.00  82.05  57.05 100.00  55.05  49.00 100.00  56.05  1.81 GHz  0.80 GHz  3.40 GHz   N/A     
12:42:30  50.0   0.0   0.1  49.9   0.0    9    270   8918    0    0    0 176.62   43.80   1.22  39.35  92.26  63.05  42.00 100.05  20.00  82.05  57.05 100.00  56.05  49.00 100.00  56.05  1.81 GHz  0.80 GHz  3.40 GHz   N/A     
12:42:31  50.0   0.0   0.1  49.8   0.0    9    738   9153    2    2    3 184.74   47.55   1.23  43.07  92.89  63.05  43.00 100.05  20.00  82.05  57.05 100.00  56.05  49.00 100.00  56.05  2.59 GHz  0.80 GHz  3.40 GHz   N/A     
12:42:32  50.1   0.0   0.1  49.9   0.0    9    485   9922    0    0    1 186.61   48.57   1.22  44.12  92.69  63.05  42.00 100.05  20.00  82.05  57.05 100.00  56.05  49.00 100.00  56.05  1.84 GHz  0.80 GHz  3.50 GHz   N/A     
12:42:33  50.0   0.0   0.1  50.0   0.0    9    246   9310    0    0    0 176.54   43.56   1.22  39.11  92.64  64.05  41.00 100.05  20.00  82.05  57.05 100.00  56.05  49.00 100.00  56.05  1.98 GHz  0.80 GHz  3.45 GHz   N/A     
12:42:34  50.0   0.0   0.0  50.0   0.0    9    262   8914    0    0    0 177.31   44.05   1.22  39.61  92.43  64.05  42.00 100.05  20.00  82.05  57.05 100.00  56.05  49.00 100.00  56.05  1.82 GHz  0.80 GHz  3.45 GHz   N/A     
12:42:35  50.0   0.0   0.0  50.0   0.0    9    303   9223    0    0    0 174.05   42.49   1.22  38.05  92.29  63.05  42.00 100.05  20.00  82.05  57.05 100.00  55.05  49.00 100.00  56.05  1.81 GHz  0.80 GHz  3.40 GHz   N/A     
12:42:36  50.0   0.0   0.2  49.8   0.0    9    834   9982    2    2    2 178.84   44.53   1.23  40.06  93.03  63.05  43.00 100.05  20.00  82.05  57.05 100.00  55.05  49.00 100.00  56.05  2.37 GHz  0.80 GHz  3.40 GHz   N/A     
12:42:37  50.0   0.0   0.1  49.9   0.1    9    253   9341    0    0    0 177.58   43.96   1.22  39.49  92.90  63.05  42.00 100.05  20.00  82.05  57.05 100.00  56.05  49.00 100.00  56.05  1.81 GHz  0.80 GHz  3.40 GHz   N/A     
12:42:38  50.0   0.0   0.0  50.0   0.0    9    260   9100    0    0    0 180.37   45.41   1.22  40.96  92.77  63.05  42.00 100.05  20.00  82.05  57.05 100.00  56.05  49.00 100.00  56.05  1.81 GHz  0.80 GHz  3.40 GHz   N/A     
12:42:39  50.0   0.0   0.1  50.0   0.0    9    317   9748    0    0    0 188.08   49.08   1.22  45.19  92.59  63.05  42.00 100.05  20.00  82.05  57.05 100.00  56.05  49.00 100.00  56.05  1.81 GHz  0.80 GHz  3.40 GHz   N/A     
12:42:40  50.0   0.0   0.0  50.0   0.0    9    281   9481    0    0    0 188.93   49.99   1.22  44.98  92.74  63.05  42.00 100.05  20.00  82.05  57.05 100.00  56.05  49.00 100.00  56.05  2.01 GHz  0.80 GHz  3.50 GHz   N/A     
12:42:41  50.1   0.0   0.2  49.8   0.0    9    822  10176    2    2    2 181.77   46.15   1.23  41.70  92.69  63.05  43.00 100.05  20.00  82.05  57.05 100.00  56.05  49.00 100.00  56.05  2.59 GHz  0.80 GHz  3.40 GHz   N/A     
12:42:42  50.0   0.0   0.0  50.0   0.0    9    256   9493    0    0    0 175.18   43.01   1.22  38.56  92.38  63.05  44.00 100.05  20.00  82.05  57.05 100.00  56.05  49.00 100.00  56.05  1.81 GHz  0.80 GHz  3.40 GHz   N/A     
12:42:43  50.0   0.0   0.0  50.0   0.0    9    320  10138    1    0    0 176.28   43.52   1.22  39.07  92.46  63.05  42.00 100.05  20.00  82.05  57.05 100.00  56.05  49.00 100.00  56.05  1.81 GHz  0.80 GHz  3.40 GHz   N/A     
12:42:44  50.1   0.0   0.1  49.7   0.2    9    398   9713    0    0    0 190.43   50.24   1.23  45.74  93.23  63.05  42.00 100.05  20.00  82.05  57.05 100.00  56.05  49.00 100.00  56.05  1.98 GHz  0.80 GHz  3.40 GHz   N/A     
12:42:45  50.0   0.0   0.1  49.9   0.0    9    311   9598    0    0    0 168.98   39.93   1.22  35.48  92.34  64.05  43.00 100.05  20.00  82.05  57.05 100.00  55.05  51.00 100.00  56.05  1.81 GHz  0.80 GHz  3.40 GHz   N/A     
12:42:46  50.1   0.0   0.1  49.8   0.0    9    810   9998    2    2    2 180.09   45.46   1.23  41.01  92.40  64.05  43.00 100.05  20.00  82.05  57.05 100.00  55.05  49.00 100.00  56.05  2.59 GHz  0.80 GHz  3.40 GHz   N/A     
12:42:47  50.0   0.0   0.1  49.9   0.0    9    293   9452    0    0    0 183.51   47.30   1.22  42.85  92.14  64.05  42.00 100.05  20.00  82.05  57.05 100.00  56.05  49.00 100.00  56.05  1.65 GHz  0.80 GHz  3.40 GHz   N/A     
12:42:48  50.0   0.0   0.1  49.9   0.0    9    269   9159    0    0    0 183.91   47.38   1.22  42.93  92.38  64.05  43.00 100.05  20.00  82.05  57.05 100.00  56.05  49.00 100.00  56.05  1.81 GHz  0.80 GHz  3.40 GHz   N/A     
12:42:49  50.0   0.0   0.0  50.0   0.0    9    276   9173    0    0    0 177.69   43.85   1.22  39.35  93.27  63.05  43.00 100.05  20.00  82.05  57.05 100.00  56.05  49.00 100.00  56.05  1.81 GHz  0.80 GHz  3.41 GHz   N/A     
12:42:50  50.0   0.0   0.1  49.9   0.0    9    270   9295    0    0    0 179.22   45.07   1.22  40.62  92.30  63.05  43.00 100.05  20.00  82.05  57.05 100.00  56.05  49.00 100.00  56.05  1.81 GHz  0.80 GHz  3.40 GHz   N/A     
12:42:51  50.1   0.0   0.1  49.8   0.0    9    704   9333    2    2    2 179.95   45.48   1.23  41.03  92.21  63.05  43.00 100.05  20.00  82.05  57.05  99.00  56.05  49.00 100.00  56.05  2.57 GHz  0.80 GHz  3.41 GHz   N/A     
12:42:52  50.0   0.0   0.1  49.9   0.0    9    319   9519    0    0    0 178.78   44.72   1.22  40.30  92.53  63.05  43.00 100.05  20.00  82.05  57.05 100.00  56.05  49.00 100.00  56.05  1.81 GHz  0.80 GHz  3.44 GHz   N/A     
12:42:53  50.0   0.0   0.1  49.9   0.0    9    269   9299    0    0    0 177.81   44.35   1.22  39.87  92.37  64.05  43.00 100.05  20.00  82.05  57.05 100.00  56.05  49.00 100.00  56.05  2.16 GHz  0.80 GHz  3.40 GHz   N/A     
12:42:54  50.0   0.0   0.0  50.0   0.0    9    260   9029    0    0    0 182.73   46.78   1.22  42.33  92.39  64.05  43.00 100.05  20.00  82.05  57.05 100.00  56.05  49.00 100.00  56.05  1.83 GHz  0.80 GHz  3.50 GHz   N/A     
12:42:55  50.1   0.0   0.1  49.9   0.0    9    271   8888    0    0    0 182.00   46.25   1.22  41.80  92.72  64.05  42.00 100.05  20.00  82.05  57.05 100.00  56.05  49.00 100.00  56.05  1.65 GHz  0.80 GHz  3.40 GHz   N/A     
12:42:56  50.1   0.0   0.1  49.8   0.0    9    772   9755    2    2    2 181.02   46.14   1.23  41.69  91.97  64.05  43.00 100.05  20.00  82.05  57.05  99.00  56.05  49.00 100.00  56.05  2.61 GHz  0.80 GHz  3.46 GHz   N/A     
12:42:57  50.0   0.0   0.1  49.9   0.0    9    259  10066    0    0    0 173.63   42.10   1.22  37.63  92.68  64.05  43.00 100.05  20.00  82.05  57.05 100.00  56.05  49.00 100.00  56.05  1.98 GHz  0.80 GHz  3.40 GHz   N/A     
12:42:58  50.0   0.0   0.0  49.9   0.1    9    314   9401    0    0    0 187.59   49.08   1.22  44.61  92.67  64.05  42.00 100.05  20.00  82.05  57.05 100.00  56.05  49.00 100.00  56.05  1.81 GHz  0.80 GHz  3.40 GHz   N/A     
12:42:59  50.2   0.0   0.1  49.7   0.1    9    916  10131    0    0    0 178.66   44.54   1.23  40.08  92.81  64.05  43.00 100.05  20.00  82.05  57.05 100.00  56.05  49.00 100.00  56.05  1.81 GHz  0.80 GHz  3.40 GHz   N/A     
12:43:00  50.1   0.0   0.1  49.8   0.1    9    493   9686    0    0    0 181.64   45.61   1.23  41.09  93.72  64.05  43.00 100.05  20.00  82.05  57.05 100.00  56.05  51.00 100.00  56.05  1.81 GHz  0.80 GHz  3.40 GHz   N/A     
12:43:01  50.2   0.0   0.2  49.7   0.0    9    963  10019    2    2    2 176.91   43.67   1.23  39.22  92.79  64.05  43.00 100.05  20.00  82.05  57.05 100.00  55.05  51.00 100.00  56.05  2.37 GHz  0.80 GHz  3.40 GHz   N/A     
12:43:02  50.2   0.0   0.1  49.7   0.0    9    832   9479    0    0    0 175.41   42.88   1.23  38.42  92.88  64.05  43.00 100.05  20.00  82.05  57.05 100.00  55.05  51.00 100.00  56.05  2.37 GHz  0.80 GHz  3.41 GHz   N/A     
12:43:03  50.3   0.0   0.1  49.5   0.1    9   2770  11106    0    0    0 187.38   48.44   1.23  43.96  93.75  64.05  43.00 100.05  20.00  82.05  57.05 100.00  56.05  52.00 100.00  56.05  2.59 GHz  0.80 GHz  3.40 GHz   N/A     
12:43:04  50.2   0.0   0.1  49.8   0.0    9   1232   9510    0    0    0 181.30   45.78   1.22  41.33  92.96  64.05  43.00 100.05  20.00  82.05  57.05 100.00  56.05  53.00 100.00  56.05  1.81 GHz  0.80 GHz  3.40 GHz   N/A     
12:43:05  50.0   0.0   0.0  50.0   0.0    9    288   9034    0    0    1 180.39   45.46   1.22  41.02  92.68  64.05  43.00 100.05  20.00  82.05  57.05 100.00  56.05  50.00 100.00  56.05  1.98 GHz  0.80 GHz  3.45 GHz   N/A     
12:43:06  50.0   0.0   0.2  49.8   0.0    9    703   9620    2    2    2 177.96   44.48   1.23  40.03  92.22  64.05  43.00 100.05  20.00  82.05  57.05  99.00  56.05  49.00 100.00  56.05  2.58 GHz  0.80 GHz  3.40 GHz   N/A     
12:43:07  50.1   0.0   0.0  49.9   0.0    9    303   8830    0    0    0 182.82   46.54   1.22  42.06  93.00  64.05  43.00 100.05  20.00  82.05  57.05 100.00  56.05  49.00 100.00  56.05  1.81 GHz  0.80 GHz  3.40 GHz   N/A     
12:43:08  50.0   0.0   0.1  49.9   0.0    9    248   9946    0    0    0 177.40   43.87   1.22  39.56  92.75  64.05  43.00 100.05  20.00  82.05  57.05 100.00  56.05  49.00 100.00  56.05  3.41 GHz  3.40 GHz  3.44 GHz   N/A     
12:43:09  50.0   0.0   0.0  49.9   0.1    9    225   9012    0    0    0 180.77   45.66   1.22  41.02  92.87  64.05  43.00 100.05  20.00  82.05  57.05 100.00  56.05  49.00 100.00  56.05  1.98 GHz  0.80 GHz  3.40 GHz   N/A     
  Time    User  Nice   Sys  Idle    IO  Run Ctxt/s  IRQ/s Fork Exec Exit  Watts   pkg-0   dram   core   psys   SEN3 pch_co   B0D4 INT340   SEN2   SEN4 x86_pk   SEN5 iwlwif acpitz   SEN1  CPU Freq  Freq Min  Freq Max  GPU Freq
12:43:10  50.0   0.0   0.1  50.0   0.0    9    259   8860    0    0    0 173.28   42.12   1.22  37.67  92.26  64.05  43.00 100.05  20.00  82.05  57.05 100.00  56.05  49.00 100.00  56.05  1.81 GHz  0.80 GHz  3.40 GHz   N/A     
12:43:11  50.1   0.0   0.1  49.8   0.0    9    716   9110    2    2    2 182.81   46.66   1.23  42.56  92.36  64.05  43.00 100.05  20.00  82.05  57.05 100.00  56.05  49.00 100.00  56.05  2.36 GHz  0.80 GHz  3.40 GHz   N/A     
12:43:12  50.0   0.0   0.0  50.0   0.0    9    279   8815    0    0    0 173.66   42.44   1.22  37.64  92.35  64.05  43.00 100.05  20.00  82.05  57.05 100.00  56.05  49.00 100.00  56.05  1.81 GHz  0.80 GHz  3.40 GHz   N/A     
12:43:13  50.0   0.0   0.1  49.9   0.0    9    231   8818    0    0    0 182.25   46.65   1.22  42.20  92.16  63.05  43.00 100.05  20.00  82.05  57.05 100.00  56.05  49.00 100.00  56.05  1.98 GHz  0.80 GHz  3.40 GHz   N/A     
12:43:14  50.0   0.0   0.0  50.0   0.0    9    272   9120    0    0    0 177.64   44.33   1.22  39.90  92.19  63.05  43.00 100.05  20.00  82.05  57.05 100.00  56.05  49.00 100.00  56.05  1.81 GHz  0.80 GHz  3.40 GHz   N/A     
12:43:15  50.0   0.0   0.1  49.9   0.1    9    308   9358    0    0    0 174.47   42.62   1.22  38.13  92.50  64.05  44.00 100.05  20.00  82.05  57.05 100.00  56.05  49.00 100.00  57.05  1.81 GHz  0.80 GHz  3.40 GHz   N/A     
12:43:16  50.2   0.0   0.2  49.6   0.0    9    915   9753    2    2    2 177.23   44.23   1.23  39.78  91.98  64.05  43.00 100.05  20.00  82.05  57.05  99.00  56.05  49.00 100.00  57.05  3.02 GHz  0.80 GHz  3.40 GHz   N/A     
12:43:17  50.1   0.0   0.0  49.9   0.0    9    263   9590    0    0    0 181.73   46.48   1.22  42.03  92.01  64.05  44.00 100.05  20.00  82.05  57.05 100.00  56.05  49.00 100.00  56.05  1.80 GHz  0.80 GHz  3.40 GHz   N/A     
12:43:18  50.0   0.0   0.1  49.9   0.0    9    306   9450    0    0    0 177.08   44.08   1.22  39.63  92.14  64.05  43.00 100.05  20.00  82.05  57.05 100.00  56.05  49.00 100.00  56.05  1.98 GHz  0.80 GHz  3.40 GHz   N/A     
12:43:19  50.0   0.0   0.0  50.0   0.0    9    276  10103    0    0    0 175.30   43.17   1.22  38.72  92.18  64.05  42.00 100.05  20.00  82.05  57.05 100.00  56.05  49.00 100.00  56.05  1.97 GHz  0.80 GHz  3.40 GHz   N/A     
12:43:20  50.0   0.0   0.1  49.9   0.0    9    304   9788    0    0    0 174.45   42.49   1.22  38.03  92.70  64.05  43.00 100.05  20.00  82.05  57.05 100.00  56.05  49.00 100.00  56.05  1.80 GHz  0.80 GHz  3.40 GHz   N/A     
12:43:21  50.1   0.0   0.1  49.8   0.0    9    678   9644    2    2    2 175.43   43.43   1.23  38.94  91.84  64.05  43.00 100.05  20.00  82.05  57.05  99.00  56.05  49.00 100.00  56.05  2.35 GHz  0.80 GHz  3.40 GHz   N/A     
12:43:22  50.0   0.0   0.1  49.9   0.0    9    262   9640    0    0    0 175.92   43.58   1.22  39.13  91.98  64.05  43.00 100.05  20.00  82.05  57.05 100.00  56.05  49.00 100.00  56.05  1.81 GHz  0.80 GHz  3.40 GHz   N/A     
12:43:23  50.1   0.0   0.0  49.9   0.0    9    339   9379    1    0    0 179.39   44.94   1.22  40.90  92.32  63.05  44.00 100.05  20.00  82.05  57.05 100.00  56.05  49.00 100.00  56.05  1.78 GHz  0.80 GHz  3.40 GHz   N/A     
12:43:24  50.0   0.0   0.1  49.8   0.1    9    286   9432    0    0    0 182.60   47.06   1.22  42.16  92.15  63.05  43.00 100.05  20.00  82.05  57.05 100.00  56.05  49.00 100.00  56.05  1.78 GHz  0.80 GHz  3.31 GHz   N/A     
12:43:25  50.0   0.0   0.1  49.9   0.0    9    257   9750    0    0    0 171.50   41.47   1.22  37.02  91.79  64.05  43.00 100.05  20.00  82.05  57.05 100.00  56.05  49.00 100.00  56.05  1.81 GHz  0.80 GHz  3.40 GHz   N/A     
12:43:26  50.1   0.0   0.1  49.8   0.0    9    739   9706    2    2    2 179.06   45.27   1.23  40.82  91.75  64.05  43.00 100.05  20.00  82.05  57.05 100.00  56.05  49.00 100.00  56.05  2.12 GHz  0.80 GHz  3.45 GHz   N/A     
12:43:27  50.0   0.0   0.1  49.9   0.0    9    261   9487    0    0    0 184.58   48.10   1.22  43.65  91.60  64.05  41.00 100.05  20.00  82.05  57.05 100.00  56.05  49.00 100.00  57.05  1.81 GHz  0.80 GHz  3.40 GHz   N/A     
12:43:28  50.0   0.0   0.1  49.9   0.0    9    280   9445    0    0    0 181.65   46.37   1.22  41.90  92.15  64.05  43.00 100.05  20.00  82.05  57.05 100.00  56.05  49.00 100.00  57.05  1.81 GHz  0.80 GHz  3.40 GHz   N/A     
12:43:29  50.0   0.0   0.0  50.0   0.0    9    263   9664    0    0    0 175.29   43.38   1.22  38.94  91.75  64.05  43.00 100.05  20.00  82.05  57.05 100.00  56.05  49.00 100.00  57.05  1.98 GHz  0.80 GHz  3.49 GHz   N/A     
12:43:30  50.0   0.0   0.1  49.9   0.1    9    285   9753    0    0    0 172.89   42.03   1.22  37.56  92.08  64.05  42.00 100.05  20.00  82.05  57.05 100.00  56.05  49.00 100.00  57.05  1.78 GHz  0.80 GHz  3.40 GHz   N/A     
12:43:31  50.1   0.0   0.1  49.8   0.0    9    732   9659    2    2    2 182.52   46.90   1.23  42.45  91.94  64.05  42.00 100.05  20.00  82.05  57.05 100.00  56.05  49.00 100.00  57.05  2.37 GHz  0.80 GHz  3.40 GHz   N/A     
12:43:32  50.1   0.0   0.1  49.9   0.0    9    441  10261    0    0    0 183.31   47.30   1.22  42.85  91.93  64.05  43.00 100.05  20.00  82.05  57.05 100.00  56.05  49.00 100.00  57.05  2.16 GHz  0.80 GHz  3.40 GHz   N/A     
12:43:33  50.0   0.0   0.1  49.9   0.0    9    270  10240    0    0    1 179.92   45.61   1.22  41.16  91.92  64.05  43.00 100.05  20.00  82.05  57.05 100.00  56.05  49.00 100.00  56.05  1.98 GHz  0.80 GHz  3.41 GHz   N/A     
12:43:34  50.0   0.0   0.0  50.0   0.0    9    278   9229    0    0    0 177.96   44.60   1.22  40.16  91.98  64.05  42.00 100.05  20.00  82.05  57.05 100.00  56.05  49.00 100.00  56.05  1.80 GHz  0.80 GHz  3.40 GHz   N/A     
12:43:35  50.0   0.0   0.1  49.9   0.0    9    306   9758    0    0    0 178.57   44.83   1.22  40.38  92.13  64.05  43.00 100.05  20.00  82.05  57.05 100.00  56.05  49.00 100.00  57.05  1.81 GHz  0.80 GHz  3.40 GHz   N/A     
12:43:36  50.1   0.0   0.2  49.7   0.0    9    798  10401    2    2    2 181.90   46.49   1.23  42.04  92.14  64.05  43.00 100.05  20.00  82.05  57.05 100.00  56.05  49.00 100.00  57.05  2.83 GHz  0.80 GHz  3.40 GHz   N/A     
12:43:37  50.0   0.0   0.0  50.0   0.0    9    259   9459    0    0    0 174.74   42.94   1.22  38.49  92.09  64.05  42.00 100.05  20.00  82.05  57.05 100.00  56.05  49.00 100.00  57.05  1.98 GHz  0.80 GHz  3.40 GHz   N/A     
12:43:38  50.1   0.0   0.1  49.8   0.1    9    306   9792    0    0    0 177.18   43.87   1.22  39.38  92.71  64.05  44.00 100.05  20.00  82.05  57.05 100.00  56.05  49.00 100.00  57.05  1.81 GHz  0.80 GHz  3.40 GHz   N/A     
12:43:39  50.0   0.0   0.0  50.0   0.0    9    318   9019    0    0    0 178.47   44.80   1.22  40.34  92.11  64.05  43.00 100.05  20.00  82.05  57.05 100.00  56.05  49.00 100.00  57.05  1.97 GHz  0.80 GHz  3.40 GHz   N/A     
12:43:40  50.0   0.0   0.1  49.9   0.0    9    274   8888    0    0    0 176.52   43.87   1.22  39.42  92.00  64.05  43.00 100.05  20.00  82.05  57.05 100.00  56.05  49.00 100.00  57.05  1.65 GHz  0.80 GHz  3.40 GHz   N/A     
12:43:41  50.1   0.0   0.1  49.7   0.0    9    760   9351    2    2    2 175.74   43.40   1.23  38.95  92.18  64.05  44.00 100.05  20.00  82.05  57.05 100.00  56.05  49.00 100.00  57.05  2.53 GHz  0.80 GHz  3.32 GHz   N/A     
12:43:42  50.0   0.0   0.1  49.9   0.0    9    271   8953    0    0    0 172.69   41.81   1.22  37.34  92.31  64.05  43.00 100.05  20.00  82.05  57.05 100.00  56.05  49.00 100.00  57.05  1.81 GHz  0.80 GHz  3.40 GHz   N/A     
12:43:43  50.0   0.0   0.0  50.0   0.0    9    278   9147    0    0    0 184.86   48.12   1.22  43.67  91.84  64.05  43.00 100.05  20.00  82.05  57.05 100.00  56.05  49.00 100.00  57.05  1.98 GHz  0.80 GHz  3.40 GHz   N/A     
12:43:44  50.0   0.0   0.1  49.9   0.0    9    264   9013    0    0    0 177.12   44.14   1.22  39.67  92.09  64.05  43.00 100.05  20.00  82.05  57.05 100.00  56.05  49.00 100.00  57.05  1.80 GHz  0.80 GHz  3.38 GHz   N/A     
12:43:45  50.1   0.0   0.0  49.9   0.1    9    355   9071    0    0    0 171.87   41.24   1.22  37.25  92.16  64.05  42.00 100.05  20.00  82.05  57.05 100.00  56.05  49.00 100.00  57.05  1.98 GHz  0.80 GHz  3.41 GHz   N/A     
12:43:46  50.1   0.0   0.1  49.8   0.0    9    857   9746    2    2    2 183.76   47.69   1.23  42.75  92.09  64.05  43.00 100.05  20.00  82.05  57.05 100.00  56.05  49.00 100.00  57.05  2.59 GHz  0.80 GHz  3.41 GHz   N/A     
12:43:47  50.0   0.0   0.1  49.9   0.0    9    352   9853    0    0    0 177.83   44.68   1.22  40.23  91.69  64.05  44.00 100.05  20.00  82.05  57.05 100.00  56.05  51.00 100.00  57.05  1.80 GHz  0.80 GHz  3.40 GHz   N/A     
12:43:48  50.0   0.0   0.1  49.9   0.0    9    246   9526    0    0    0 170.91   41.25   1.22  36.80  91.64  64.05  43.00 100.05  20.00  82.05  57.05 100.00  56.05  49.00 100.00  57.05  1.78 GHz  0.80 GHz  3.40 GHz   N/A     
12:43:49  50.0   0.0   0.0  50.0   0.0    9    254   9932    0    0    0 170.28   40.88   1.22  36.43  91.75  64.05  43.00 100.05  20.00  82.05  57.05 100.00  56.05  49.00 100.00  57.05  1.81 GHz  0.80 GHz  3.41 GHz   N/A     
12:43:50  50.0   0.0   0.1  49.9   0.0    9    257   9506    0    0    0 178.40   44.69   1.22  40.22  92.26  64.05  44.00 100.05  20.00  82.05  57.05 100.00  56.05  49.00 100.00  57.05  1.80 GHz  0.80 GHz  3.40 GHz   N/A     
12:43:51  50.1   0.0   0.1  49.7   0.1    9    697   9502    2    2    2 174.72   42.67   1.23  38.39  92.42  64.05  43.00 100.05  20.00  82.05  57.05 100.00  56.05  49.00 100.00  57.05  2.53 GHz  0.80 GHz  3.30 GHz   N/A     
12:43:52  50.0   0.0   0.1  49.9   0.0    9    257   9270    0    0    0 185.88   48.60   1.22  43.96  92.10  64.05  44.00 100.05  20.00  82.05  57.05 100.00  56.05  49.00 100.00  57.05  1.78 GHz  0.80 GHz  3.34 GHz   N/A     
12:43:53  50.0   0.0   0.0  50.0   0.0    9    258   9052    0    0    0 174.04   42.59   1.22  38.14  92.09  64.05  43.00 100.05  20.00  82.05  57.05 100.00  56.05  49.00 100.00  57.05  1.81 GHz  0.80 GHz  3.40 GHz   N/A     
  Time    User  Nice   Sys  Idle    IO  Run Ctxt/s  IRQ/s Fork Exec Exit  Watts   pkg-0   dram   core   psys   SEN3 pch_co   B0D4 INT340   SEN2   SEN4 x86_pk   SEN5 iwlwif acpitz   SEN1  CPU Freq  Freq Min  Freq Max  GPU Freq
12:43:54  50.0   0.0   0.1  49.9   0.0    9    302   9590    0    0    0 177.50   44.04   1.22  39.88  92.36  64.05  44.00 100.05  20.00  82.05  57.05 100.00  56.05  49.00 100.00  57.05  1.81 GHz  0.80 GHz  3.40 GHz   N/A     
12:43:55  50.0   0.0   0.0  50.0   0.0    9    285   8865    0    0    0 178.73   45.01   1.22  40.25  92.24  64.05  44.00 100.05  20.00  82.05  57.05 100.00  56.05  49.00 100.00  57.05  1.98 GHz  0.80 GHz  3.40 GHz   N/A     
12:43:56  50.1   0.0   0.1  49.8   0.0    9    782   9276    2    2    2 178.21   44.60   1.23  40.15  92.23  64.05  43.00 100.05  20.00  82.05  57.05 100.00  56.05  49.00 100.00  57.05  2.83 GHz  0.80 GHz  3.41 GHz   N/A     
12:43:57  50.0   0.0   0.1  49.9   0.0    9    249   9177    0    0    0 178.87   45.04   1.22  40.59  92.00  64.05  43.00 100.05  20.00  82.05  57.05 100.00  56.05  49.00 100.00  57.05  1.81 GHz  0.80 GHz  3.40 GHz   N/A     
12:43:58  50.0   0.0   0.0  50.0   0.0    9    258   8752    0    0    0 178.84   45.09   1.22  40.64  91.88  64.05  43.00 100.05  20.00  82.05  57.05 100.00  56.05  49.00 100.00  57.05  1.62 GHz  0.80 GHz  3.30 GHz   N/A     
12:43:59  50.0   0.0   0.1  49.9   0.0    9    322   9091    0    0    0 180.56   45.83   1.22  41.36  92.14  64.05  43.00 100.05  20.00  82.05  57.05 100.00  56.05  49.00 100.00  57.05  1.95 GHz  0.80 GHz  3.38 GHz   N/A     
12:44:00  50.1   0.0   0.0  49.8   0.1    9    294   9099    0    0    0 176.34   43.65   1.22  39.17  92.29  64.05  43.00 100.05  20.00  82.05  57.05 100.00  56.05  49.00 100.00  57.05  1.81 GHz  0.80 GHz  3.40 GHz   N/A     
12:44:01  50.0   0.0   0.2  49.7   0.1    9    684   9321    2    2    2 177.38   44.25   1.23  39.79  92.11  64.05  44.00 100.05  20.00  82.05  57.05  99.00  56.05  49.00 100.00  57.05  2.60 GHz  0.80 GHz  3.48 GHz   N/A     
12:44:02  50.1   0.0   0.1  49.9   0.0    9    508   8996    0    0    0 180.38   45.72   1.23  41.26  92.17  64.05  44.00 100.05  20.00  82.05  57.05 100.00  56.05  49.00 100.00  57.05  1.81 GHz  0.80 GHz  3.40 GHz   N/A     
12:44:03  50.0   0.0   0.1  49.9   0.0    9    276   8896    0    0    0 180.90   45.96   1.22  41.55  92.16  64.05  44.00 100.05  20.00  82.05  57.05 100.00  56.05  49.00 100.00  57.05  1.81 GHz  0.80 GHz  3.40 GHz   N/A     
12:44:04  50.1   0.0   0.0  49.9   0.0    9    282   9021    0    0    0 169.55   40.37   1.22  35.88  92.08  64.05  43.00 100.05  20.00  82.05  57.05 100.00  56.05  49.00 100.00  57.05  1.80 GHz  0.80 GHz  3.40 GHz   N/A     
12:44:05  50.0   0.0   0.1  49.9   0.0    9    285   8979    0    0    0 182.69   46.86   1.22  42.41  92.20  64.05  43.00 100.05  20.00  82.05  57.05 100.00  56.05  49.00 100.00  57.05  1.81 GHz  0.80 GHz  3.40 GHz   N/A     
12:44:06  50.1   0.0   0.1  49.7   0.1    9    816   9376    2    2    2 174.13   42.54   1.23  38.07  92.30  64.05  44.00 100.05  20.00  82.05  57.05  99.00  56.05  49.00 100.00  57.05  2.56 GHz  0.80 GHz  3.40 GHz   N/A     
12:44:07  50.0   0.0   0.1  49.9   0.0    9    337   8904    0    0    0 182.51   46.63   1.22  42.18  92.48  64.05  44.00 100.05  20.00  82.05  57.05 100.00  56.05  49.00 100.00  57.05  1.81 GHz  0.80 GHz  3.40 GHz   N/A     
12:44:08  50.0   0.0   0.0  50.0   0.0    9    258   8868    0    0    0 173.46   42.28   1.22  37.83  92.13  64.05  43.00 100.05  20.00  82.05  57.05 100.00  56.05  49.00 100.00  57.05  1.81 GHz  0.80 GHz  3.40 GHz   N/A     
12:44:09  50.0   0.0   0.1  49.9   0.0    9    289   9340    0    0    0 174.26   42.46   1.22  38.20  92.37  64.05  43.00 100.05  20.00  83.05  57.05 100.00  56.05  49.00 100.00  57.05  1.78 GHz  0.80 GHz  3.31 GHz   N/A     
12:44:10  50.0   0.0   0.1  49.9   0.0    9    265   9255    0    0    0 177.66   44.63   1.22  40.00  91.80  64.05  43.00 100.05  20.00  83.05  57.05 100.00  56.05  49.00 100.00  57.05  1.81 GHz  0.80 GHz  3.40 GHz   N/A     
12:44:11  50.1   0.0   0.1  49.7   0.0    9    774   9724    2    2    2 173.73   42.55   1.23  38.10  91.85  64.05  43.00 100.05  20.00  82.05  57.05 100.00  56.05  49.00 100.00  57.05  2.37 GHz  0.80 GHz  3.40 GHz   N/A     
12:44:12  50.0   0.0   0.1  49.9   0.0    9    284   9167    0    0    0 181.21   46.31   1.22  41.86  91.82  64.05  42.00 100.05  20.00  82.05  57.05 100.00  56.05  49.00 100.00  57.05  1.97 GHz  0.80 GHz  3.40 GHz   N/A     
12:44:13  50.1   0.0   0.0  49.9   0.1    9    279   9297    0    0    0 178.64   44.83   1.22  40.35  92.24  64.05  45.00 100.05  20.00  82.05  57.05 100.00  56.05  49.00 100.00  57.05  1.80 GHz  0.80 GHz  3.40 GHz   N/A     
12:44:14  50.1   0.0   0.1  49.9   0.0    9    406  10178    0    0    0 179.06   45.30   1.22  40.85  91.69  64.05  43.00 100.05  20.00  82.05  57.05 100.00  56.05  49.00 100.00  57.05  2.12 GHz  0.80 GHz  3.40 GHz   N/A     
12:44:15  50.0   0.0   0.1  49.9   0.0    9    282   9601    0    0    0 174.45   43.08   1.22  38.64  91.51  64.05  43.00 100.05  20.00  82.05  57.05 100.00  56.05  49.00 100.00  57.05  1.81 GHz  0.80 GHz  3.40 GHz   N/A     
12:44:16  50.1   0.0   0.1  49.8   0.0    9    783   9898    2    2    2 179.50   45.43   1.23  40.98  91.87  64.05  43.00 100.05  20.00  82.05  57.05 100.00  56.05  49.00 100.00  57.05  2.53 GHz  0.80 GHz  3.40 GHz   N/A     
12:44:17  50.0   0.0   0.1  49.9   0.0    9    285  10035    0    0    0 176.11   43.72   1.22  39.25  91.92  64.05  43.00 100.05  20.00  82.05  57.05 100.00  56.05  49.00 100.00  57.05  1.81 GHz  0.80 GHz  3.40 GHz   N/A     
12:44:18  50.1   0.0   0.0  49.9   0.0    9    259   9290    0    0    0 180.42   45.81   1.22  41.36  92.02  64.05  43.00 100.05  20.00  82.05  57.05 100.00  56.05  49.00 100.00  57.05  1.80 GHz  0.80 GHz  3.40 GHz   N/A     
12:44:19  50.0   0.0   0.1  49.9   0.0    9    315   9236    1    0    0 182.97   47.02   1.22  42.57  92.15  64.05  44.00 100.05  20.00  82.05  57.05 100.00  56.05  49.00 100.00  57.05  1.81 GHz  0.80 GHz  3.40 GHz   N/A     
12:44:20  50.0   0.0   0.0  50.0   0.0    9    323   9404    0    0    7 179.70   45.42   1.22  40.97  92.08  64.05  43.00 100.05  20.00  82.05  57.05 100.00  56.05  49.00 100.00  57.05  1.81 GHz  0.80 GHz  3.40 GHz   N/A     
12:44:21  50.0   0.0   0.2  49.8   0.0    9    661   9157    2    2    2 179.97   45.63   1.23  41.18  91.94  64.05  43.00 100.05  20.00  82.05  57.05  99.00  56.05  49.00 100.00  57.05  2.57 GHz  0.80 GHz  3.40 GHz   N/A     
12:44:22  50.0   0.0   0.0  50.0   0.0    9    270   9347    0    0    0 176.78   43.81   1.22  39.33  92.41  64.05  42.00 100.05  20.00  82.05  57.05 100.00  56.05  49.00 100.00  57.05  1.95 GHz  0.80 GHz  3.39 GHz   N/A     
12:44:23  50.0   0.0   0.1  49.8   0.1    9    302   9493    0    0    0 182.71   46.79   1.22  42.31  92.38  64.05  44.00 100.05  20.00  82.05  57.05 100.00  56.05  49.00 100.00  57.05  1.78 GHz  0.80 GHz  3.40 GHz   N/A     
12:44:24  50.0   0.0   0.0  50.0   0.0    9    272   9440    0    0    0 182.51   46.98   1.22  42.52  91.79  64.05  43.00 100.05  20.00  82.05  57.05 100.00  56.05  49.00 100.00  57.05  1.81 GHz  0.80 GHz  3.40 GHz   N/A     
12:44:25  50.1   0.0   0.1  49.9   0.0    9    334   9381    1    0    0 179.66   45.28   1.22  40.81  92.35  64.05  44.00 100.05  20.00  82.05  57.05 100.00  56.05  49.00 100.00  57.05  1.81 GHz  0.80 GHz  3.40 GHz   N/A     
12:44:26  50.0   0.0   0.2  49.8   0.0    9    783   9600    2    2    2 173.13   42.48   1.23  38.03  91.39  64.05  44.00 100.05  20.00  82.05  57.05  99.00  56.05  49.00 100.00  57.05  2.31 GHz  0.80 GHz  3.37 GHz   N/A     
12:44:27  50.0   0.0   0.1  49.9   0.0    9    260   9233    0    0    0 181.55   46.43   1.22  41.98  91.91  64.05  43.00 100.05  20.00  82.05  57.05 100.00  56.05  49.00 100.00  57.05  1.78 GHz  0.80 GHz  3.40 GHz   N/A     
12:44:28  50.0   0.0   0.0  50.0   0.0    9    257   9196    0    0    0 179.58   45.42   1.22  41.28  91.66  64.05  44.00 100.05  20.00  82.05  57.05 100.00  56.05  49.00 100.00  57.05  1.81 GHz  0.80 GHz  3.40 GHz   N/A     
12:44:29  50.1   0.0   0.0  49.9   0.0    9    301   9537    0    0    4 179.69   45.68   1.22  40.93  91.85  64.05  43.00 100.05  20.00  82.05  57.05 100.00  56.05  49.00 100.00  57.05  1.80 GHz  0.80 GHz  3.40 GHz   N/A     
12:44:30  50.0   0.0   0.1  49.9   0.0    9    310   9429    0    0    1 181.19   46.19   1.22  41.71  92.06  64.05  43.00 100.05  20.00  82.05  57.05 100.00  56.05  49.00 100.00  57.05  1.81 GHz  0.80 GHz  3.40 GHz   N/A     
12:44:31  50.1   0.0   0.2  49.7   0.1    9    730   9992    2    2    2 174.31   42.94   1.23  38.46  91.69  64.05  44.00 100.05  20.00  82.05  58.05  99.00  56.05  49.00 100.00  57.05  2.57 GHz  0.80 GHz  3.40 GHz   N/A     
12:44:32  50.1   0.0   0.0  49.9   0.0    9    433   9399    0    0    0 170.96   41.23   1.23  36.77  91.74  64.05  43.00 100.05  20.00  82.05  58.05 100.00  56.05  49.00 100.00  57.05  1.78 GHz  0.80 GHz  3.41 GHz   N/A     
12:44:33  50.0   0.0   0.1  49.9   0.0    9    232   9444    0    0    0 173.23   42.39   1.22  37.94  91.67  64.05  44.00 100.05  20.00  82.05  57.05 100.00  56.05  49.00 100.00  57.05  3.40 GHz  3.35 GHz  3.41 GHz   N/A     
12:44:34  50.0   0.0   0.1  49.9   0.0    9    225   9558    0    0    0 172.40   41.96   1.22  37.51  91.69  64.05  43.00 100.05  20.00  82.05  57.05 100.00  56.05  49.00 100.00  57.05  1.81 GHz  0.80 GHz  3.40 GHz   N/A     
12:44:35  50.0   0.0   0.1  49.9   0.0    9    364   9719    0    0    1 170.42   40.81   1.22  36.34  92.05  64.05  43.00 100.05  20.00  83.05  58.05 100.00  56.05  49.00 100.00  57.05  1.80 GHz  0.80 GHz  3.40 GHz   N/A     
12:44:36  50.1   0.0   0.1  49.8   0.0    9    780   9357    2    2    2 180.48   45.98   1.23  41.53  91.75  64.05  43.00 100.05  20.00  83.05  58.05 100.00  56.05  49.00 100.00  57.05  2.59 GHz  0.80 GHz  3.40 GHz   N/A     
12:44:37  50.1   0.0   0.0  49.9   0.0    9    237   9370    0    0    0 169.15   40.40   1.22  35.95  91.59  64.05  43.00 100.05  20.00  82.05  57.05 100.00  56.05  49.00 100.00  57.05  1.81 GHz  0.80 GHz  3.40 GHz   N/A     
  Time    User  Nice   Sys  Idle    IO  Run Ctxt/s  IRQ/s Fork Exec Exit  Watts   pkg-0   dram   core   psys   SEN3 pch_co   B0D4 INT340   SEN2   SEN4 x86_pk   SEN5 iwlwif acpitz   SEN1  CPU Freq  Freq Min  Freq Max  GPU Freq
12:44:38  50.0   0.0   0.1  49.9   0.0    9    278   8992    0    0    0 176.39   43.96   1.22  39.52  91.69  64.05  43.00 100.05  20.00  82.05  57.05 100.00  56.05  49.00 100.00  57.05  1.81 GHz  0.80 GHz  3.40 GHz   N/A     
12:44:39  50.1   0.0   0.0  49.9   0.0    9    306   9041    0    0    0 171.92   41.76   1.23  37.30  91.63  64.05  44.00 100.05  20.00  82.05  58.05 100.00  56.05  49.00 100.00  57.05  1.80 GHz  0.80 GHz  3.40 GHz   N/A     
12:44:40  50.0   0.0   0.1  49.9   0.0    9    280   9146    0    0    0 173.36   42.43   1.22  37.97  91.74  64.05  45.00 100.05  20.00  82.05  58.05 100.00  56.05  49.00 100.00  57.05  1.81 GHz  0.80 GHz  3.40 GHz   N/A     
12:44:41  50.0   0.0   0.2  49.7   0.1    9    803   9386    2    2    2 173.89   42.66   1.23  38.19  91.81  64.05  44.00 100.05  20.00  82.05  57.05 100.00  56.05  49.00 100.00  57.05  2.54 GHz  0.80 GHz  3.40 GHz   N/A     
12:44:42  50.1   0.0   0.0  49.9   0.0    9    267  10054    0    0    0 175.36   43.53   1.22  39.08  91.51  64.05  44.00 100.05  20.00  82.05  57.05  99.00  56.05  49.00 100.00  57.05  1.78 GHz  0.80 GHz  3.30 GHz   N/A     
12:44:43  50.0   0.0   0.1  49.9   0.0    9    296   9628    0    0    1 176.89   44.09   1.22  39.93  91.65  64.05  43.00 100.05  20.00  82.05  57.05 100.00  56.05  49.00 100.00  57.05  1.81 GHz  0.80 GHz  3.41 GHz   N/A     
12:44:44  50.0   0.0   0.0  50.0   0.0    9    258   9207    0    0    0 169.22   40.56   1.22  35.83  91.61  64.05  43.00 100.05  20.00  82.05  57.05 100.00  56.05  49.00 100.00  57.05  1.81 GHz  0.80 GHz  3.40 GHz   N/A     
12:44:45  50.0   0.0   0.1  49.9   0.0    9    267   9543    0    0    0 169.73   40.82   1.23  36.37  91.32  64.05  44.00 100.05  20.00  82.05  57.05 100.00  56.05  49.00 100.00  57.05  1.95 GHz  0.80 GHz  3.40 GHz   N/A     
12:44:46  50.1   0.0   0.1  49.8   0.0    9    813   9677    2    2    2 167.75   39.73   1.23  35.28  91.51  64.05  43.00 100.05  20.00  82.05  57.05  99.00  56.05  49.00 100.00  57.05  2.35 GHz  0.80 GHz  3.40 GHz   N/A     
12:44:47  50.0   0.0   0.1  49.9   0.1    9    342   9577    0    0    0 177.04   43.97   1.22  39.48  92.37  64.05  43.00 100.05  20.00  82.05  57.05 100.00  56.05  49.00 100.00  57.05  1.80 GHz  0.80 GHz  3.40 GHz   N/A     
12:44:48  50.0   0.0   0.1  49.9   0.0    9    275   9809    0    0    0 176.61   44.00   1.22  39.55  91.83  64.05  43.00 100.05  20.00  82.05  57.05 100.00  56.05  49.00 100.00  57.05  1.81 GHz  0.80 GHz  3.40 GHz   N/A     
12:44:49  50.0   0.0   0.0  50.0   0.0    9    242   9630    0    0    0 171.85   41.61   1.22  37.15  91.86  64.05  43.00 100.05  20.00  82.05  57.05 100.00  56.05  49.00 100.00  57.05  1.81 GHz  0.80 GHz  3.40 GHz   N/A     
12:44:50  50.0   0.0   0.1  49.9   0.0    9    267   9678    0    0    0 173.03   42.40   1.22  37.95  91.45  64.05  45.00 100.05  20.00  82.05  57.05 100.00  56.05  49.00 100.00  57.05  1.81 GHz  0.80 GHz  3.40 GHz   N/A     
12:44:51  50.1   0.0   0.1  49.8   0.0    9    703  10428    2    2    2 172.00   41.86   1.23  37.40  91.52  64.05  44.00 100.05  20.00  82.05  57.05 100.00  56.05  49.00 100.00  57.05  2.58 GHz  0.80 GHz  3.40 GHz   N/A     
12:44:52  50.0   0.0   0.1  49.9   0.0    9    276   9598    0    0    0 175.95   43.41   1.22  38.91  92.40  64.05  45.00 100.05  20.00  82.05  57.05 100.00  56.05  49.00 100.00  57.05  1.98 GHz  0.80 GHz  3.47 GHz   N/A     
12:44:53  50.0   0.0   0.1  49.9   0.1    9    319   9083    0    0    0 179.07   45.15   1.22  40.68  92.02  64.05  43.00 100.05  20.00  82.05  57.05 100.00  56.05  49.00 100.00  57.05  1.80 GHz  0.80 GHz  3.40 GHz   N/A     
12:44:54  50.1   0.0   0.0  49.9   0.0    9    262   9127    0    0    0 186.37   49.02   1.22  44.56  91.56  64.05  44.00 100.05  20.00  82.05  57.05 100.00  56.05  49.00 100.00  57.05  1.78 GHz  0.80 GHz  3.40 GHz   N/A     
12:44:55  50.0   0.0   0.1  49.9   0.0    9    280   9183    0    0    0 176.33   44.07   1.22  39.62  91.41  64.05  43.00 100.05  20.00  82.05  57.05 100.00  56.05  49.00 100.00  57.05  1.80 GHz  0.80 GHz  3.40 GHz   N/A     
12:44:56  50.1   0.0   0.1  49.8   0.0    9    772   9711    2    2    2 167.97   39.97   1.23  35.52  91.26  64.05  42.00 100.05  20.00  82.05  58.05 100.00  56.05  49.00 100.00  57.05  3.14 GHz  0.80 GHz  3.49 GHz   N/A     
12:44:57  50.1   0.0   0.1  49.8   0.1    9    284  10158    0    0    0 181.96   46.75   1.23  42.28  91.70  64.05  43.00 100.05  20.00  82.05  58.05 100.00  56.05  49.00 100.00  57.05  1.83 GHz  0.80 GHz  3.49 GHz   N/A     
12:44:58  50.0   0.0   0.0  50.0   0.0    9    260   9689    0    0    0 175.96   43.67   1.22  39.19  91.89  64.05  45.00 100.05  20.00  82.05  58.05 100.00  56.05  49.00 100.00  57.05  1.94 GHz  0.80 GHz  3.38 GHz   N/A     
12:44:59  50.0   0.0   0.1  49.9   0.1    9    308   9416    0    0    0 169.50   40.50   1.22  36.02  91.75  64.05  43.00 100.05  20.00  82.05  58.05 100.00  56.05  49.00 100.00  57.05  1.98 GHz  0.80 GHz  3.40 GHz   N/A     
12:45:00  50.1   0.0   0.0  49.9   0.0    9    285   9550    0    0    0 171.81   41.76   1.22  37.31  91.51  64.05  43.00 100.05  20.00  82.05  57.05 100.00  56.05  49.00 100.00  57.05  2.16 GHz  0.80 GHz  3.40 GHz   N/A     
12:45:01  50.1   0.0   0.2  49.8   0.0    9    711   9934    2    2    2 180.91   46.11   1.23  41.63  91.94  64.05  43.00 100.05  20.00  82.05  57.05  99.00  56.05  49.00 100.00  57.05  2.79 GHz  0.80 GHz  3.40 GHz   N/A     
12:45:02  50.1   0.0   0.1  49.7   0.1    9    644  10376    3    2    3 174.65   42.96   1.23  38.48  91.97  64.05  43.00 100.05  20.00  82.05  57.05 100.00  56.05  49.00 100.00  57.05  1.81 GHz  0.80 GHz  3.40 GHz   N/A     
12:45:03  50.0   0.0   0.1  49.9   0.0    9    277   9580    0    0    0 180.05   45.95   1.22  41.50  91.38  64.05  44.00 100.05  20.00  82.05  57.05 100.00  56.05  49.00 100.00  57.05  1.81 GHz  0.80 GHz  3.40 GHz   N/A     
12:45:04  50.1   0.0   0.0  49.9   0.0    9    328   9985    0    0    2 177.97   45.09   1.22  40.63  91.02  64.05  44.00 100.05  20.00  82.05  57.05 100.00  56.05  49.00 100.00  57.05  1.98 GHz  0.80 GHz  3.40 GHz   N/A     
12:45:05  50.0   0.0   0.1  49.9   0.0    9    283   9825    0    0    0 177.00   44.51   1.22  40.05  91.22  64.05  45.00 100.05  20.00  82.05  57.05 100.00  56.05  49.00 100.00  57.05  1.81 GHz  0.80 GHz  3.40 GHz   N/A     
12:45:06  50.1   0.0   0.1  49.7   0.0    9    855   9856    2    2    2 177.55   44.52   1.23  40.05  91.75  64.05  43.00 100.05  20.00  82.05  57.05  99.00  56.05  49.00 100.00  57.05  2.15 GHz  0.80 GHz  3.40 GHz   N/A     
12:45:07  50.0   0.0   0.1  49.8   0.1    9    306   9900    0    0    0 177.58   44.38   1.22  39.90  92.07  64.05  43.00 100.05  20.00  82.05  57.05 100.00  56.05  49.00 100.00  57.05  1.81 GHz  0.80 GHz  3.40 GHz   N/A     
12:45:08  50.0   0.0   0.0  50.0   0.0    9    257   9211    0    0    0 179.13   45.46   1.22  41.01  91.43  64.05  43.00 100.05  20.00  82.05  57.05 100.00  56.05  49.00 100.00  57.05  1.98 GHz  0.80 GHz  3.40 GHz   N/A     
12:45:09  50.0   0.0   0.1  49.9   0.0    9    245   8981    0    0    0 183.69   47.70   1.22  43.24  91.53  64.05  43.00 100.05  20.00  82.05  57.05 100.00  56.05  49.00 100.00  57.05  1.78 GHz  0.80 GHz  3.33 GHz   N/A     
12:45:10  50.0   0.0   0.0  50.0   0.0    9    265   9110    0    0    0 170.27   40.80   1.22  36.33  91.92  64.05  43.00 100.05  20.00  82.05  57.05 100.00  56.05  49.00 100.00  57.05  1.78 GHz  0.80 GHz  3.34 GHz   N/A     
12:45:11  50.1   0.0   0.2  49.8   0.0    9    719  10249    2    2    2 179.68   45.53   1.23  41.05  91.87  64.05  44.00 100.05  20.00  82.05  57.05 100.00  56.05  49.00 100.00  57.05  2.32 GHz  0.80 GHz  3.40 GHz   N/A     
12:45:12  50.0   0.0   0.0  50.0   0.0    9    269   9625    0    0    0 184.54   48.15   1.22  43.70  91.47  64.05  43.00 100.05  20.00  82.05  58.05 100.00  56.05  49.00 100.00  57.05  1.65 GHz  0.80 GHz  3.40 GHz   N/A     
12:45:13  50.0   0.0   0.1  49.8   0.1    9    251   9432    0    0    0 169.27   40.42   1.22  35.94  91.69  64.05  44.00 100.05  20.00  82.05  58.05 100.00  56.05  49.00 100.00  57.05  1.80 GHz  0.80 GHz  3.40 GHz   N/A     
12:45:14  50.0   0.0   0.1  49.9   0.0    9    271   9087    0    0    0 176.61   44.23   1.22  39.77  91.39  64.05  43.00 100.05  20.00  82.05  58.05 100.00  56.05  49.00 100.00  57.05  1.80 GHz  0.80 GHz  3.40 GHz   N/A     
12:45:15  50.0   0.0   0.0  50.0   0.0    9    300   9261    0    0    0 187.45   49.58   1.22  45.13  91.53  64.05  44.00 100.05  20.00  82.05  58.05 100.00  56.05  49.00 100.00  57.05  1.81 GHz  0.80 GHz  3.40 GHz   N/A     
12:45:16  50.1   0.0   0.2  49.8   0.0    9    672  10159    2    2    2 172.88   42.28   1.23  37.83  91.55  64.05  43.00 100.05  20.00  82.05  57.05 100.00  56.05  49.00 100.00  57.05  3.37 GHz  3.31 GHz  3.40 GHz   N/A     
12:45:17  50.0   0.0   0.0  50.0   0.0    9    228   9136    0    0    0 175.61   43.77   1.22  39.32  91.30  64.05  43.00 100.05  20.00  82.05  57.05 100.00  56.05  49.00 100.00  57.05  1.97 GHz  0.80 GHz  3.40 GHz   N/A     
12:45:18  50.0   0.0   0.1  49.9   0.0    9    258   9189    0    0    0 164.81   38.26   1.22  33.81  91.52  64.05  43.00 100.05  20.00  82.05  57.05 100.00  56.05  49.00 100.00  57.05  1.94 GHz  0.80 GHz  3.37 GHz   N/A     
12:45:19  50.0   0.0   0.0  50.0   0.0    9    280   9541    0    0    0 183.04   47.33   1.22  42.88  91.61  64.05  44.00 100.05  20.00  82.05  57.05 100.00  56.05  49.00 100.00  57.05  1.80 GHz  0.80 GHz  3.40 GHz   N/A     
12:45:20  50.0   0.0   0.1  49.9   0.0    9    261   9531    0    0    0 172.94   42.34   1.22  37.89  91.49  64.05  43.00 100.05  20.00  82.05  57.05 100.00  56.05  49.00 100.00  57.05  1.81 GHz  0.80 GHz  3.40 GHz   N/A     
12:45:21  50.2   0.0   0.1  49.7   0.0    9    806   9668    2    2    2 177.89   44.79   1.23  40.34  91.53  64.05  44.00 100.05  20.00  82.05  57.05 100.00  56.05  49.00 100.00  57.05  2.59 GHz  0.80 GHz  3.40 GHz   N/A     
  Time    User  Nice   Sys  Idle    IO  Run Ctxt/s  IRQ/s Fork Exec Exit  Watts   pkg-0   dram   core   psys   SEN3 pch_co   B0D4 INT340   SEN2   SEN4 x86_pk   SEN5 iwlwif acpitz   SEN1  CPU Freq  Freq Min  Freq Max  GPU Freq
12:45:22  50.0   0.0   0.1  49.9   0.0    9    247   9824    0    0    0 177.67   44.83   1.22  40.38  91.23  64.05  42.00 100.05  20.00  82.05  57.05 100.00  56.05  49.00 100.00  57.05  1.78 GHz  0.80 GHz  3.30 GHz   N/A     
12:45:23  50.1   0.0   0.0  49.9   0.0    9    305   9575    0    0    0 166.75   39.33   1.22  34.88  91.32  64.05  44.00 100.05  20.00  82.05  57.05 100.00  56.05  49.00 100.00  57.05  1.81 GHz  0.80 GHz  3.40 GHz   N/A     
12:45:24  50.0   0.0   0.1  49.9   0.0    9    278  10342    0    0    0 177.64   44.60   1.22  40.13  91.69  64.05  43.00 100.05  20.00  82.05  57.05 100.00  56.05  49.00 100.00  57.05  1.81 GHz  0.80 GHz  3.40 GHz   N/A     
12:45:25  50.1   0.0   0.0  49.9   0.1    9    274   9583    0    0    0 175.33   43.36   1.22  38.89  91.85  64.05  43.00 100.05  20.00  82.05  57.05 100.00  56.05  49.00 100.00  57.05  1.79 GHz  0.80 GHz  3.38 GHz   N/A     
12:45:26  50.1   0.0   0.2  49.7   0.0    9    715  10171    3    2    2 177.28   44.39   1.23  39.91  91.75  64.05  44.00 100.05  20.00  82.05  57.05 100.00  56.05  49.00 100.00  57.05  2.32 GHz  0.80 GHz  3.40 GHz   N/A     
12:45:27  50.0   0.0   0.0  50.0   0.0    9    312   9239    0    0    0 171.47   41.71   1.22  37.26  91.28  64.05  43.00 100.05  20.00  82.05  57.05 100.00  56.05  49.00 100.00  57.05  1.78 GHz  0.80 GHz  3.30 GHz   N/A     
12:45:28  50.0   0.0   0.1  49.9   0.0    9    315   9265    0    0    0 176.03   43.62   1.22  39.15  92.03  64.05  43.00 100.05  20.00  82.05  57.05 100.00  56.05  49.00 100.00  57.05  1.80 GHz  0.80 GHz  3.40 GHz   N/A     
12:45:29  50.1   0.0   0.0  49.9   0.0    9    280   9454    0    0    0 176.45   43.99   1.22  39.54  91.71  64.05  44.00 100.05  20.00  82.05  57.05 100.00  56.05  49.00 100.00  57.05  1.81 GHz  0.80 GHz  3.43 GHz   N/A     
12:45:30  50.0   0.0   0.1  49.9   0.0    9    265   9136    0    0    0 173.17   42.47   1.22  38.03  91.44  64.05  43.00 100.05  20.00  82.05  58.05 100.00  56.05  49.00 100.00  57.05  1.62 GHz  0.80 GHz  3.30 GHz   N/A     
12:45:31  50.1   0.0   0.1  49.8   0.0    9    690   9376    2    2    2 174.38   42.93   1.23  38.46  91.76  64.05  43.00 100.05  20.00  82.05  58.05 100.00  56.05  49.00 100.00  57.05  2.58 GHz  0.80 GHz  3.40 GHz   N/A     
12:45:32  50.2   0.0   0.1  49.6   0.1    9   1425  10231    0    0    0 176.59   43.54   1.23  39.03  92.80  64.05  44.00 100.05  20.00  82.05  57.05  99.00  56.05  51.00 100.00  57.05  1.98 GHz  0.80 GHz  3.40 GHz   N/A     
12:45:33  50.1   0.0   0.1  49.7   0.1    9    587   9437    0    0    0 178.28   44.42   1.23  39.92  92.71  64.05  44.00 100.05  20.00  82.05  57.05 100.00  56.05  51.00 100.00  57.05  1.80 GHz  0.80 GHz  3.39 GHz   N/A     
12:45:34  50.0   0.0   0.0  50.0   0.0    9    312   9275    0    0    0 172.19   41.91   1.22  37.46  91.59  64.05  44.00 100.05  20.00  82.05  58.05 100.00  56.05  51.00 100.00  57.05  1.81 GHz  0.80 GHz  3.40 GHz   N/A     
12:45:35  50.0   0.0   0.1  49.9   0.0    9    368   9322    0    0    0 182.73   47.18   1.22  42.73  91.60  64.05  43.00 100.05  20.00  82.05  58.05 100.00  56.05  50.00 100.00  57.05  1.80 GHz  0.80 GHz  3.40 GHz   N/A     
12:45:36  50.1   0.0   0.1  49.8   0.0    9    702   9461    2    2    3 180.81   46.17   1.23  41.88  91.53  64.05  44.00 100.05  20.00  82.05  57.05 100.00  56.05  49.00 100.00  57.05  2.37 GHz  0.80 GHz  3.40 GHz   N/A     
12:45:37  50.0   0.0   0.1  50.0   0.0    9    277  10015    0    0    0 177.34   44.56   1.22  39.92  91.64  64.05  45.00 100.05  20.00  82.05  57.05 100.00  56.05  49.00 100.00  57.05  1.94 GHz  0.80 GHz  3.38 GHz   N/A     
12:45:38  50.0   0.0   0.0  50.0   0.0    9    266   9042    0    0    0 173.32   42.50   1.22  38.05  91.54  64.05  43.00 100.05  20.00  82.05  57.05 100.00  56.05  49.00 100.00  57.05  1.81 GHz  0.80 GHz  3.40 GHz   N/A     
12:45:39  50.0   0.0   0.1  49.9   0.1    9    321   9604    0    0    0 181.35   46.44   1.22  41.96  91.72  64.05  43.00 100.05  20.00  82.05  57.05 100.00  56.05  49.00 100.00  57.05  1.81 GHz  0.80 GHz  3.40 GHz   N/A     
12:45:40  50.1   0.0   0.0  49.9   0.0    9    266   9254    0    0    0 178.67   45.21   1.22  40.75  91.49  64.05  43.00 100.05  20.00  82.05  57.05 100.00  56.05  49.00 100.00  57.05  1.98 GHz  0.80 GHz  3.40 GHz   N/A     
12:45:41  50.1   0.0   0.2  49.8   0.0    9    783  10040    2    2    2 179.40   45.60   1.23  41.14  91.43  64.05  43.00 100.05  20.00  82.05  57.05  99.00  56.05  49.00 100.00  57.05  2.81 GHz  0.80 GHz  3.40 GHz   N/A     
12:45:42  50.1   0.0   0.0  49.9   0.0    9    285   9625    0    0    0 176.37   43.91   1.22  39.44  91.79  64.05  43.00 100.05  20.00  82.05  57.05 100.00  56.05  49.00 100.00  57.05  1.79 GHz  0.80 GHz  3.34 GHz   N/A     
12:45:43  50.0   0.0   0.1  49.9   0.0    9    258   9209    0    0    0 177.30   44.63   1.22  40.18  91.27  64.05  43.00 100.05  20.00  82.05  57.05 100.00  56.05  49.00 100.00  57.05  1.78 GHz  0.80 GHz  3.35 GHz   N/A     
12:45:44  50.1   0.0   0.0  49.9   0.0    9    292   9257    0    0    0 174.65   43.20   1.22  38.75  91.47  64.05  44.00 100.05  20.00  82.05  57.05 100.00  56.05  51.00 100.00  57.05  1.94 GHz  0.80 GHz  3.37 GHz   N/A     
12:45:45  50.0   0.0   0.1  49.9   0.1    9    288   9225    0    0    0 172.47   41.84   1.22  37.44  91.96  64.05  44.00 100.05  20.00  82.05  57.05 100.00  56.05  49.00 100.00  57.05  1.81 GHz  0.80 GHz  3.40 GHz   N/A     
12:45:46  50.1   0.0   0.1  49.8   0.0    9    674   9467    2    2    2 170.69   41.33   1.23  36.80  91.34  64.05  44.00 100.05  20.00  82.05  57.05  99.00  56.05  49.00 100.00  57.05  2.32 GHz  0.80 GHz  3.40 GHz   N/A     
12:45:47  50.0   0.0   0.1  49.9   0.0    9    299   9398    0    0    0 178.97   45.40   1.22  40.95  91.41  64.05  43.00 100.05  20.00  82.05  57.05 100.00  56.05  49.00 100.00  57.05  1.98 GHz  0.80 GHz  3.40 GHz   N/A     
12:45:48  50.1   0.0   0.0  49.9   0.0    9    258   9182    0    0    0 169.58   40.73   1.22  36.28  91.34  64.05  43.00 100.05  20.00  82.05  57.05 100.00  56.05  49.00 100.00  57.05  2.37 GHz  0.80 GHz  3.41 GHz   N/A     
12:45:49  50.0   0.0   0.1  49.9   0.0    9    237   9027    0    0    0 170.18   41.06   1.22  36.61  91.28  64.05  43.00 100.05  20.00  82.05  57.05 100.00  56.05  49.00 100.00  57.05  1.78 GHz  0.80 GHz  3.35 GHz   N/A     
12:45:50  50.0   0.0   0.0  50.0   0.0    9    288   9366    0    0    0 171.42   41.45   1.22  36.97  91.77  64.05  43.00 100.05  20.00  82.05  57.05 100.00  56.05  49.00 100.00  57.05  1.81 GHz  0.80 GHz  3.40 GHz   N/A     
12:45:51  50.0   0.0   0.2  49.7   0.1    9    706   9639    2    2    2 175.15   43.53   1.23  39.06  91.33  64.05  43.00 100.05  20.00  82.05  57.05  99.00  56.05  49.00 100.00  57.05  2.30 GHz  0.80 GHz  3.31 GHz   N/A     
12:45:52  50.1   0.0   0.0  49.9   0.0    9    251   8996    0    0    0 178.78   45.28   1.22  40.83  91.46  64.05  45.00 100.05  20.00  82.05  57.05 100.00  56.05  49.00 100.00  57.05  1.81 GHz  0.80 GHz  3.40 GHz   N/A     
12:45:53  50.0   0.0   0.1  49.9   0.0    9    246   9921    0    0    0 175.88   44.11   1.22  39.65  90.89  64.05  43.00 100.05  20.00  82.05  57.05 100.00  56.05  49.00 100.00  57.05  1.81 GHz  0.80 GHz  3.40 GHz   N/A     
12:45:54  50.0   0.0   0.0  50.0   0.0    9    253   9448    0    0    0 172.14   42.13   1.22  37.68  91.11  64.05  43.00 100.05  20.00  82.05  57.05 100.00  56.05  49.00 100.00  57.05  1.81 GHz  0.80 GHz  3.40 GHz   N/A     
12:45:55  50.0   0.0   0.1  49.9   0.1    9    312   9301    0    0    0 176.47   43.98   1.22  39.49  91.79  64.05  43.00 100.05  20.00  82.05  57.05 100.00  56.05  49.00 100.00  57.05  1.81 GHz  0.80 GHz  3.40 GHz   N/A     
12:45:56  50.0   0.0   0.2  49.8   0.0    9    774   9703    2    2    2 169.83   40.82   1.23  36.36  91.43  64.05  43.00 100.05  20.00  82.05  57.05 100.00  56.05  49.00 100.00  57.05  2.53 GHz  0.80 GHz  3.30 GHz   N/A     
12:45:57  50.1   0.0   0.0  49.9   0.0    9    246   9231    0    0    0 174.81   43.48   1.22  39.02  91.09  64.05  44.00 100.05  20.00  82.05  57.05 100.00  56.05  49.00 100.00  57.05  1.95 GHz  0.80 GHz  3.40 GHz   N/A     
12:45:58  50.0   0.0   0.1  49.9   0.0    9    304   9489    0    0    0 176.32   44.20   1.22  39.75  91.15  64.05  43.00 100.05  20.00  82.05  58.05 100.00  56.05  50.00 100.00  57.05  1.76 GHz  0.80 GHz  3.30 GHz   N/A     
12:45:59  50.0   0.0   0.1  49.9   0.0    9    263  10047    0    0    0 169.62   40.85   1.22  36.40  91.15  64.05  43.00 100.05  20.00  82.05  58.05 100.00  56.05  49.00 100.00  57.05  1.78 GHz  0.80 GHz  3.31 GHz   N/A     
12:46:00  50.1   0.0   0.0  49.9   0.1    9    285   9502    0    0    0 175.66   43.72   1.22  39.25  91.47  64.05  43.00 100.05  20.00  82.05  57.05 100.00  56.05  49.00 100.00  57.05  1.78 GHz  0.80 GHz  3.30 GHz   N/A     
12:46:01  50.1   0.0   0.2  49.8   0.0    9    685   9479    2    2    2 174.74   43.00   1.23  38.52  92.00  64.05  43.00 100.05  20.00  82.05  57.05 100.00  56.05  49.00 100.00  57.05  2.78 GHz  0.80 GHz  3.39 GHz   N/A     
12:46:02  50.1   0.0   0.1  49.9   0.0    9    507  10051    0    0    0 174.56   43.16   1.23  38.70  91.48  65.05  43.00 100.05  20.00  82.05  58.05 100.00  56.05  49.00 100.00  57.05  1.98 GHz  0.80 GHz  3.40 GHz   N/A     
12:46:03  50.0   0.0   0.0  50.0   0.0    9    294   9689    0    0    0 174.41   43.07   1.22  38.59  91.52  65.05  44.00 100.05  20.00  82.05  58.05 100.00  56.05  49.00 100.00  57.05  1.79 GHz  0.80 GHz  3.36 GHz   N/A     
12:46:04  50.0   0.0   0.0  50.0   0.0    9    272   9453    0    0    0 183.48   47.40   1.22  43.37  91.48  64.05  43.00 100.05  20.00  82.05  58.05 100.00  56.05  49.00 100.00  57.05  1.97 GHz  0.80 GHz  3.41 GHz   N/A     
12:46:05  50.0   0.0   0.1  49.9   0.0    9    270   9340    0    0    0 172.96   42.68   1.22  37.78  91.29  64.05  43.00 100.05  20.00  82.05  58.05 100.00  56.05  49.00 100.00  57.05  1.78 GHz  0.80 GHz  3.30 GHz   N/A     
  Time    User  Nice   Sys  Idle    IO  Run Ctxt/s  IRQ/s Fork Exec Exit  Watts   pkg-0   dram   core   psys   SEN3 pch_co   B0D4 INT340   SEN2   SEN4 x86_pk   SEN5 iwlwif acpitz   SEN1  CPU Freq  Freq Min  Freq Max  GPU Freq
12:46:06  50.1   0.0   0.1  49.8   0.0    9    787   9795    2    2    2 171.32   41.78   1.23  37.33  90.99  65.05  44.00 100.05  20.00  83.05  57.05 100.00  56.05  49.00 100.00  57.05  2.76 GHz  0.80 GHz  3.31 GHz   N/A     
12:46:07  50.0   0.0   0.1  49.9   0.0    9    346   9419    0    0    0 167.93   40.10   1.22  35.65  90.96  65.05  44.00 100.05  20.00  83.05  57.05 100.00  56.05  49.00 100.00  57.05  1.78 GHz  0.80 GHz  3.30 GHz   N/A     
12:46:08  50.0   0.0   0.1  49.9   0.0    9    295   9450    0    0    0 166.75   39.28   1.22  34.80  91.44  65.05  43.00 100.05  20.00  83.05  57.05 100.00  56.05  49.00 100.00  57.05  1.77 GHz  0.80 GHz  3.30 GHz   N/A     
12:46:09  50.0   0.0   0.0  49.9   0.1    9    281   9377    0    0    0 173.46   42.68   1.22  38.20  91.35  65.05  43.00 100.05  20.00  83.05  57.05 100.00  56.05  49.00 100.00  57.05  1.78 GHz  0.80 GHz  3.40 GHz   N/A     
-------- ----- ----- ----- ----- ----- ---- ------ ------ ---- ---- ---- ------  ------ ------ ------ ------ ------ ------ ------ ------ ------ ------ ------ ------ ------ ------ ------ --------- --------- --------- ---------
 Average  50.0   0.0   0.1  50.0   0.0  9.0  432.8 9502.2  0.5  0.4  0.5 184.37   46.45   1.22  42.00  94.69  61.62  42.57  99.41  20.00  79.61  56.93  99.92  55.24  48.49  99.36  56.06  2.03 GHz  0.84 GHz  3.47 GHz   N/A     
 GeoMean  49.9   0.0   0.0  49.9   0.0  9.0  360.1 9494.7  0.0  0.0  0.0 183.81   46.20   1.22  41.72  94.55  61.44  42.56  99.23  20.00  79.37  56.93  99.92  55.23  48.48  99.18  56.05  2.00 GHz  0.82 GHz  3.46 GHz   N/A     
  StdDev   1.4   0.0   0.1   1.3   0.0  0.0  658.3  379.1  1.0  0.8  0.9  15.20    5.13   0.00   5.14   5.32   4.39   1.01   4.95   0.00   5.70   0.47   0.27   1.02   0.96   4.95   1.21  0.36 GHz  0.32 GHz  0.14 GHz   N/A     
-------- ----- ----- ----- ----- ----- ---- ------ ------ ---- ---- ---- ------  ------ ------ ------ ------ ------ ------ ------ ------ ------ ------ ------ ------ ------ ------ ------ --------- --------- --------- ---------
 Minimum  22.8   0.0   0.0  49.5   0.0  9.0  225.0 8736.0  0.0  0.0  0.0 145.81   35.19   1.22  30.94  78.44  46.05  40.00  51.05  20.00  48.05  56.05  99.00  53.05  47.00  51.00  51.05  1.62 GHz  0.80 GHz  3.30 GHz   N/A     
 Maximum  50.3   0.0   0.4  76.8   0.2  9.0 12631.0 11106.0  9.0  5.0  7.0 258.35   70.83   1.25  66.42 120.25  65.05  45.00 100.05  20.00  83.05  58.05 100.00  56.05  53.00 100.00  57.05  3.59 GHz  3.57 GHz  4.20 GHz   N/A     
-------- ----- ----- ----- ----- ----- ---- ------ ------ ---- ---- ---- ------  ------ ------ ------ ------ ------ ------ ------ ------ ------ ------ ------ ------ ------ ------ ------ --------- --------- --------- ---------
Summary:
CPU: 184.37 Watts on average with standard deviation 15.20 
Note: power read from RAPL domains: pkg-0, dram, core, psys.
These readings do not cover all the hardware in this device.

C-State    Resident      Count Latency 
C3_ACPI     47.492%     355117    1034
C2_ACPI      2.358%     158432     151
C1_ACPI      0.110%      38856       1
POLL         0.000%       1910       0
C0          50.040%

Histogram (of 400 power measurements)

  Range (Watts)   Count
145.814 - 157.067     1 
157.068 - 168.321     6 #
168.322 - 179.575   181 ########################################
179.576 - 190.829   143 ###############################
190.830 - 202.082    29 ######
202.083 - 213.336    16 ###
213.337 - 224.590     9 #
224.591 - 235.844     5 #
235.845 - 247.098     7 #
247.099 - 258.352     3 

Histogram (of 400 CPU utilization measurements)

 Range (%CPU)   Count
23.188 - 25.921     1 
25.922 - 28.655     0 
28.656 - 31.390     0 
31.391 - 34.124     0 
34.125 - 36.859     0 
36.860 - 39.593     0 
39.594 - 42.328     0 
42.329 - 45.062     0 
45.063 - 47.797     0 
47.798 - 50.531   399 ########################################

Histogram (of 400 CPU average frequencies)

Range (GHz)   Count
1.625 - 1.821   171 ########################################
1.822 - 2.017   118 ###########################
2.018 - 2.214    23 #####
2.215 - 2.411    22 #####
2.412 - 2.608    36 ########
2.609 - 2.804    14 ###
2.805 - 3.001     5 #
3.002 - 3.198     5 #
3.199 - 3.394     1 
3.395 - 3.591     5 #

Histogram (of 400 thermal zone SEN3 readings)

 Range (°C)    Count
46.050 - 47.949    13 ##
47.950 - 49.849     6 #
49.850 - 51.749     8 #
51.750 - 53.649     7 #
53.650 - 55.549     8 #
55.550 - 57.449    12 ##
57.450 - 59.349    16 ###
59.350 - 61.249    26 #####
61.250 - 63.149   103 ####################
63.150 - 65.049   201 ########################################

Histogram (of 400 thermal zone pch_cometlake readings)

 Range (°C)    Count
40.000 - 40.499     5 #
40.500 - 40.999    67 ##############
41.000 - 41.499     0 
41.500 - 41.999    90 ####################
42.000 - 42.499     0 
42.500 - 42.999   180 ########################################
43.000 - 43.499     0 
43.500 - 43.999    50 ###########
44.000 - 44.499     0 
44.500 - 44.999     8 #

Histogram (of 400 thermal zone B0D4 readings)

  Range (°C)     Count
 51.050 -  55.949     3 
 55.950 -  60.849     0 
 60.850 -  65.749     0 
 65.750 -  70.649     2 
 70.650 -  75.549     0 
 75.550 -  80.449     0 
 80.450 -  85.349     2 
 85.350 -  90.249     0 
 90.250 -  95.149     0 
 95.150 - 100.049   393 ########################################

Range is zero, cannot produce histogram of thermal zone INT3400 Thermal

Histogram (of 400 thermal zone SEN2 readings)

 Range (°C)    Count
48.050 - 51.549     3 
51.550 - 55.049     2 
55.050 - 58.549     4 
58.550 - 62.049     6 
62.050 - 65.549     4 
65.550 - 69.049     8 #
69.050 - 72.549     7 
72.550 - 76.049    18 ##
76.050 - 79.549    30 ###
79.550 - 83.049   318 ########################################

Histogram (of 400 thermal zone SEN4 readings)

 Range (°C)    Count
56.050 - 56.249    70 #########
56.250 - 56.449     0 
56.450 - 56.649     0 
56.650 - 56.849     0 
56.850 - 57.049   306 ########################################
57.050 - 57.249     0 
57.250 - 57.449     0 
57.450 - 57.649     0 
57.650 - 57.849     0 
57.850 - 58.049    24 ###

Histogram (of 400 thermal zone x86_pkg_temp readings)

  Range (°C)     Count
 99.000 -  99.099    32 ###
 99.100 -  99.199     0 
 99.200 -  99.299     0 
 99.300 -  99.399     0 
 99.400 -  99.499     0 
 99.500 -  99.599     0 
 99.600 -  99.699     0 
 99.700 -  99.799     0 
 99.800 -  99.899     0 
 99.900 -  99.999   368 ########################################

Histogram (of 400 thermal zone SEN5 readings)

 Range (°C)    Count
53.050 - 53.349    41 #######
53.350 - 53.649     0 
53.650 - 53.949     0 
53.950 - 54.249    55 ##########
54.250 - 54.549     0 
54.550 - 54.849     0 
54.850 - 55.149    90 ################
55.150 - 55.449     0 
55.450 - 55.749     0 
55.750 - 56.049   214 ########################################

Histogram (of 400 thermal zone iwlwifi_1 readings)

 Range (°C)    Count
47.000 - 47.599    80 ##############
47.600 - 48.199    77 #############
48.200 - 48.799     0 
48.800 - 49.399   226 ########################################
49.400 - 49.999     4 
50.000 - 50.599     0 
50.600 - 51.199    10 #
51.200 - 51.799     0 
51.800 - 52.399     2 
52.400 - 52.999     1 

Histogram (of 400 thermal zone acpitz readings)

  Range (°C)     Count
 51.000 -  55.899     3 
 55.900 -  60.799     0 
 60.800 -  65.699     0 
 65.700 -  70.599     2 
 70.600 -  75.499     0 
 75.500 -  80.399     0 
 80.400 -  85.299     2 
 85.300 -  90.199     0 
 90.200 -  95.099     0 
 95.100 -  99.999   393 ########################################

Histogram (of 400 thermal zone SEN1 readings)

 Range (°C)    Count
51.050 - 51.649     5 #
51.650 - 52.249     6 #
52.250 - 52.849     0 
52.850 - 53.449     8 #
53.450 - 54.049    21 #####
54.050 - 54.649     0 
54.650 - 55.249    44 ##########
55.250 - 55.849     0 
55.850 - 56.449   153 #####################################
56.450 - 57.049   163 ########################################
